Whole Person Physiome Table for Immune and Lymphatic System,,,,,,,,,,,,,,,,,,,,,,,,,,,,,,,,,,,,,,,,,,,,,,,,,,,,,,,,,,,,,,,,,,,,,,,,,,,,,,,,,,,,,,,,,,,,,,,,,,,,,
,,,,,,,,,,,,,,,,,,,,,,,,,,,,,,,,,,,,,,,,,,,,,,,,,,,,,,,,,,,,,,,,,,,,,,,,,,,,,,,,,,,,,,,,,,,,,,,,,,,,,
Author Name(s):,Jacob C. Scherba,Minyan Zhu,,,,,,,,,,,,,,,,,,,,,,,,,,,,,,,,,,,,,,,,,,,,,,,,,,,,,,,,,,,,,,,,,,,,,,,,,,,,,,,,,,,,,,,,,,,,,,,,,,,
Author ORCID(s):,0000-0001-8187-0507,0000-0002-1868-3896,,,,,,,,,,,,,,,,,,,,,,,,,,,,,,,,,,,,,,,,,,,,,,,,,,,,,,,,,,,,,,,,,,,,,,,,,,,,,,,,,,,,,,,,,,,,,,,,,,,
Reviewer Name(s):,David Hill,,,,,,,,,,,,,,,,,,,,,,,,,,,,,,,,,,,,,,,,,,,,,,,,,,,,,,,,,,,,,,,,,,,,,,,,,,,,,,,,,,,,,,,,,,,,,,,,,,,,
Reviewer ORCID(s):,0000-0001-9286-4268,,,,,,,,,,,,,,,,,,,,,,,,,,,,,,,,,,,,,,,,,,,,,,,,,,,,,,,,,,,,,,,,,,,,,,,,,,,,,,,,,,,,,,,,,,,,,,,,,,,,
General Publication(s):,,,,,,,,,,,,,,,,,,,,,,,,,,,,,,,,,,,,,,,,,,,,,,,,,,,,,,,,,,,,,,,,,,,,,,,,,,,,,,,,,,,,,,,,,,,,,,,,,,,,,
Data DOI:,,,,,,,,,,,,,,,,,,,,,,,,,,,,,,,,,,,,,,,,,,,,,,,,,,,,,,,,,,,,,,,,,,,,,,,,,,,,,,,,,,,,,,,,,,,,,,,,,,,,,
Date:,8/6/2026,,,,,,,,,,,,,,,,,,,,,,,,,,,,,,,,,,,,,,,,,,,,,,,,,,,,,,,,,,,,,,,,,,,,,,,,,,,,,,,,,,,,,,,,,,,,,,,,,,,,
Version Number:,v1.0,,,,,,,,,,,,,,,,,,,,,,,,,,,,,,,,,,,,,,,,,,,,,,,,,,,,,,,,,,,,,,,,,,,,,,,,,,,,,,,,,,,,,,,,,,,,,,,,,,,,
Physiological Function,,,,,,,,,,,,,,,,,,,,,,,,,Physiological Process,,,,,,,,,,,,,,,,,,,,,,,,Scales of Effect,,,Clinical Metrics,,,,,,,,,,,,Interacting Functions,,,,,,,,,,,,Reference Material,,,,,,,,,,,,Common Data Elements,,,,,,,,,,,,,
"List physiological functions as a hierarchy, starting with the body system in Function/1 (this should be the same as the table name), a major life function in Function/2, and more specific functions in subsequent columns. Add more columns if needed. Place limited explanatory text if needed in FunctionNotes. Each function should include a ID from Gene Ontology (GO) if possible or another standard ontology. The LABEL column is the label for that ID as it appears in that ontology.",,,,,,,,,,,,,,,,,,,,,,,,,"Provide a very brief description (a few words) of the specific processes that occur during the corresponding function (e.g., a chemical reaction, physical change, feedback loop, etc.) in the Process column. Enter whether the Effector is a cell, tissue, or organ. Provide the anatomical location of the Effector in EffectorLocation along with the associated UBERON ID, if avaialble. Enter the Effector and its UBERON ID in the following columns. See Glossary for detailed instructions on tabulating the Signal, Effect, Behavior, Behavior X, Behavior Y, and X Target columns.",,,,,,,,,,,,,,,,,,,,,,,Enter notes here from primary texts on quantitative information available for the processes denoted to the left,"Indicate the time scale category for this process: milliseconds, seconds, minutes, hours, days, weeks, years.","Indicate the signal scale category for this process: autocrine, paracrine, intra-organ, circulatory, systemic","Indicate the signal scale category for this process: autocrine, paracrine, intra-organ, circulatory, systemic","OPTIONAL FOR NOW. List clinical measures, such as laboratory tests, vital signs, or radiology studies, related to the physiological function. These columns are simple lists and are NOT hierarchical. Include an ID for the measurement, such as a LOINC code, if known. Add more columns if needed.",,,,,,,,,,,,"OPTIONAL FOR NOW. List other interacting physiological functions. These columns are simple lists and NOT hierarchical. Add more columns if needed. For the LABEL and ID columns, use Gene Ontology (GO) if possible.",,,,,,,,,,,,"REQUIRED. Enter references in support of the information on this row. The ID column should include a standard identifier, such as a DOI or ISBN. The optional CHAPTER column should be used to list the relevant chapters in a book. The optional NOTES column can be used to clarify which part of the row the reference is for, such as a reference about the anatomical structures involved in the function rather than the interactions. Add more sets of reference columns if needed, making sure to include the ID column.",,,,,,,,,,,,"REQUIRED IF AVAILABLE. For each row, enter any corresponding common data elements (CDEs) that relate to the process.  Add more sets of CDE columns if needed, making sure to include the ID column.",,,,,,,,,,,,,
Function/1,Function/1/LABEL,Function/1/ID,Function/2,Function/2/LABEL,Function/2/ID,Function/3,Function/3/LABEL,Function/3/ID,Function/4,Function/4/LABEL,Function/4/ID,Function/5,Function/5/LABEL,Function/5/ID,Function/6,Function/6/LABEL,Function/6/ID,Function/7,Function/7/LABEL,Function/7/ID,Function/8,Function/8/LABEL,Function/8/ID,FunctionNotes,Process,EffectorScale,EffectorLocation,EffectorLocation/LABEL,EffectorLocation/ID,Effector,Effector/LABEL,Effector/ID,Signal,Signal/LABEL,Signal/ID,Effect,Behavior,Behavior X,Behavior X/LABEL,Behavior X/ID,Behavior Y,Behavior Y/LABEL,Behavior Y/ID,Behavior Z,Behavior Z/LABEL,Behavior Z/ID,X Target,QuantitativeNotes,TimeScale,SignalScale,EffectScale,ClinicalMeasure/1,ClinicalMeasure/1/LABEL,ClinicalMeasure/1/ID,ClinicalMeasure/2,ClinicalMeasure/2/LABEL,ClinicalMeasure/2/ID,ClinicalMeasure/3,ClinicalMeasure/3/LABEL,ClinicalMeasure/3/ID,ClinicalMeasure/4,ClinicalMeasure/4/LABEL,ClinicalMeasure/4/ID,Interaction/1,Interaction/1/LABEL,Interaction/1/ID,Interaction/2,Interaction/2/LABEL,Interaction/2/ID,Interaction/3,Interaction/3/LABEL,Interaction/3/ID,Interaction/4,Interaction/4/LABEL,Interaction/4/ID,REF/1,REF/1/ID,REF/1/CHAPTER,REF/1/NOTES,REF/2,REF/2/ID,REF/2/CHAPTER,REF/2/NOTES,REF/3,REF/3/ID,REF/3/CHAPTER,REF/3/NOTES,CDE/1,CDE/1/ID,CDE/2,CDE/2/ID,CDE/3,CDE/3/ID,CDE/4,CDE/4/ID,CDE/5,CDE/5/ID,CDE/6,CDE/6/ID,CDE/7,CDE/7/ID
immune system,immune system process,GO:0002376,innate immunity,innate immune response,GO:0045087,phagocyte effector function,leukocyte mediated immunity,GO:0002443,neutrophil recruitment and killing,neutrophil mediated immunity,GO:0002446,,,,,,,,,,,,,the most abundant leukocyte and the shortest-lived; production rises to over 10^11 cells/day in infection,Neutrophils leave the circulation and accumulate at sites of infection or tissue injury,cell,blood,blood,UBERON:0000178,neutrophil,neutrophil,CL:0000775,,,,does,transport of X from Y to Z,neutrophil,,,blood,,,inflamed tissue,,,"[1500, 8000]","units = cells/uL blood; 40-70% of circulating leukocytes; circulating half-life 6-12 h; first cells to arrive, within 1-6 h",hours,,systemic,complete blood count with differential,CBC panel - Blood by Automated count,LOINC:58410-2,C-reactive protein,C reactive protein [Mass/volume] in Serum or Plasma,LOINC:1988-5,,,,,,,inflammatory response,inflammatory response,GO:0006954,complement activation,complement activation,GO:0006956,adaptive immunity,adaptive immune response,GO:0002250,,,,"Cellular & Molecular Immunology, 11th Edition (2023)",9780443283581,"2, 4",,,,,,,,,,,,,,,,,,,,,,,
immune system,immune system process,GO:0002376,innate immunity,innate immune response,GO:0045087,phagocyte effector function,leukocyte mediated immunity,GO:0002443,neutrophil recruitment and killing,neutrophil mediated immunity,GO:0002446,,,,,,,,,,,,,,,cell,blood,blood,UBERON:0000178,neutrophil,neutrophil,CL:0000775,CXCL8,,,increases,transport of X from Y to Z,neutrophil,,,blood,,,inflamed tissue,,,,,minutes-hours,paracrine,intra-organ,complete blood count with differential,CBC panel - Blood by Automated count,LOINC:58410-2,C-reactive protein,C reactive protein [Mass/volume] in Serum or Plasma,LOINC:1988-5,,,,,,,inflammatory response,inflammatory response,GO:0006954,complement activation,complement activation,GO:0006956,adaptive immunity,adaptive immune response,GO:0002250,,,,"Cellular & Molecular Immunology, 11th Edition (2023)",9780443283581,"2, 4",,,,,,,,,,,,,,,,,,,,,,,
immune system,immune system process,GO:0002376,innate immunity,innate immune response,GO:0045087,phagocyte effector function,leukocyte mediated immunity,GO:0002443,neutrophil recruitment and killing,neutrophil mediated immunity,GO:0002446,,,,,,,,,,,,,,,cell,blood,blood,UBERON:0000178,neutrophil,neutrophil,CL:0000775,complement C5a,,,increases,transport of X from Y to Z,neutrophil,,,blood,,,inflamed tissue,,,,,minutes,circulatory,intra-organ,complete blood count with differential,CBC panel - Blood by Automated count,LOINC:58410-2,C-reactive protein,C reactive protein [Mass/volume] in Serum or Plasma,LOINC:1988-5,,,,,,,inflammatory response,inflammatory response,GO:0006954,complement activation,complement activation,GO:0006956,adaptive immunity,adaptive immune response,GO:0002250,,,,"Cellular & Molecular Immunology, 11th Edition (2023)",9780443283581,"2, 4",,,,,,,,,,,,,,,,,,,,,,,
immune system,immune system process,GO:0002376,innate immunity,innate immune response,GO:0045087,phagocyte effector function,leukocyte mediated immunity,GO:0002443,neutrophil recruitment and killing,neutrophil mediated immunity,GO:0002446,,,,,,,,,,,,,,,cell,blood,blood,UBERON:0000178,neutrophil,neutrophil,CL:0000775,bacterial N-formyl peptides,,,increases,transport of X from Y to Z,neutrophil,,,blood,,,inflamed tissue,,,,,minutes,intra-organ,intra-organ,complete blood count with differential,CBC panel - Blood by Automated count,LOINC:58410-2,C-reactive protein,C reactive protein [Mass/volume] in Serum or Plasma,LOINC:1988-5,,,,,,,inflammatory response,inflammatory response,GO:0006954,complement activation,complement activation,GO:0006956,adaptive immunity,adaptive immune response,GO:0002250,,,,"Cellular & Molecular Immunology, 11th Edition (2023)",9780443283581,"2, 4",,,,,,,,,,,,,,,,,,,,,,,
immune system,immune system process,GO:0002376,innate immunity,innate immune response,GO:0045087,phagocyte effector function,leukocyte mediated immunity,GO:0002443,neutrophil recruitment and killing,neutrophil mediated immunity,GO:0002446,,,,,,,,,,,,,,Neutrophils engulf microbes into phagosomes for intracellular destruction,cell,immune system,immune system,UBERON:0002405,neutrophil,neutrophil,CL:0000775,,,,does,X uptake,microorganisms,,,,,,,,,,phagosome-lysosome fusion within minutes of engulfment,minutes,,intra-organ,complete blood count with differential,CBC panel - Blood by Automated count,LOINC:58410-2,C-reactive protein,C reactive protein [Mass/volume] in Serum or Plasma,LOINC:1988-5,,,,,,,inflammatory response,inflammatory response,GO:0006954,complement activation,complement activation,GO:0006956,adaptive immunity,adaptive immune response,GO:0002250,,,,"Cellular & Molecular Immunology, 11th Edition (2023)",9780443283581,"2, 4",,,,,,,,,,,,,,,,,,,,,,,
immune system,immune system process,GO:0002376,innate immunity,innate immune response,GO:0045087,phagocyte effector function,leukocyte mediated immunity,GO:0002443,neutrophil recruitment and killing,neutrophil mediated immunity,GO:0002446,,,,,,,,,,,,,,,cell,immune system,immune system,UBERON:0002405,neutrophil,neutrophil,CL:0000775,immunoglobulin G,,,increases,X uptake,microorganisms,,,,,,,,,,Fc gamma receptor-mediated; opsonisation raises uptake efficiency by orders of magnitude,minutes,circulatory,intra-organ,complete blood count with differential,CBC panel - Blood by Automated count,LOINC:58410-2,C-reactive protein,C reactive protein [Mass/volume] in Serum or Plasma,LOINC:1988-5,,,,,,,inflammatory response,inflammatory response,GO:0006954,complement activation,complement activation,GO:0006956,adaptive immunity,adaptive immune response,GO:0002250,,,,"Cellular & Molecular Immunology, 11th Edition (2023)",9780443283581,"2, 4",,,,,,,,,,,,,,,,,,,,,,,
immune system,immune system process,GO:0002376,innate immunity,innate immune response,GO:0045087,phagocyte effector function,leukocyte mediated immunity,GO:0002443,neutrophil recruitment and killing,neutrophil mediated immunity,GO:0002446,,,,,,,,,,,,,,,cell,immune system,immune system,UBERON:0002405,neutrophil,neutrophil,CL:0000775,complement C3b,,,increases,X uptake,microorganisms,,,,,,,,,,complement receptor 1 and 3 mediated,minutes,circulatory,intra-organ,complete blood count with differential,CBC panel - Blood by Automated count,LOINC:58410-2,C-reactive protein,C reactive protein [Mass/volume] in Serum or Plasma,LOINC:1988-5,,,,,,,inflammatory response,inflammatory response,GO:0006954,complement activation,complement activation,GO:0006956,adaptive immunity,adaptive immune response,GO:0002250,,,,"Cellular & Molecular Immunology, 11th Edition (2023)",9780443283581,"2, 4",,,,,,,,,,,,,,,,,,,,,,,
immune system,immune system process,GO:0002376,innate immunity,innate immune response,GO:0045087,phagocyte effector function,leukocyte mediated immunity,GO:0002443,neutrophil recruitment and killing,neutrophil mediated immunity,GO:0002446,,,,,,,,,,,,,,The phagocyte oxidase generates microbicidal reactive oxygen species within the phagolysosome,cell,immune system,immune system,UBERON:0002405,neutrophil,neutrophil,CL:0000775,,,,does,X secretion,reactive oxygen species,,,,,,,,,,"NADPH oxidase respiratory burst generating superoxide, hydrogen peroxide and hypochlorite; absent in chronic granulomatous disease",minutes,,intra-organ,complete blood count with differential,CBC panel - Blood by Automated count,LOINC:58410-2,C-reactive protein,C reactive protein [Mass/volume] in Serum or Plasma,LOINC:1988-5,,,,,,,inflammatory response,inflammatory response,GO:0006954,complement activation,complement activation,GO:0006956,adaptive immunity,adaptive immune response,GO:0002250,,,,"Cellular & Molecular Immunology, 11th Edition (2023)",9780443283581,"2, 4",,,,,,,,,,,,,,,,,,,,,,,
immune system,immune system process,GO:0002376,innate immunity,innate immune response,GO:0045087,phagocyte effector function,leukocyte mediated immunity,GO:0002443,neutrophil recruitment and killing,neutrophil mediated immunity,GO:0002446,,,,,,,,,,,,,,Neutrophil granules discharge proteases and antimicrobial proteins into the phagolysosome and extracellular space,cell,immune system,immune system,UBERON:0002405,neutrophil,neutrophil,CL:0000775,,,,does,X secretion,granule proteases,,,,,,,,,,"elastase, cathepsin G, myeloperoxidase and lactoferrin; also damage host tissue",minutes,,intra-organ,complete blood count with differential,CBC panel - Blood by Automated count,LOINC:58410-2,C-reactive protein,C reactive protein [Mass/volume] in Serum or Plasma,LOINC:1988-5,,,,,,,inflammatory response,inflammatory response,GO:0006954,complement activation,complement activation,GO:0006956,adaptive immunity,adaptive immune response,GO:0002250,,,,"Cellular & Molecular Immunology, 11th Edition (2023)",9780443283581,"2, 4",,,,,,,,,,,,,,,,,,,,,,,
immune system,immune system process,GO:0002376,innate immunity,innate immune response,GO:0045087,phagocyte effector function,leukocyte mediated immunity,GO:0002443,neutrophil recruitment and killing,neutrophil mediated immunity,GO:0002446,,,,,,,,,,,,,"NETs trap extracellular organisms but also expose self nucleic acids, a proposed link to lupus and to thrombosis",Neutrophils extrude chromatin-based traps that immobilise and kill extracellular microbes,cell,immune system,immune system,UBERON:0002405,neutrophil,neutrophil,CL:0000775,,,,does,X secretion,neutrophil extracellular traps,,,,,,,,,,decondensed chromatin studded with granule proteins; PAD4-dependent and usually lethal to the neutrophil,hours,,intra-organ,complete blood count with differential,CBC panel - Blood by Automated count,LOINC:58410-2,C-reactive protein,C reactive protein [Mass/volume] in Serum or Plasma,LOINC:1988-5,,,,,,,inflammatory response,inflammatory response,GO:0006954,complement activation,complement activation,GO:0006956,adaptive immunity,adaptive immune response,GO:0002250,,,,"Cellular & Molecular Immunology, 11th Edition (2023)",9780443283581,"2, 4",,,,,,,,,,,,,,,,,,,,,,,
immune system,immune system process,GO:0002376,innate immunity,innate immune response,GO:0045087,phagocyte effector function,leukocyte mediated immunity,GO:0002443,macrophage activation and cytokine output,macrophage activation,GO:0042116,,,,,,,,,,,,,pattern recognition receptor engagement is represented here as a signal on the responding cell rather than as a sensing behavior of its own,Macrophages phagocytose microbes and sustain the cellular phase of innate defense,cell,immune system,immune system,UBERON:0002405,macrophage,macrophage,CL:0000235,,,,does,X uptake,microorganisms,,,,,,,,,,"longer-lived than neutrophils, persisting for weeks to months at inflammatory sites",minutes-hours,,intra-organ,C-reactive protein,C reactive protein [Mass/volume] in Serum or Plasma,LOINC:1988-5,complete blood count with differential,CBC panel - Blood by Automated count,LOINC:58410-2,,,,,,,inflammatory response,inflammatory response,GO:0006954,T-helper 1 response,T-helper 1 type immune response,GO:0042088,peripheral tolerance,tolerance induction,GO:0002507,,,,"Cellular & Molecular Immunology, 11th Edition (2023)",9780443283581,"2, 4",,,,,,,,,,,,,,,,,,,,,,,
immune system,immune system process,GO:0002376,innate immunity,innate immune response,GO:0045087,phagocyte effector function,leukocyte mediated immunity,GO:0002443,macrophage activation and cytokine output,macrophage activation,GO:0042116,,,,,,,,,,,,,clearance of apoptotic cells actively suppresses inflammation and initiates repair,Tissue macrophages clear apoptotic cells and debris without provoking inflammation,cell,immune system,immune system,UBERON:0002405,macrophage,macrophage,CL:0000235,,,,does,X uptake,apoptotic cells,,,,,,,,,,"efferocytosis; phosphatidylserine recognition, and non-inflammatory by design",hours,,intra-organ,C-reactive protein,C reactive protein [Mass/volume] in Serum or Plasma,LOINC:1988-5,complete blood count with differential,CBC panel - Blood by Automated count,LOINC:58410-2,,,,,,,inflammatory response,inflammatory response,GO:0006954,T-helper 1 response,T-helper 1 type immune response,GO:0042088,peripheral tolerance,tolerance induction,GO:0002507,,,,"Cellular & Molecular Immunology, 11th Edition (2023)",9780443283581,"2, 4",,,,,,,,,,,,,,,,,,,,,,,
immune system,immune system process,GO:0002376,innate immunity,innate immune response,GO:0045087,phagocyte effector function,leukocyte mediated immunity,GO:0002443,macrophage activation and cytokine output,macrophage activation,GO:0042116,,,,,,,,,,,,,,Activated macrophages release the cytokines that initiate and amplify acute inflammation,cell,immune system,immune system,UBERON:0002405,macrophage,macrophage,CL:0000235,,,,does,X secretion,tumor necrosis factor,,,,,,,,,,the dominant early mediator of acute inflammation; at high systemic levels produces septic shock,minutes-hours,,paracrine,C-reactive protein,C reactive protein [Mass/volume] in Serum or Plasma,LOINC:1988-5,complete blood count with differential,CBC panel - Blood by Automated count,LOINC:58410-2,,,,,,,inflammatory response,inflammatory response,GO:0006954,T-helper 1 response,T-helper 1 type immune response,GO:0042088,peripheral tolerance,tolerance induction,GO:0002507,,,,"Cellular & Molecular Immunology, 11th Edition (2023)",9780443283581,"2, 4",,,,,,,,,,,,,,,,,,,,,,,
immune system,immune system process,GO:0002376,innate immunity,innate immune response,GO:0045087,phagocyte effector function,leukocyte mediated immunity,GO:0002443,macrophage activation and cytokine output,macrophage activation,GO:0042116,,,,,,,,,,,,,,,cell,immune system,immune system,UBERON:0002405,macrophage,macrophage,CL:0000235,lipopolysaccharide,,,increases,X secretion,tumor necrosis factor,,,,,,,,,,TLR4-dependent; the pathway summarised rather than given separate intracellular rows,minutes,intra-organ,paracrine,C-reactive protein,C reactive protein [Mass/volume] in Serum or Plasma,LOINC:1988-5,complete blood count with differential,CBC panel - Blood by Automated count,LOINC:58410-2,,,,,,,inflammatory response,inflammatory response,GO:0006954,T-helper 1 response,T-helper 1 type immune response,GO:0042088,peripheral tolerance,tolerance induction,GO:0002507,,,,"Cellular & Molecular Immunology, 11th Edition (2023)",9780443283581,"2, 4",,,,,,,,,,,,,,,,,,,,,,,
immune system,immune system process,GO:0002376,innate immunity,innate immune response,GO:0045087,phagocyte effector function,leukocyte mediated immunity,GO:0002443,macrophage activation and cytokine output,macrophage activation,GO:0042116,,,,,,,,,,,,,,,cell,immune system,immune system,UBERON:0002405,macrophage,macrophage,CL:0000235,interleukin 10,,,decreases,X secretion,tumor necrosis factor,,,,,,,,,,,hours,paracrine,paracrine,C-reactive protein,C reactive protein [Mass/volume] in Serum or Plasma,LOINC:1988-5,complete blood count with differential,CBC panel - Blood by Automated count,LOINC:58410-2,,,,,,,inflammatory response,inflammatory response,GO:0006954,T-helper 1 response,T-helper 1 type immune response,GO:0042088,peripheral tolerance,tolerance induction,GO:0002507,,,,"Cellular & Molecular Immunology, 11th Edition (2023)",9780443283581,"2, 4",,,,,,,,,,,,,,,,,,,,,,,
immune system,immune system process,GO:0002376,innate immunity,innate immune response,GO:0045087,phagocyte effector function,leukocyte mediated immunity,GO:0002443,macrophage activation and cytokine output,macrophage activation,GO:0042116,,,,,,,,,,,,,,Macrophage IL-6 links local infection to the systemic acute phase response,cell,immune system,immune system,UBERON:0002405,macrophage,macrophage,CL:0000235,,,,does,X secretion,interleukin 6,,,,,,,,,,drives the hepatic acute phase response and Th17 differentiation,hours,,circulatory,C-reactive protein,C reactive protein [Mass/volume] in Serum or Plasma,LOINC:1988-5,complete blood count with differential,CBC panel - Blood by Automated count,LOINC:58410-2,,,,,,,inflammatory response,inflammatory response,GO:0006954,T-helper 1 response,T-helper 1 type immune response,GO:0042088,peripheral tolerance,tolerance induction,GO:0002507,,,,"Cellular & Molecular Immunology, 11th Edition (2023)",9780443283581,"2, 4",,,,,,,,,,,,,,,,,,,,,,,
immune system,immune system process,GO:0002376,innate immunity,innate immune response,GO:0045087,phagocyte effector function,leukocyte mediated immunity,GO:0002443,macrophage activation and cytokine output,macrophage activation,GO:0042116,,,,,,,,,,,,,,Macrophage and dendritic cell IL-12 steers the adaptive response toward type 1 immunity,cell,immune system,immune system,UBERON:0002405,macrophage,macrophage,CL:0000235,,,,does,X secretion,interleukin 12,,,,,,,,,,,hours,,paracrine,C-reactive protein,C reactive protein [Mass/volume] in Serum or Plasma,LOINC:1988-5,complete blood count with differential,CBC panel - Blood by Automated count,LOINC:58410-2,,,,,,,inflammatory response,inflammatory response,GO:0006954,T-helper 1 response,T-helper 1 type immune response,GO:0042088,peripheral tolerance,tolerance induction,GO:0002507,,,,"Cellular & Molecular Immunology, 11th Edition (2023)",9780443283581,"2, 4",,,,,,,,,,,,,,,,,,,,,,,
immune system,immune system process,GO:0002376,innate immunity,innate immune response,GO:0045087,phagocyte effector function,leukocyte mediated immunity,GO:0002443,macrophage activation and cytokine output,macrophage activation,GO:0042116,,,,,,,,,,,,,,,cell,immune system,immune system,UBERON:0002405,macrophage,macrophage,CL:0000235,interferon gamma,,,increases,X secretion,interleukin 12,,,,,,,,,,the amplification loop between Th1 cells and macrophages,hours,paracrine,paracrine,C-reactive protein,C reactive protein [Mass/volume] in Serum or Plasma,LOINC:1988-5,complete blood count with differential,CBC panel - Blood by Automated count,LOINC:58410-2,,,,,,,inflammatory response,inflammatory response,GO:0006954,T-helper 1 response,T-helper 1 type immune response,GO:0042088,peripheral tolerance,tolerance induction,GO:0002507,,,,"Cellular & Molecular Immunology, 11th Edition (2023)",9780443283581,"2, 4",,,,,,,,,,,,,,,,,,,,,,,
immune system,immune system process,GO:0002376,innate immunity,innate immune response,GO:0045087,phagocyte effector function,leukocyte mediated immunity,GO:0002443,macrophage activation and cytokine output,macrophage activation,GO:0042116,,,,,,,,,,,,,"IL-1 beta release requires both a priming transcriptional signal and a separate inflammasome-activating signal, which is why it is tightly restricted",Inflammasome-dependent proteolysis converts stored pro-IL-1 beta into an active cytokine,cell,immune system,immune system,UBERON:0002405,macrophage,macrophage,CL:0000235,,,,does,X conversion to Y,pro-interleukin 1 beta,,,interleukin 1 beta,,,,,,,inflammasome-assembled caspase-1 cleaves the inactive precursor; requires two signals,minutes,,paracrine,C-reactive protein,C reactive protein [Mass/volume] in Serum or Plasma,LOINC:1988-5,complete blood count with differential,CBC panel - Blood by Automated count,LOINC:58410-2,,,,,,,inflammatory response,inflammatory response,GO:0006954,T-helper 1 response,T-helper 1 type immune response,GO:0042088,peripheral tolerance,tolerance induction,GO:0002507,,,,"Cellular & Molecular Immunology, 11th Edition (2023)",9780443283581,"2, 4",,,,,,,,,,,,,,,,,,,,,,,
immune system,immune system process,GO:0002376,innate immunity,innate immune response,GO:0045087,phagocyte effector function,leukocyte mediated immunity,GO:0002443,macrophage activation and cytokine output,macrophage activation,GO:0042116,,,,,,,,,,,,,,,cell,immune system,immune system,UBERON:0002405,macrophage,macrophage,CL:0000235,urate crystals,,,increases,X conversion to Y,pro-interleukin 1 beta,,,interleukin 1 beta,,,,,,,"also triggered by ATP, silica, alum and pore-forming toxins; the mechanism of gout",minutes,intra-organ,paracrine,C-reactive protein,C reactive protein [Mass/volume] in Serum or Plasma,LOINC:1988-5,complete blood count with differential,CBC panel - Blood by Automated count,LOINC:58410-2,,,,,,,inflammatory response,inflammatory response,GO:0006954,T-helper 1 response,T-helper 1 type immune response,GO:0042088,peripheral tolerance,tolerance induction,GO:0002507,,,,"Cellular & Molecular Immunology, 11th Edition (2023)",9780443283581,"2, 4",,,,,,,,,,,,,,,,,,,,,,,
immune system,immune system process,GO:0002376,innate immunity,innate immune response,GO:0045087,phagocyte effector function,leukocyte mediated immunity,GO:0002443,macrophage activation and cytokine output,macrophage activation,GO:0042116,,,,,,,,,,,,,,Classically activated macrophages generate reactive nitrogen species for intracellular killing,cell,immune system,immune system,UBERON:0002405,macrophage,macrophage,CL:0000235,,,,does,X secretion,nitric oxide,,,,,,,,,,inducible nitric oxide synthase; synergises with reactive oxygen species to form peroxynitrite,hours,,intra-organ,C-reactive protein,C reactive protein [Mass/volume] in Serum or Plasma,LOINC:1988-5,complete blood count with differential,CBC panel - Blood by Automated count,LOINC:58410-2,,,,,,,inflammatory response,inflammatory response,GO:0006954,T-helper 1 response,T-helper 1 type immune response,GO:0042088,peripheral tolerance,tolerance induction,GO:0002507,,,,"Cellular & Molecular Immunology, 11th Edition (2023)",9780443283581,"2, 4",,,,,,,,,,,,,,,,,,,,,,,
immune system,immune system process,GO:0002376,innate immunity,innate immune response,GO:0045087,phagocyte effector function,leukocyte mediated immunity,GO:0002443,macrophage activation and cytokine output,macrophage activation,GO:0042116,,,,,,,,,,,,,,,cell,immune system,immune system,UBERON:0002405,macrophage,macrophage,CL:0000235,interferon gamma,,,increases,X secretion,nitric oxide,,,,,,,,,,requires concurrent TLR engagement; the basis of Th1-dependent control of intracellular organisms,hours,paracrine,intra-organ,C-reactive protein,C reactive protein [Mass/volume] in Serum or Plasma,LOINC:1988-5,complete blood count with differential,CBC panel - Blood by Automated count,LOINC:58410-2,,,,,,,inflammatory response,inflammatory response,GO:0006954,T-helper 1 response,T-helper 1 type immune response,GO:0042088,peripheral tolerance,tolerance induction,GO:0002507,,,,"Cellular & Molecular Immunology, 11th Edition (2023)",9780443283581,"2, 4",,,,,,,,,,,,,,,,,,,,,,,
immune system,immune system process,GO:0002376,innate immunity,innate immune response,GO:0045087,phagocyte effector function,leukocyte mediated immunity,GO:0002443,macrophage activation and cytokine output,macrophage activation,GO:0042116,,,,,,,,,,,,,the same cell type either destroys tissue or repairs it depending on the cytokine context it meets,,cell,immune system,immune system,UBERON:0002405,macrophage,macrophage,CL:0000235,interleukin 4,,,increases,X secretion,transforming growth factor beta,,,,,,,,,,"alternative activation; promotes angiogenesis, collagen deposition and fibrosis",days,paracrine,intra-organ,C-reactive protein,C reactive protein [Mass/volume] in Serum or Plasma,LOINC:1988-5,complete blood count with differential,CBC panel - Blood by Automated count,LOINC:58410-2,,,,,,,inflammatory response,inflammatory response,GO:0006954,T-helper 1 response,T-helper 1 type immune response,GO:0042088,peripheral tolerance,tolerance induction,GO:0002507,,,,"Cellular & Molecular Immunology, 11th Edition (2023)",9780443283581,"2, 4",,,,,,,,,,,,,,,,,,,,,,,
immune system,immune system process,GO:0002376,innate immunity,innate immune response,GO:0045087,granulocyte and mast cell effector function,leukocyte mediated immunity,GO:0002443,mediator release,type I hypersensitivity mediated by mast cells,GO:0002558,,,,,,,,,,,,,"mast cells sit at barrier surfaces armed in advance with IgE, which is why their responses are immediate rather than induced",Mast cell degranulation releases preformed vasoactive mediators into the tissue,cell,immune system,immune system,UBERON:0002405,mast cell,mast cell,CL:0000097,,,,does,X secretion,histamine and proteases,,,,,,,,,,preformed granule contents released within seconds of triggering,seconds,,paracrine,complete blood count with differential,CBC panel - Blood by Automated count,LOINC:58410-2,serum IgE,,,,,,,,,type 2 immunity,T-helper 2 cell cytokine production,GO:0035745,inflammatory response,inflammatory response,GO:0006954,helminth defense,,,,,,"Cellular & Molecular Immunology, 11th Edition (2023)",9780443283581,2,,,,,,,,,,,,,,,,,,,,,,,
immune system,immune system process,GO:0002376,innate immunity,innate immune response,GO:0045087,granulocyte and mast cell effector function,leukocyte mediated immunity,GO:0002443,mediator release,type I hypersensitivity mediated by mast cells,GO:0002558,,,,,,,,,,,,,,,cell,immune system,immune system,UBERON:0002405,mast cell,mast cell,CL:0000097,allergen cross-linked IgE,,,increases,X secretion,histamine and proteases,,,,,,,,,,high-affinity FcepsilonRI; the effector arm of immediate hypersensitivity and anaphylaxis,seconds,circulatory,paracrine,complete blood count with differential,CBC panel - Blood by Automated count,LOINC:58410-2,serum IgE,,,,,,,,,type 2 immunity,T-helper 2 cell cytokine production,GO:0035745,inflammatory response,inflammatory response,GO:0006954,helminth defense,,,,,,"Cellular & Molecular Immunology, 11th Edition (2023)",9780443283581,2,,,,,,,,,,,,,,,,,,,,,,,
immune system,immune system process,GO:0002376,innate immunity,innate immune response,GO:0045087,granulocyte and mast cell effector function,leukocyte mediated immunity,GO:0002443,mediator release,type I hypersensitivity mediated by mast cells,GO:0002558,,,,,,,,,,,,,,Mast cells synthesise lipid mediators minutes after activation,cell,immune system,immune system,UBERON:0002405,mast cell,mast cell,CL:0000097,,,,does,X secretion,leukotrienes and prostaglandins,,,,,,,,,,newly synthesised over minutes; account for the late-phase bronchoconstriction of asthma,minutes,,paracrine,complete blood count with differential,CBC panel - Blood by Automated count,LOINC:58410-2,serum IgE,,,,,,,,,type 2 immunity,T-helper 2 cell cytokine production,GO:0035745,inflammatory response,inflammatory response,GO:0006954,helminth defense,,,,,,"Cellular & Molecular Immunology, 11th Edition (2023)",9780443283581,2,,,,,,,,,,,,,,,,,,,,,,,
immune system,immune system process,GO:0002376,innate immunity,innate immune response,GO:0045087,granulocyte and mast cell effector function,leukocyte mediated immunity,GO:0002443,mediator release,type I hypersensitivity mediated by mast cells,GO:0002558,,,,,,,,,,,,,,Eosinophil granule proteins damage the surface of parasites too large to phagocytose,cell,immune system,immune system,UBERON:0002405,eosinophil,eosinophil,CL:0000771,,,,does,X secretion,major basic protein and cationic proteins,,,,,,,,,,normally under 500 cells/uL; toxic to helminths and to host epithelium alike,minutes-hours,,intra-organ,complete blood count with differential,CBC panel - Blood by Automated count,LOINC:58410-2,serum IgE,,,,,,,,,type 2 immunity,T-helper 2 cell cytokine production,GO:0035745,inflammatory response,inflammatory response,GO:0006954,helminth defense,,,,,,"Cellular & Molecular Immunology, 11th Edition (2023)",9780443283581,2,,,,,,,,,,,,,,,,,,,,,,,
immune system,immune system process,GO:0002376,innate immunity,innate immune response,GO:0045087,granulocyte and mast cell effector function,leukocyte mediated immunity,GO:0002443,mediator release,type I hypersensitivity mediated by mast cells,GO:0002558,,,,,,,,,,,,,,,cell,immune system,immune system,UBERON:0002405,eosinophil,eosinophil,CL:0000771,interleukin 5,,,increases,X secretion,major basic protein and cationic proteins,,,,,,,,,,,hours,paracrine,intra-organ,complete blood count with differential,CBC panel - Blood by Automated count,LOINC:58410-2,serum IgE,,,,,,,,,type 2 immunity,T-helper 2 cell cytokine production,GO:0035745,inflammatory response,inflammatory response,GO:0006954,helminth defense,,,,,,"Cellular & Molecular Immunology, 11th Edition (2023)",9780443283581,2,,,,,,,,,,,,,,,,,,,,,,,
immune system,immune system process,GO:0002376,innate immunity,innate immune response,GO:0045087,granulocyte and mast cell effector function,leukocyte mediated immunity,GO:0002443,mediator release,type I hypersensitivity mediated by mast cells,GO:0002558,,,,,,,,,,,,,,Circulating basophils release mast cell-like mediators on IgE cross-linking,cell,immune system,immune system,UBERON:0002405,basophil,basophil,CL:0000767,allergen cross-linked IgE,,,increases,X secretion,histamine,,,,,,,,,,under 1% of blood leukocytes; functionally overlaps mast cells but circulates,seconds-minutes,circulatory,paracrine,complete blood count with differential,CBC panel - Blood by Automated count,LOINC:58410-2,serum IgE,,,,,,,,,type 2 immunity,T-helper 2 cell cytokine production,GO:0035745,inflammatory response,inflammatory response,GO:0006954,helminth defense,,,,,,"Cellular & Molecular Immunology, 11th Edition (2023)",9780443283581,2,,,,,,,,,,,,,,,,,,,,,,,
immune system,immune system process,GO:0002376,innate immunity,innate immune response,GO:0045087,natural killer cell function,natural killer cell mediated immunity,GO:0002228,cytotoxicity and interferon production,cell killing,GO:0001906,,,,,,,,,,,,,"GRAMMAR NOTE: cytotoxicity has no term in the current set, so killing is represented as directed granule secretion; this is the third recurring gap after pacemaking and induced cell death",NK cells release cytotoxic granules onto virus-infected and stressed target cells,cell,blood,blood,UBERON:0000178,natural killer cell,natural killer cell,CL:0000623,,,,does,X secretion,perforin and granzymes,,,,,,,,,,"about 10% of blood lymphocytes; kills without prior sensitisation, within hours of infection",minutes-hours,,paracrine,complete blood count with differential,CBC panel - Blood by Automated count,LOINC:58410-2,,,,,,,,,,MHC class I expression,,,antibody-dependent cytotoxicity,,,viral infection,,,,,,"Cellular & Molecular Immunology, 11th Edition (2023)",9780443283581,4,,,,,,,,,,,,,,,,,,,,,,,
immune system,immune system process,GO:0002376,innate immunity,innate immune response,GO:0045087,natural killer cell function,natural killer cell mediated immunity,GO:0002228,cytotoxicity and interferon production,cell killing,GO:0001906,,,,,,,,,,,,,"the missing-self principle: NK cells attack what has lost its normal identity markers, the complement of T cell recognition",,cell,blood,blood,UBERON:0000178,natural killer cell,natural killer cell,CL:0000623,MHC class I,,,decreases,X secretion,perforin and granzymes,,,,,,,,,,inhibitory KIR and NKG2A engagement; loss of class I on infected or tumour cells releases the brake,minutes,paracrine,paracrine,complete blood count with differential,CBC panel - Blood by Automated count,LOINC:58410-2,,,,,,,,,,MHC class I expression,,,antibody-dependent cytotoxicity,,,viral infection,,,,,,"Cellular & Molecular Immunology, 11th Edition (2023)",9780443283581,4,,,,,,,,,,,,,,,,,,,,,,,
immune system,immune system process,GO:0002376,innate immunity,innate immune response,GO:0045087,natural killer cell function,natural killer cell mediated immunity,GO:0002228,cytotoxicity and interferon production,cell killing,GO:0001906,,,,,,,,,,,,,,,cell,blood,blood,UBERON:0000178,natural killer cell,natural killer cell,CL:0000623,MICA and ULBP stress ligands,,,increases,X secretion,perforin and granzymes,,,,,,,,,,"NKG2D-mediated; induced by DNA damage, heat shock and infection",minutes,paracrine,paracrine,complete blood count with differential,CBC panel - Blood by Automated count,LOINC:58410-2,,,,,,,,,,MHC class I expression,,,antibody-dependent cytotoxicity,,,viral infection,,,,,,"Cellular & Molecular Immunology, 11th Edition (2023)",9780443283581,4,,,,,,,,,,,,,,,,,,,,,,,
immune system,immune system process,GO:0002376,innate immunity,innate immune response,GO:0045087,natural killer cell function,natural killer cell mediated immunity,GO:0002228,cytotoxicity and interferon production,cell killing,GO:0001906,,,,,,,,,,,,,,,cell,blood,blood,UBERON:0000178,natural killer cell,natural killer cell,CL:0000623,immunoglobulin G,,,increases,X secretion,perforin and granzymes,,,,,,,,,,CD16-mediated antibody-dependent cellular cytotoxicity; the mechanism of several therapeutic antibodies,minutes-hours,circulatory,paracrine,complete blood count with differential,CBC panel - Blood by Automated count,LOINC:58410-2,,,,,,,,,,MHC class I expression,,,antibody-dependent cytotoxicity,,,viral infection,,,,,,"Cellular & Molecular Immunology, 11th Edition (2023)",9780443283581,4,,,,,,,,,,,,,,,,,,,,,,,
immune system,immune system process,GO:0002376,innate immunity,innate immune response,GO:0045087,natural killer cell function,natural killer cell mediated immunity,GO:0002228,cytotoxicity and interferon production,cell killing,GO:0001906,,,,,,,,,,,,,,NK-derived interferon gamma activates macrophages before T cells are available,cell,blood,blood,UBERON:0000178,natural killer cell,natural killer cell,CL:0000623,,,,does,X secretion,interferon gamma,,,,,,,,,,,hours,,paracrine,complete blood count with differential,CBC panel - Blood by Automated count,LOINC:58410-2,,,,,,,,,,MHC class I expression,,,antibody-dependent cytotoxicity,,,viral infection,,,,,,"Cellular & Molecular Immunology, 11th Edition (2023)",9780443283581,4,,,,,,,,,,,,,,,,,,,,,,,
immune system,immune system process,GO:0002376,innate immunity,innate immune response,GO:0045087,natural killer cell function,natural killer cell mediated immunity,GO:0002228,cytotoxicity and interferon production,cell killing,GO:0001906,,,,,,,,,,,,,,,cell,blood,blood,UBERON:0000178,natural killer cell,natural killer cell,CL:0000623,interleukin 12,,,increases,X secretion,interferon gamma,,,,,,,,,,the macrophage-NK amplification loop of early infection,hours,paracrine,paracrine,complete blood count with differential,CBC panel - Blood by Automated count,LOINC:58410-2,,,,,,,,,,MHC class I expression,,,antibody-dependent cytotoxicity,,,viral infection,,,,,,"Cellular & Molecular Immunology, 11th Edition (2023)",9780443283581,4,,,,,,,,,,,,,,,,,,,,,,,
immune system,immune system process,GO:0002376,innate immunity,innate immune response,GO:0045087,innate lymphoid cell function,innate immune response,GO:0045087,barrier cytokine production,cytokine production,GO:0001816,,,,,,,,,,,,,,ILC2s supply type 2 cytokines at barrier surfaces before adaptive immunity engages,cell,immune system,immune system,UBERON:0002405,group 2 innate lymphoid cell,group 2 innate lymphoid cell,CL:0001069,,,,does,X secretion,interleukin 5 and interleukin 13,,,,,,,,,,"the innate counterpart of Th2 cells, pre-positioned at barriers and acting without antigen receptors",hours,,paracrine,complete blood count with differential,CBC panel - Blood by Automated count,LOINC:58410-2,,,,,,,,,,epithelial alarmins,,,type 2 immunity,T-helper 2 cell cytokine production,GO:0035745,gut microbiota,,,,,,"Cellular & Molecular Immunology, 11th Edition (2023)",9780443283581,4,,,,,,,,,,,,,,,,,,,,,,,
immune system,immune system process,GO:0002376,innate immunity,innate immune response,GO:0045087,innate lymphoid cell function,innate immune response,GO:0045087,barrier cytokine production,cytokine production,GO:0001816,,,,,,,,,,,,,,,cell,immune system,immune system,UBERON:0002405,group 2 innate lymphoid cell,group 2 innate lymphoid cell,CL:0001069,interleukin 33,,,increases,X secretion,interleukin 5 and interleukin 13,,,,,,,,,,also IL-25 and TSLP; the epithelial alarmins released on damage,hours,paracrine,paracrine,complete blood count with differential,CBC panel - Blood by Automated count,LOINC:58410-2,,,,,,,,,,epithelial alarmins,,,type 2 immunity,T-helper 2 cell cytokine production,GO:0035745,gut microbiota,,,,,,"Cellular & Molecular Immunology, 11th Edition (2023)",9780443283581,4,,,,,,,,,,,,,,,,,,,,,,,
immune system,immune system process,GO:0002376,innate immunity,innate immune response,GO:0045087,innate lymphoid cell function,innate immune response,GO:0045087,barrier cytokine production,cytokine production,GO:0001816,,,,,,,,,,,,,,ILC3-derived IL-22 maintains mucosal epithelial defense,cell,immune system,immune system,UBERON:0002405,group 3 innate lymphoid cell,group 3 innate lymphoid cell,CL:0001071,,,,does,X secretion,interleukin 22,,,,,,,,,,sustains epithelial antimicrobial peptide production and barrier repair,hours,,paracrine,complete blood count with differential,CBC panel - Blood by Automated count,LOINC:58410-2,,,,,,,,,,epithelial alarmins,,,type 2 immunity,T-helper 2 cell cytokine production,GO:0035745,gut microbiota,,,,,,"Cellular & Molecular Immunology, 11th Edition (2023)",9780443283581,4,,,,,,,,,,,,,,,,,,,,,,,
immune system,immune system process,GO:0002376,innate immunity,innate immune response,GO:0045087,innate lymphoid cell function,innate immune response,GO:0045087,barrier cytokine production,cytokine production,GO:0001816,,,,,,,,,,,,,,ILC1s mirror the Th1 programme in response to innate cytokines,cell,immune system,immune system,UBERON:0002405,innate lymphoid cell,innate lymphoid cell,CL:0001065,interleukin 12,,,increases,X secretion,interferon gamma,,,,,,,,,,,hours,paracrine,paracrine,complete blood count with differential,CBC panel - Blood by Automated count,LOINC:58410-2,,,,,,,,,,epithelial alarmins,,,type 2 immunity,T-helper 2 cell cytokine production,GO:0035745,gut microbiota,,,,,,"Cellular & Molecular Immunology, 11th Edition (2023)",9780443283581,4,,,,,,,,,,,,,,,,,,,,,,,
immune system,immune system process,GO:0002376,innate immunity,innate immune response,GO:0045087,complement system,complement activation,GO:0006956,cascade activation and effector output,complement activation,GO:0006956,,,,,,,,,,,,,,Hepatocytes maintain the circulating pool of complement zymogens,cell,liver,liver,UBERON:0002107,hepatocyte,hepatocyte,CL:0000182,,,,does,X secretion,complement proteins,,,,,,,,,"[90, 180]",units = mg/dL serum C3; the liver supplies essentially all circulating complement,hours-days,,circulatory,complement C3,Complement C3 [Mass/volume] in Serum or Plasma,LOINC:4485-1,C-reactive protein,C reactive protein [Mass/volume] in Serum or Plasma,LOINC:1988-5,serum IgG,IgG [Mass/volume] in Serum,LOINC:2465-3,,,,inflammatory response,inflammatory response,GO:0006954,antibody effector function,,,phagocytosis,phagocytosis,GO:0006909,,,,"Cellular & Molecular Immunology, 11th Edition (2023)",9780443283581,13,,,,,,,,,,,,,,,,,,,,,,,
immune system,immune system process,GO:0002376,innate immunity,innate immune response,GO:0045087,complement system,complement activation,GO:0006956,cascade activation and effector output,complement activation,GO:0006956,,,,,,,,,,,,,"the three initiating pathways converge on C3 cleavage, which is the central event of the whole system","C3 convertase formation cleaves C3, the pivot of all three complement pathways",organ system,blood,blood,UBERON:0000178,complement system,,,,,,does,X conversion to Y,complement C3,,,C3a and C3b,,,,,,,spontaneous hydrolytic tickover proceeds continuously; amplification on a permissive surface is explosive,seconds,,circulatory,complement C3,Complement C3 [Mass/volume] in Serum or Plasma,LOINC:4485-1,C-reactive protein,C reactive protein [Mass/volume] in Serum or Plasma,LOINC:1988-5,serum IgG,IgG [Mass/volume] in Serum,LOINC:2465-3,,,,inflammatory response,inflammatory response,GO:0006954,antibody effector function,,,phagocytosis,phagocytosis,GO:0006909,,,,"Cellular & Molecular Immunology, 11th Edition (2023)",9780443283581,13,,,,,,,,,,,,,,,,,,,,,,,
immune system,immune system process,GO:0002376,innate immunity,innate immune response,GO:0045087,complement system,complement activation,GO:0006956,cascade activation and effector output,complement activation,GO:0006956,,,,,,,,,,,,,,,organ system,blood,blood,UBERON:0000178,complement system,,,microbial surface,,,increases,X conversion to Y,complement C3,,,C3a and C3b,,,,,,,alternative pathway: absence of host regulatory proteins permits amplification,seconds,intra-organ,circulatory,complement C3,Complement C3 [Mass/volume] in Serum or Plasma,LOINC:4485-1,C-reactive protein,C reactive protein [Mass/volume] in Serum or Plasma,LOINC:1988-5,serum IgG,IgG [Mass/volume] in Serum,LOINC:2465-3,,,,inflammatory response,inflammatory response,GO:0006954,antibody effector function,,,phagocytosis,phagocytosis,GO:0006909,,,,"Cellular & Molecular Immunology, 11th Edition (2023)",9780443283581,13,,,,,,,,,,,,,,,,,,,,,,,
immune system,immune system process,GO:0002376,innate immunity,innate immune response,GO:0045087,complement system,complement activation,GO:0006956,cascade activation and effector output,complement activation,GO:0006956,,,,,,,,,,,,,,,organ system,blood,blood,UBERON:0000178,complement system,,,antigen-bound IgG or IgM,,,increases,X conversion to Y,complement C3,,,C3a and C3b,,,,,,,classical pathway via C1q; the point at which antibody recruits innate effector machinery,seconds,circulatory,circulatory,complement C3,Complement C3 [Mass/volume] in Serum or Plasma,LOINC:4485-1,C-reactive protein,C reactive protein [Mass/volume] in Serum or Plasma,LOINC:1988-5,serum IgG,IgG [Mass/volume] in Serum,LOINC:2465-3,,,,inflammatory response,inflammatory response,GO:0006954,antibody effector function,,,phagocytosis,phagocytosis,GO:0006909,,,,"Cellular & Molecular Immunology, 11th Edition (2023)",9780443283581,13,,,,,,,,,,,,,,,,,,,,,,,
immune system,immune system process,GO:0002376,innate immunity,innate immune response,GO:0045087,complement system,complement activation,GO:0006956,cascade activation and effector output,complement activation,GO:0006956,,,,,,,,,,,,,,,organ system,blood,blood,UBERON:0000178,complement system,,,mannose-binding lectin,,,increases,X conversion to Y,complement C3,,,C3a and C3b,,,,,,,lectin pathway; recognises terminal mannose absent from mammalian glycoproteins,seconds,circulatory,circulatory,complement C3,Complement C3 [Mass/volume] in Serum or Plasma,LOINC:4485-1,C-reactive protein,C reactive protein [Mass/volume] in Serum or Plasma,LOINC:1988-5,serum IgG,IgG [Mass/volume] in Serum,LOINC:2465-3,,,,inflammatory response,inflammatory response,GO:0006954,antibody effector function,,,phagocytosis,phagocytosis,GO:0006909,,,,"Cellular & Molecular Immunology, 11th Edition (2023)",9780443283581,13,,,,,,,,,,,,,,,,,,,,,,,
immune system,immune system process,GO:0002376,innate immunity,innate immune response,GO:0045087,complement system,complement activation,GO:0006956,cascade activation and effector output,complement activation,GO:0006956,,,,,,,,,,,,,,Terminal complement components assemble a lytic pore in the target membrane,organ system,blood,blood,UBERON:0000178,complement system,,,,,,does,X synthesis,membrane attack complex,,,,,,,,,,"C5b-9 pore; effective mainly against Neisseria, which is why terminal pathway deficiency presents as recurrent meningococcal disease",seconds-minutes,,circulatory,complement C3,Complement C3 [Mass/volume] in Serum or Plasma,LOINC:4485-1,C-reactive protein,C reactive protein [Mass/volume] in Serum or Plasma,LOINC:1988-5,serum IgG,IgG [Mass/volume] in Serum,LOINC:2465-3,,,,inflammatory response,inflammatory response,GO:0006954,antibody effector function,,,phagocytosis,phagocytosis,GO:0006909,,,,"Cellular & Molecular Immunology, 11th Edition (2023)",9780443283581,13,,,,,,,,,,,,,,,,,,,,,,,
immune system,immune system process,GO:0002376,innate immunity,innate immune response,GO:0045087,complement system,complement activation,GO:0006956,cascade activation and effector output,complement activation,GO:0006956,,,,,,,,,,,,,failure of this route contributes to the immune complex deposition of lupus,Erythrocytes carry complement-coated immune complexes to fixed phagocytes for clearance,cell,blood,blood,UBERON:0000178,erythrocyte,erythrocyte,CL:0000232,,,,does,transport of X from Y to Z,immune complexes,,,circulation,,,splenic and hepatic phagocytes,,,,complement receptor 1 on red cells ferries opsonised complexes for removal,minutes-hours,,circulatory,complement C3,Complement C3 [Mass/volume] in Serum or Plasma,LOINC:4485-1,C-reactive protein,C reactive protein [Mass/volume] in Serum or Plasma,LOINC:1988-5,serum IgG,IgG [Mass/volume] in Serum,LOINC:2465-3,,,,inflammatory response,inflammatory response,GO:0006954,antibody effector function,,,phagocytosis,phagocytosis,GO:0006909,,,,"Cellular & Molecular Immunology, 11th Edition (2023)",9780443283581,13,,,,,,,,,,,,,,,,,,,,,,,
immune system,immune system process,GO:0002376,innate immunity,innate immune response,GO:0045087,systemic inflammatory response,inflammatory response,GO:0006954,acute phase and systemic effects,acute-phase response,GO:0006953,,,,,,,,,,,,,CRP and serum amyloid A act as opsonins and as clinically convenient markers of the underlying cytokine response,Hepatocytes reprogramme protein output toward acute phase reactants during inflammation,cell,liver,liver,UBERON:0002107,hepatocyte,hepatocyte,CL:0000182,interleukin 6,,,increases,X secretion,acute phase proteins,,,,,,,,,"[0, 3]",units = mg/L C-reactive protein at baseline; rises 100- to 1000-fold within 24-48 h,hours-days,circulatory,circulatory,C-reactive protein,C reactive protein [Mass/volume] in Serum or Plasma,LOINC:1988-5,complete blood count with differential,CBC panel - Blood by Automated count,LOINC:58410-2,,,,,,,inflammatory response,inflammatory response,GO:0006954,hematopoiesis,,,coagulation,,,hypothalamic thermoregulation,,,"Cellular & Molecular Immunology, 11th Edition (2023)",9780443283581,4,,,,,,,,,,,,,,,,,,,,,,,
immune system,immune system process,GO:0002376,innate immunity,innate immune response,GO:0045087,systemic inflammatory response,inflammatory response,GO:0006954,acute phase and systemic effects,acute-phase response,GO:0006953,,,,,,,,,,,,,"moderate fever improves several immune functions and impairs microbial replication; the response is regulated, not merely a byproduct",Endogenous pyrogens raise the hypothalamic set point and produce fever,organism,immune system,immune system,UBERON:0002405,immune system,,,interleukin 1 and tumor necrosis factor,,,increases,transition to X,febrile status,,,,,,,,,,hypothalamic prostaglandin E2 raises the thermoregulatory set point; blocked by cyclo-oxygenase inhibitors,hours,circulatory,systemic,C-reactive protein,C reactive protein [Mass/volume] in Serum or Plasma,LOINC:1988-5,complete blood count with differential,CBC panel - Blood by Automated count,LOINC:58410-2,,,,,,,inflammatory response,inflammatory response,GO:0006954,hematopoiesis,,,coagulation,,,hypothalamic thermoregulation,,,"Cellular & Molecular Immunology, 11th Edition (2023)",9780443283581,4,,,,,,,,,,,,,,,,,,,,,,,
immune system,immune system process,GO:0002376,innate immunity,innate immune response,GO:0045087,systemic inflammatory response,inflammatory response,GO:0006954,acute phase and systemic effects,acute-phase response,GO:0006953,,,,,,,,,,,,,,Colony-stimulating factors expand granulocyte output during infection,cell,bone marrow,bone marrow,UBERON:0002371,hematopoietic stem cell,hematopoietic stem cell,CL:0000037,granulocyte colony-stimulating factor,,,increases,X synthesis,neutrophil,,,,,,,,,,neutrophil count can rise several-fold within hours by release of the marginated and marrow storage pools,hours-days,circulatory,systemic,C-reactive protein,C reactive protein [Mass/volume] in Serum or Plasma,LOINC:1988-5,complete blood count with differential,CBC panel - Blood by Automated count,LOINC:58410-2,,,,,,,inflammatory response,inflammatory response,GO:0006954,hematopoiesis,,,coagulation,,,hypothalamic thermoregulation,,,"Cellular & Molecular Immunology, 11th Edition (2023)",9780443283581,4,,,,,,,,,,,,,,,,,,,,,,,
immune system,immune system process,GO:0002376,innate immunity,innate immune response,GO:0045087,systemic inflammatory response,inflammatory response,GO:0006954,acute phase and systemic effects,acute-phase response,GO:0006953,,,,,,,,,,,,,,Cytokine-activated endothelium becomes adhesive for circulating leukocytes,cell,blood,blood,UBERON:0000178,endothelial cell,endothelial cell,CL:0000115,tumor necrosis factor,,,increases,cell-cell adhesion,,,,,,,,,,,"induces E-selectin, ICAM-1 and VCAM-1 within 1-6 h",hours,paracrine,intra-organ,C-reactive protein,C reactive protein [Mass/volume] in Serum or Plasma,LOINC:1988-5,complete blood count with differential,CBC panel - Blood by Automated count,LOINC:58410-2,,,,,,,inflammatory response,inflammatory response,GO:0006954,hematopoiesis,,,coagulation,,,hypothalamic thermoregulation,,,"Cellular & Molecular Immunology, 11th Edition (2023)",9780443283581,4,,,,,,,,,,,,,,,,,,,,,,,
immune system,immune system process,GO:0002376,innate immunity,innate immune response,GO:0045087,systemic inflammatory response,inflammatory response,GO:0006954,acute phase and systemic effects,acute-phase response,GO:0006953,,,,,,,,,,,,,,Vasoactive mediators open endothelial junctions and permit plasma protein exudation,cell,blood,blood,UBERON:0000178,endothelial cell,endothelial cell,CL:0000115,histamine,,,increases,transport of X from Y to Z,plasma protein,,,blood,,,interstitium,,,,junctional retraction in postcapillary venules; the basis of oedema and wheal formation,seconds-minutes,paracrine,intra-organ,C-reactive protein,C reactive protein [Mass/volume] in Serum or Plasma,LOINC:1988-5,complete blood count with differential,CBC panel - Blood by Automated count,LOINC:58410-2,,,,,,,inflammatory response,inflammatory response,GO:0006954,hematopoiesis,,,coagulation,,,hypothalamic thermoregulation,,,"Cellular & Molecular Immunology, 11th Edition (2023)",9780443283581,4,,,,,,,,,,,,,,,,,,,,,,,
immune system,immune system process,GO:0002376,innate immunity,innate immune response,GO:0045087,systemic inflammatory response,inflammatory response,GO:0006954,acute phase and systemic effects,acute-phase response,GO:0006953,,,,,,,,,,,,,"septic shock is the same mediator programme that is protective locally, running unchecked at systemic scale",,organism,immune system,immune system,UBERON:0002405,immune system,,,tumor necrosis factor,,,decreases,transport of X from Y to Z,blood,,,heart,,,systemic circulation,,,,"sustained high-level TNF produces myocardial depression, vasodilatation and disseminated intravascular coagulation",minutes-hours,circulatory,systemic,C-reactive protein,C reactive protein [Mass/volume] in Serum or Plasma,LOINC:1988-5,complete blood count with differential,CBC panel - Blood by Automated count,LOINC:58410-2,,,,,,,inflammatory response,inflammatory response,GO:0006954,hematopoiesis,,,coagulation,,,hypothalamic thermoregulation,,,"Cellular & Molecular Immunology, 11th Edition (2023)",9780443283581,4,,,,,,,,,,,,,,,,,,,,,,,
immune system,immune system process,GO:0002376,leukocyte trafficking,leukocyte migration,GO:0050900,leukocyte-endothelial interaction,leukocyte cell-cell adhesion,GO:0007159,"rolling, arrest and transmigration",diapedesis,GO:0050904,,,,,,,,,,,,,"leukocyte adhesion deficiency types 1 and 2 disable the integrin and selectin-ligand arms respectively, and both present with recurrent bacterial infection without pus","Circulating leukocytes roll on, then firmly adhere to, activated endothelium",cell,blood,blood,UBERON:0000178,neutrophil,neutrophil,CL:0000775,,,,does,cell-cell adhesion,,,,,,,,,,,sequential low-affinity selectin rolling then integrin-mediated firm arrest; whole sequence takes seconds to minutes,seconds-minutes,,intra-organ,complete blood count with differential,CBC panel - Blood by Automated count,LOINC:58410-2,,,,,,,,,,inflammatory response,inflammatory response,GO:0006954,endothelial activation,endothelial cell activation,GO:0042118,chemokine gradients,,,,,,"Cellular & Molecular Immunology, 11th Edition (2023)",9780443283581,3,,,,,,,,,,,,,,,,,,,,,,,
immune system,immune system process,GO:0002376,leukocyte trafficking,leukocyte migration,GO:0050900,leukocyte-endothelial interaction,leukocyte cell-cell adhesion,GO:0007159,"rolling, arrest and transmigration",diapedesis,GO:0050904,,,,,,,,,,,,,,,cell,blood,blood,UBERON:0000178,neutrophil,neutrophil,CL:0000775,CXCL8,,,increases,cell-cell adhesion,,,,,,,,,,,chemokine signalling converts integrins to their high-affinity conformation within seconds,seconds,paracrine,intra-organ,complete blood count with differential,CBC panel - Blood by Automated count,LOINC:58410-2,,,,,,,,,,inflammatory response,inflammatory response,GO:0006954,endothelial activation,endothelial cell activation,GO:0042118,chemokine gradients,,,,,,"Cellular & Molecular Immunology, 11th Edition (2023)",9780443283581,3,,,,,,,,,,,,,,,,,,,,,,,
immune system,immune system process,GO:0002376,leukocyte trafficking,leukocyte migration,GO:0050900,leukocyte-endothelial interaction,leukocyte cell-cell adhesion,GO:0007159,"rolling, arrest and transmigration",diapedesis,GO:0050904,,,,,,,,,,,,,,Adherent leukocytes squeeze between endothelial cells into the tissue,cell,blood,blood,UBERON:0000178,neutrophil,neutrophil,CL:0000775,,,,does,transport of X from Y to Z,neutrophil,,,postcapillary venule lumen,,,tissue interstitium,,,,"mainly paracellular, through VE-cadherin junctions",minutes,,intra-organ,complete blood count with differential,CBC panel - Blood by Automated count,LOINC:58410-2,,,,,,,,,,inflammatory response,inflammatory response,GO:0006954,endothelial activation,endothelial cell activation,GO:0042118,chemokine gradients,,,,,,"Cellular & Molecular Immunology, 11th Edition (2023)",9780443283581,3,,,,,,,,,,,,,,,,,,,,,,,
immune system,immune system process,GO:0002376,leukocyte trafficking,leukocyte migration,GO:0050900,lymphocyte recirculation,lymphocyte migration,GO:0072676,naive and effector homing,lymphocyte migration into lymphoid organs,GO:0097021,,,,,,,,,,,,,recirculation is what allows a repertoire of 10^11 specificities to survey antigen appearing anywhere in the body,Naive lymphocytes recirculate continuously through secondary lymphoid organs surveying for antigen,cell,blood,blood,UBERON:0000178,naive T cell,naive T cell,CL:0000898,,,,does,transport of X from Y to Z,naive T cell,,,blood,,,lymph node,,,,entry through high endothelial venules using L-selectin and CCR7; each naive cell recirculates once or twice daily,hours,,circulatory,CD4 T cell count,CD4+ CD3+ (T4 helper) cells [#/volume] in Blood,LOINC:24467-3,complete blood count with differential,CBC panel - Blood by Automated count,LOINC:58410-2,,,,,,,lymphoid organ architecture,,,antigen presentation,antigen processing and presentation,GO:0019882,inflamed tissue,,,,,,"Cellular & Molecular Immunology, 11th Edition (2023)",9780443283581,3,,,,,,,,,,,,,,,,,,,,,,,
immune system,immune system process,GO:0002376,leukocyte trafficking,leukocyte migration,GO:0050900,lymphocyte recirculation,lymphocyte migration,GO:0072676,naive and effector homing,lymphocyte migration into lymphoid organs,GO:0097021,,,,,,,,,,,,,,Lymphocytes exit nodes into efferent lymph and return to blood via the thoracic duct,cell,lymph node,lymph node,UBERON:0000029,lymphocyte,lymphocyte,CL:0000542,,,,does,transport of X from Y to Z,lymphocyte,,,lymph node,,,efferent lymph,,,,egress requires a sphingosine 1-phosphate gradient; blocked therapeutically by fingolimod,hours,,circulatory,CD4 T cell count,CD4+ CD3+ (T4 helper) cells [#/volume] in Blood,LOINC:24467-3,complete blood count with differential,CBC panel - Blood by Automated count,LOINC:58410-2,,,,,,,lymphoid organ architecture,,,antigen presentation,antigen processing and presentation,GO:0019882,inflamed tissue,,,,,,"Cellular & Molecular Immunology, 11th Edition (2023)",9780443283581,3,,,,,,,,,,,,,,,,,,,,,,,
immune system,immune system process,GO:0002376,leukocyte trafficking,leukocyte migration,GO:0050900,lymphocyte recirculation,lymphocyte migration,GO:0072676,naive and effector homing,lymphocyte migration into lymphoid organs,GO:0097021,,,,,,,,,,,,,,,cell,lymph node,lymph node,UBERON:0000029,lymphocyte,lymphocyte,CL:0000542,CD69,,,decreases,transport of X from Y to Z,lymphocyte,,,lymph node,,,efferent lymph,,,,"antigen-induced CD69 internalises the S1P receptor, holding activated cells in the node for days",hours,intra-organ,intra-organ,CD4 T cell count,CD4+ CD3+ (T4 helper) cells [#/volume] in Blood,LOINC:24467-3,complete blood count with differential,CBC panel - Blood by Automated count,LOINC:58410-2,,,,,,,lymphoid organ architecture,,,antigen presentation,antigen processing and presentation,GO:0019882,inflamed tissue,,,,,,"Cellular & Molecular Immunology, 11th Edition (2023)",9780443283581,3,,,,,,,,,,,,,,,,,,,,,,,
immune system,immune system process,GO:0002376,leukocyte trafficking,leukocyte migration,GO:0050900,lymphocyte recirculation,lymphocyte migration,GO:0072676,naive and effector homing,lymphocyte migration into lymphoid organs,GO:0097021,,,,,,,,,,,,,the homing receptor switch is what converts a node-restricted naive cell into one that patrols peripheral tissue,Effector T cells abandon lymphoid homing receptors and acquire inflamed-tissue homing receptors,cell,blood,blood,UBERON:0000178,effector T cell,effector T cell,CL:0000911,,,,does,transport of X from Y to Z,effector T cell,,,blood,,,inflamed peripheral tissue,,,,"loses CCR7 and L-selectin, gains E- and P-selectin ligands, VLA-4 and CXCR3",hours-days,,systemic,CD4 T cell count,CD4+ CD3+ (T4 helper) cells [#/volume] in Blood,LOINC:24467-3,complete blood count with differential,CBC panel - Blood by Automated count,LOINC:58410-2,,,,,,,lymphoid organ architecture,,,antigen presentation,antigen processing and presentation,GO:0019882,inflamed tissue,,,,,,"Cellular & Molecular Immunology, 11th Edition (2023)",9780443283581,3,,,,,,,,,,,,,,,,,,,,,,,
immune system,immune system process,GO:0002376,leukocyte trafficking,leukocyte migration,GO:0050900,lymphocyte recirculation,lymphocyte migration,GO:0072676,naive and effector homing,lymphocyte migration into lymphoid organs,GO:0097021,,,,,,,,,,,,,,Tissue-resident memory T cells are anchored in epithelium for long-term local surveillance,cell,skin,skin of body,UBERON:0002097,memory T cell,memory T cell,CL:0000813,,,,does,cell-cell adhesion,,,,,,,,,,,CD103 binding epithelial E-cadherin retains tissue-resident memory cells; they do not recirculate,days,,intra-organ,CD4 T cell count,CD4+ CD3+ (T4 helper) cells [#/volume] in Blood,LOINC:24467-3,complete blood count with differential,CBC panel - Blood by Automated count,LOINC:58410-2,,,,,,,lymphoid organ architecture,,,antigen presentation,antigen processing and presentation,GO:0019882,inflamed tissue,,,,,,"Cellular & Molecular Immunology, 11th Edition (2023)",9780443283581,3,,,,,,,,,,,,,,,,,,,,,,,
immune system,immune system process,GO:0002376,leukocyte trafficking,leukocyte migration,GO:0050900,lymphocyte recirculation,lymphocyte migration,GO:0072676,naive and effector homing,lymphocyte migration into lymphoid organs,GO:0097021,,,,,,,,,,,,,,Gut-imprinted plasmablasts home selectively back to intestinal lamina propria,cell,intestine,intestine,UBERON:0000160,plasma cell,plasma cell,CL:0000786,CCL25,,,increases,transport of X from Y to Z,plasmablast,,,mesenteric lymph node,,,intestinal lamina propria,,,,alpha4beta7 and CCR9 imprinting confines the response to the gut it was induced in,days,intra-organ,intra-organ,CD4 T cell count,CD4+ CD3+ (T4 helper) cells [#/volume] in Blood,LOINC:24467-3,complete blood count with differential,CBC panel - Blood by Automated count,LOINC:58410-2,,,,,,,lymphoid organ architecture,,,antigen presentation,antigen processing and presentation,GO:0019882,inflamed tissue,,,,,,"Cellular & Molecular Immunology, 11th Edition (2023)",9780443283581,3,,,,,,,,,,,,,,,,,,,,,,,
immune system,immune system process,GO:0002376,leukocyte trafficking,leukocyte migration,GO:0050900,lymphocyte recirculation,lymphocyte migration,GO:0072676,naive and effector homing,lymphocyte migration into lymphoid organs,GO:0097021,,,,,,,,,,,,,,Long-lived plasma cells settle in survival niches that maintain serum antibody titres,cell,bone marrow,bone marrow,UBERON:0002371,plasma cell,plasma cell,CL:0000786,CXCL12,,,increases,transport of X from Y to Z,plasma cell,,,lymph node,,,bone marrow niche,,,,long-lived plasma cells survive for years in marrow niches and sustain serum antibody without further antigen,days-weeks,intra-organ,circulatory,CD4 T cell count,CD4+ CD3+ (T4 helper) cells [#/volume] in Blood,LOINC:24467-3,complete blood count with differential,CBC panel - Blood by Automated count,LOINC:58410-2,,,,,,,lymphoid organ architecture,,,antigen presentation,antigen processing and presentation,GO:0019882,inflamed tissue,,,,,,"Cellular & Molecular Immunology, 11th Edition (2023)",9780443283581,3,,,,,,,,,,,,,,,,,,,,,,,
immune system,immune system process,GO:0002376,adaptive immunity,adaptive immune response,GO:0002250,antigen processing and presentation,antigen processing and presentation,GO:0019882,MHC class I pathway,antigen processing and presentation of peptide antigen via MHC class I,GO:0002474,,,,,,,,,,,,,"class I samples the cytosol and class II the vesicular compartment, which is how the system distinguishes an infected cell from one that merely ingested antigen",The proteasome degrades cytosolic proteins into peptides for class I loading,cell,immune system,immune system,UBERON:0002405,nucleated cell,,,,,,does,X conversion to Y,cytosolic protein,,,peptide,,,,,,,proteasomal degradation yields 8-11 residue peptides suited to the closed class I groove,minutes,,intra-organ,CD4 T cell count,CD4+ CD3+ (T4 helper) cells [#/volume] in Blood,LOINC:24467-3,,,,,,,,,,cytotoxic T cell response,cell killing,GO:0001906,viral infection,,,interferon signalling,,,,,,"Cellular & Molecular Immunology, 11th Edition (2023)",9780443283581,6,,,,,,,,,,,,,,,,,,,,,,,
immune system,immune system process,GO:0002376,adaptive immunity,adaptive immune response,GO:0002250,antigen processing and presentation,antigen processing and presentation,GO:0019882,MHC class I pathway,antigen processing and presentation of peptide antigen via MHC class I,GO:0002474,,,,,,,,,,,,,,TAP delivers cytosolic peptides to the endoplasmic reticulum for assembly with class I,cell,immune system,immune system,UBERON:0002405,nucleated cell,,,,,,does,transport of X from Y to Z,peptide,,,cytosol,,,endoplasmic reticulum,,,,TAP-dependent; TAP deficiency abolishes surface class I expression,minutes,,intra-organ,CD4 T cell count,CD4+ CD3+ (T4 helper) cells [#/volume] in Blood,LOINC:24467-3,,,,,,,,,,cytotoxic T cell response,cell killing,GO:0001906,viral infection,,,interferon signalling,,,,,,"Cellular & Molecular Immunology, 11th Edition (2023)",9780443283581,6,,,,,,,,,,,,,,,,,,,,,,,
immune system,immune system process,GO:0002376,adaptive immunity,adaptive immune response,GO:0002250,antigen processing and presentation,antigen processing and presentation,GO:0019882,MHC class I pathway,antigen processing and presentation of peptide antigen via MHC class I,GO:0002474,,,,,,,,,,,,,,Assembled peptide-class I complexes are displayed at the cell surface,cell,immune system,immune system,UBERON:0002405,nucleated cell,,,,,,does,transport of X from Y to Z,peptide-MHC class I complex,,,endoplasmic reticulum,,,cell surface,,,,every nucleated cell displays its cytosolic contents continuously for CD8 surveillance,minutes-hours,,intra-organ,CD4 T cell count,CD4+ CD3+ (T4 helper) cells [#/volume] in Blood,LOINC:24467-3,,,,,,,,,,cytotoxic T cell response,cell killing,GO:0001906,viral infection,,,interferon signalling,,,,,,"Cellular & Molecular Immunology, 11th Edition (2023)",9780443283581,6,,,,,,,,,,,,,,,,,,,,,,,
immune system,immune system process,GO:0002376,adaptive immunity,adaptive immune response,GO:0002250,antigen processing and presentation,antigen processing and presentation,GO:0019882,MHC class I pathway,antigen processing and presentation of peptide antigen via MHC class I,GO:0002474,,,,,,,,,,,,,,,cell,immune system,immune system,UBERON:0002405,nucleated cell,,,interferon gamma,,,increases,transport of X from Y to Z,peptide-MHC class I complex,,,endoplasmic reticulum,,,cell surface,,,,also induced by type I interferon; raises the visibility of infected cells to CTLs,hours,circulatory,intra-organ,CD4 T cell count,CD4+ CD3+ (T4 helper) cells [#/volume] in Blood,LOINC:24467-3,,,,,,,,,,cytotoxic T cell response,cell killing,GO:0001906,viral infection,,,interferon signalling,,,,,,"Cellular & Molecular Immunology, 11th Edition (2023)",9780443283581,6,,,,,,,,,,,,,,,,,,,,,,,
immune system,immune system process,GO:0002376,adaptive immunity,adaptive immune response,GO:0002250,antigen processing and presentation,antigen processing and presentation,GO:0019882,MHC class I pathway,antigen processing and presentation of peptide antigen via MHC class I,GO:0002474,,,,,,,,,,,,,,cDC1 cells divert exogenous antigen into the cytosol for class I presentation,cell,lymph node,lymph node,UBERON:0000029,conventional dendritic cell,conventional dendritic cell,CL:0000990,,,,does,transport of X from Y to Z,ingested protein antigen,,,phagosome,,,cytosol,,,,"cross-presentation, largely confined to the cDC1 subset; the only route by which a virus that does not infect dendritic cells can prime CD8 cells",hours,,intra-organ,CD4 T cell count,CD4+ CD3+ (T4 helper) cells [#/volume] in Blood,LOINC:24467-3,,,,,,,,,,cytotoxic T cell response,cell killing,GO:0001906,viral infection,,,interferon signalling,,,,,,"Cellular & Molecular Immunology, 11th Edition (2023)",9780443283581,6,,,,,,,,,,,,,,,,,,,,,,,
immune system,immune system process,GO:0002376,adaptive immunity,adaptive immune response,GO:0002250,antigen processing and presentation,antigen processing and presentation,GO:0019882,MHC class II pathway and dendritic cell function,antigen processing and presentation of exogenous peptide antigen via MHC class II,GO:0019886,,,,,,,,,,,,,,Immature dendritic cells at barrier surfaces continuously sample tissue antigen,cell,skin,skin of body,UBERON:0002097,conventional dendritic cell,conventional dendritic cell,CL:0000990,,,,does,X uptake,antigen,,,,,,,,,,"by macropinocytosis, phagocytosis and receptor-mediated endocytosis; immature dendritic cells are avid samplers and poor stimulators",minutes-hours,,intra-organ,CD4 T cell count,CD4+ CD3+ (T4 helper) cells [#/volume] in Blood,LOINC:24467-3,,,,,,,,,,helper T cell activation,T cell activation,GO:0042110,innate sensing,,,peripheral tolerance,tolerance induction,GO:0002507,,,,"Cellular & Molecular Immunology, 11th Edition (2023)",9780443283581,6,,,,,,,,,,,,,,,,,,,,,,,
immune system,immune system process,GO:0002376,adaptive immunity,adaptive immune response,GO:0002250,antigen processing and presentation,antigen processing and presentation,GO:0019882,MHC class II pathway and dendritic cell function,antigen processing and presentation of exogenous peptide antigen via MHC class II,GO:0019886,,,,,,,,,,,,,,Endosomal proteolysis generates peptides for loading onto class II molecules,cell,skin,skin of body,UBERON:0002097,conventional dendritic cell,conventional dendritic cell,CL:0000990,,,,does,X conversion to Y,endocytosed protein,,,peptide,,,,,,,endosomal cathepsins generate 13-25 residue peptides; HLA-DM then exchanges CLIP for high-affinity peptide,minutes-hours,,intra-organ,CD4 T cell count,CD4+ CD3+ (T4 helper) cells [#/volume] in Blood,LOINC:24467-3,,,,,,,,,,helper T cell activation,T cell activation,GO:0042110,innate sensing,,,peripheral tolerance,tolerance induction,GO:0002507,,,,"Cellular & Molecular Immunology, 11th Edition (2023)",9780443283581,6,,,,,,,,,,,,,,,,,,,,,,,
immune system,immune system process,GO:0002376,adaptive immunity,adaptive immune response,GO:0002250,antigen processing and presentation,antigen processing and presentation,GO:0019882,MHC class II pathway and dendritic cell function,antigen processing and presentation of exogenous peptide antigen via MHC class II,GO:0019886,,,,,,,,,,,,,maturation converts the dendritic cell from a sampler into a stimulator; the same signals that report infection also license T cell priming,Maturing dendritic cells display peptide-class II complexes and costimulators together,cell,lymph node,lymph node,UBERON:0000029,conventional dendritic cell,conventional dendritic cell,CL:0000990,,,,does,transport of X from Y to Z,peptide-MHC class II complex,,,endosome,,,cell surface,,,,maturation raises surface class II and B7 many-fold while antigen uptake falls,hours,,intra-organ,CD4 T cell count,CD4+ CD3+ (T4 helper) cells [#/volume] in Blood,LOINC:24467-3,,,,,,,,,,helper T cell activation,T cell activation,GO:0042110,innate sensing,,,peripheral tolerance,tolerance induction,GO:0002507,,,,"Cellular & Molecular Immunology, 11th Edition (2023)",9780443283581,6,,,,,,,,,,,,,,,,,,,,,,,
immune system,immune system process,GO:0002376,adaptive immunity,adaptive immune response,GO:0002250,antigen processing and presentation,antigen processing and presentation,GO:0019882,MHC class II pathway and dendritic cell function,antigen processing and presentation of exogenous peptide antigen via MHC class II,GO:0019886,,,,,,,,,,,,,,Antigen-bearing dendritic cells migrate to the T cell zone of the draining node,cell,skin,skin of body,UBERON:0002097,conventional dendritic cell,conventional dendritic cell,CL:0000990,CCL19 and CCL21,,,increases,transport of X from Y to Z,dendritic cell,,,peripheral tissue,,,draining lymph node,,,,CCR7-dependent; migration peaks 12-24 h after antigen encounter,hours,intra-organ,intra-organ,CD4 T cell count,CD4+ CD3+ (T4 helper) cells [#/volume] in Blood,LOINC:24467-3,,,,,,,,,,helper T cell activation,T cell activation,GO:0042110,innate sensing,,,peripheral tolerance,tolerance induction,GO:0002507,,,,"Cellular & Molecular Immunology, 11th Edition (2023)",9780443283581,6,,,,,,,,,,,,,,,,,,,,,,,
immune system,immune system process,GO:0002376,adaptive immunity,adaptive immune response,GO:0002250,antigen processing and presentation,antigen processing and presentation,GO:0019882,MHC class II pathway and dendritic cell function,antigen processing and presentation of exogenous peptide antigen via MHC class II,GO:0019886,,,,,,,,,,,,,,,cell,lymph node,lymph node,UBERON:0000029,conventional dendritic cell,conventional dendritic cell,CL:0000990,Toll-like receptor ligand,,,increases,X secretion,interleukin 12,,,,,,,,,,the third signal that shapes helper T cell differentiation,hours,intra-organ,paracrine,CD4 T cell count,CD4+ CD3+ (T4 helper) cells [#/volume] in Blood,LOINC:24467-3,,,,,,,,,,helper T cell activation,T cell activation,GO:0042110,innate sensing,,,peripheral tolerance,tolerance induction,GO:0002507,,,,"Cellular & Molecular Immunology, 11th Edition (2023)",9780443283581,6,,,,,,,,,,,,,,,,,,,,,,,
immune system,immune system process,GO:0002376,adaptive immunity,adaptive immune response,GO:0002250,antigen processing and presentation,antigen processing and presentation,GO:0019882,MHC class II pathway and dendritic cell function,antigen processing and presentation of exogenous peptide antigen via MHC class II,GO:0019886,,,,,,,,,,,,,,Plasmacytoid dendritic cells are the principal systemic source of type I interferon,cell,immune system,immune system,UBERON:0002405,plasmacytoid dendritic cell,plasmacytoid dendritic cell,CL:0000784,,,,does,X secretion,type I interferon,,,,,,,,,,produces up to 1000-fold more interferon per cell than any other type,hours,,circulatory,CD4 T cell count,CD4+ CD3+ (T4 helper) cells [#/volume] in Blood,LOINC:24467-3,,,,,,,,,,helper T cell activation,T cell activation,GO:0042110,innate sensing,,,peripheral tolerance,tolerance induction,GO:0002507,,,,"Cellular & Molecular Immunology, 11th Edition (2023)",9780443283581,6,,,,,,,,,,,,,,,,,,,,,,,
immune system,immune system process,GO:0002376,adaptive immunity,adaptive immune response,GO:0002250,antigen processing and presentation,antigen processing and presentation,GO:0019882,MHC class II pathway and dendritic cell function,antigen processing and presentation of exogenous peptide antigen via MHC class II,GO:0019886,,,,,,,,,,,,,,,cell,immune system,immune system,UBERON:0002405,plasmacytoid dendritic cell,plasmacytoid dendritic cell,CL:0000784,viral nucleic acid,,,increases,X secretion,type I interferon,,,,,,,,,,endosomal TLR7 and TLR9; location rather than sequence distinguishes viral from self nucleic acid,hours,intra-organ,circulatory,CD4 T cell count,CD4+ CD3+ (T4 helper) cells [#/volume] in Blood,LOINC:24467-3,,,,,,,,,,helper T cell activation,T cell activation,GO:0042110,innate sensing,,,peripheral tolerance,tolerance induction,GO:0002507,,,,"Cellular & Molecular Immunology, 11th Edition (2023)",9780443283581,6,,,,,,,,,,,,,,,,,,,,,,,
immune system,immune system process,GO:0002376,adaptive immunity,adaptive immune response,GO:0002250,antigen processing and presentation,antigen processing and presentation,GO:0019882,MHC class II pathway and dendritic cell function,antigen processing and presentation of exogenous peptide antigen via MHC class II,GO:0019886,,,,,,,,,,,,,this is why linked recognition works: the B cell presents peptides from the same molecule its receptor bound,B cells use their antigen receptor to capture and present cognate antigen to helper T cells,cell,lymph node,lymph node,UBERON:0000029,B cell,B cell,CL:0000236,,,,does,X uptake,antigen,,,,,,,,,,receptor-mediated uptake concentrates cognate antigen 1000- to 10000-fold over fluid-phase capture,minutes-hours,,intra-organ,CD4 T cell count,CD4+ CD3+ (T4 helper) cells [#/volume] in Blood,LOINC:24467-3,,,,,,,,,,helper T cell activation,T cell activation,GO:0042110,innate sensing,,,peripheral tolerance,tolerance induction,GO:0002507,,,,"Cellular & Molecular Immunology, 11th Edition (2023)",9780443283581,6,,,,,,,,,,,,,,,,,,,,,,,
immune system,immune system process,GO:0002376,adaptive immunity,adaptive immune response,GO:0002250,T cell activation,T cell activation,GO:0042110,clonal expansion and its control,T cell proliferation,GO:0042098,,,,,,,,,,,,,"intracellular signalling from TCR through LCK, ZAP70, LAT and downstream to NFAT, AP-1 and NF-kB sits below cell resolution and is summarised here rather than given rows of its own",Antigen recognition arrests T cell migration and forms a stable synapse with the presenting cell,cell,lymph node,lymph node,UBERON:0000029,naive T cell,naive T cell,CL:0000898,,,,does,cell-cell adhesion,,,,,,,,,,,the immunological synapse stabilises contact for minutes to hours and focuses secretion,minutes-hours,,intra-organ,CD4 T cell count,CD4+ CD3+ (T4 helper) cells [#/volume] in Blood,LOINC:24467-3,complete blood count with differential,CBC panel - Blood by Automated count,LOINC:58410-2,,,,,,,antigen presentation,antigen processing and presentation,GO:0019882,costimulation,T cell costimulation,GO:0031295,peripheral tolerance,tolerance induction,GO:0002507,checkpoint blockade,,,"Cellular & Molecular Immunology, 11th Edition (2023)",9780443283581,9,,,,,,,,,,,,,,,,,,,,,,,
immune system,immune system process,GO:0002376,adaptive immunity,adaptive immune response,GO:0002250,T cell activation,T cell activation,GO:0042110,clonal expansion and its control,T cell proliferation,GO:0042098,,,,,,,,,,,,,the clonal selection arithmetic is the central quantitative fact of adaptive immunity,Antigen-specific naive T cells proliferate massively and differentiate into effector cells,cell,lymph node,lymph node,UBERON:0000029,naive T cell,naive T cell,CL:0000898,,,,does,X synthesis,effector T cell,,,,,,,,,,"CD8 clones expand up to 50000-fold and CD4 clones about 1000-fold, peaking near day 7; over 90% then die in contraction",days,,systemic,CD4 T cell count,CD4+ CD3+ (T4 helper) cells [#/volume] in Blood,LOINC:24467-3,complete blood count with differential,CBC panel - Blood by Automated count,LOINC:58410-2,,,,,,,antigen presentation,antigen processing and presentation,GO:0019882,costimulation,T cell costimulation,GO:0031295,peripheral tolerance,tolerance induction,GO:0002507,checkpoint blockade,,,"Cellular & Molecular Immunology, 11th Edition (2023)",9780443283581,9,,,,,,,,,,,,,,,,,,,,,,,
immune system,immune system process,GO:0002376,adaptive immunity,adaptive immune response,GO:0002250,T cell activation,T cell activation,GO:0042110,clonal expansion and its control,T cell proliferation,GO:0042098,,,,,,,,,,,,,,,cell,lymph node,lymph node,UBERON:0000029,naive T cell,naive T cell,CL:0000898,peptide-MHC complex,,,increases,X synthesis,effector T cell,,,,,,,,,,signal 1; antigen alone without costimulation produces anergy rather than activation,days,intra-organ,systemic,CD4 T cell count,CD4+ CD3+ (T4 helper) cells [#/volume] in Blood,LOINC:24467-3,complete blood count with differential,CBC panel - Blood by Automated count,LOINC:58410-2,,,,,,,antigen presentation,antigen processing and presentation,GO:0019882,costimulation,T cell costimulation,GO:0031295,peripheral tolerance,tolerance induction,GO:0002507,checkpoint blockade,,,"Cellular & Molecular Immunology, 11th Edition (2023)",9780443283581,9,,,,,,,,,,,,,,,,,,,,,,,
immune system,immune system process,GO:0002376,adaptive immunity,adaptive immune response,GO:0002250,T cell activation,T cell activation,GO:0042110,clonal expansion and its control,T cell proliferation,GO:0042098,,,,,,,,,,,,,requiring a second signal that reports infection is how the system avoids responding to harmless self antigen,,cell,lymph node,lymph node,UBERON:0000029,naive T cell,naive T cell,CL:0000898,B7 costimulator,,,increases,X synthesis,effector T cell,,,,,,,,,,signal 2 through CD28; B7 is induced on antigen-presenting cells only by innate recognition of infection,days,intra-organ,systemic,CD4 T cell count,CD4+ CD3+ (T4 helper) cells [#/volume] in Blood,LOINC:24467-3,complete blood count with differential,CBC panel - Blood by Automated count,LOINC:58410-2,,,,,,,antigen presentation,antigen processing and presentation,GO:0019882,costimulation,T cell costimulation,GO:0031295,peripheral tolerance,tolerance induction,GO:0002507,checkpoint blockade,,,"Cellular & Molecular Immunology, 11th Edition (2023)",9780443283581,9,,,,,,,,,,,,,,,,,,,,,,,
immune system,immune system process,GO:0002376,adaptive immunity,adaptive immune response,GO:0002250,T cell activation,T cell activation,GO:0042110,clonal expansion and its control,T cell proliferation,GO:0042098,,,,,,,,,,,,,,,cell,lymph node,lymph node,UBERON:0000029,naive T cell,naive T cell,CL:0000898,interleukin 2,,,increases,X synthesis,effector T cell,,,,,,,,,,autocrine and paracrine; activated cells upregulate the high-affinity IL-2 receptor within hours,days,paracrine,systemic,CD4 T cell count,CD4+ CD3+ (T4 helper) cells [#/volume] in Blood,LOINC:24467-3,complete blood count with differential,CBC panel - Blood by Automated count,LOINC:58410-2,,,,,,,antigen presentation,antigen processing and presentation,GO:0019882,costimulation,T cell costimulation,GO:0031295,peripheral tolerance,tolerance induction,GO:0002507,checkpoint blockade,,,"Cellular & Molecular Immunology, 11th Edition (2023)",9780443283581,9,,,,,,,,,,,,,,,,,,,,,,,
immune system,immune system process,GO:0002376,adaptive immunity,adaptive immune response,GO:0002250,T cell activation,T cell activation,GO:0042110,clonal expansion and its control,T cell proliferation,GO:0042098,,,,,,,,,,,,,,,cell,lymph node,lymph node,UBERON:0000029,T cell,T cell,CL:0000084,cytotoxic T lymphocyte antigen 4,,,decreases,X synthesis,effector T cell,,,,,,,,,,outcompetes CD28 for B7 and physically strips it from the presenting cell; blockade is the mechanism of ipilimumab,hours-days,intra-organ,intra-organ,CD4 T cell count,CD4+ CD3+ (T4 helper) cells [#/volume] in Blood,LOINC:24467-3,complete blood count with differential,CBC panel - Blood by Automated count,LOINC:58410-2,,,,,,,antigen presentation,antigen processing and presentation,GO:0019882,costimulation,T cell costimulation,GO:0031295,peripheral tolerance,tolerance induction,GO:0002507,checkpoint blockade,,,"Cellular & Molecular Immunology, 11th Edition (2023)",9780443283581,9,,,,,,,,,,,,,,,,,,,,,,,
immune system,immune system process,GO:0002376,adaptive immunity,adaptive immune response,GO:0002250,T cell activation,T cell activation,GO:0042110,clonal expansion and its control,T cell proliferation,GO:0042098,,,,,,,,,,,,,,,cell,immune system,immune system,UBERON:0002405,T cell,T cell,CL:0000084,programmed death ligand 1,,,decreases,X synthesis,effector T cell,,,,,,,,,,acts mainly in peripheral tissue and chronic infection; blockade underlies anti-PD-1 cancer therapy,hours-days,paracrine,intra-organ,CD4 T cell count,CD4+ CD3+ (T4 helper) cells [#/volume] in Blood,LOINC:24467-3,complete blood count with differential,CBC panel - Blood by Automated count,LOINC:58410-2,,,,,,,antigen presentation,antigen processing and presentation,GO:0019882,costimulation,T cell costimulation,GO:0031295,peripheral tolerance,tolerance induction,GO:0002507,checkpoint blockade,,,"Cellular & Molecular Immunology, 11th Edition (2023)",9780443283581,9,,,,,,,,,,,,,,,,,,,,,,,
immune system,immune system process,GO:0002376,adaptive immunity,adaptive immune response,GO:0002250,T cell activation,T cell activation,GO:0042110,clonal expansion and its control,T cell proliferation,GO:0042098,,,,,,,,,,,,,,Regulatory T cells strip costimulatory ligands from antigen-presenting cells,cell,lymph node,lymph node,UBERON:0000029,conventional dendritic cell,conventional dendritic cell,CL:0000990,regulatory T cell contact,,,decreases,transport of X from Y to Z,B7 costimulator,,,intracellular pool,,,cell surface,,,,CTLA-4 mediated transendocytosis physically removes B7 from the dendritic cell surface,hours,paracrine,intra-organ,CD4 T cell count,CD4+ CD3+ (T4 helper) cells [#/volume] in Blood,LOINC:24467-3,complete blood count with differential,CBC panel - Blood by Automated count,LOINC:58410-2,,,,,,,antigen presentation,antigen processing and presentation,GO:0019882,costimulation,T cell costimulation,GO:0031295,peripheral tolerance,tolerance induction,GO:0002507,checkpoint blockade,,,"Cellular & Molecular Immunology, 11th Edition (2023)",9780443283581,9,,,,,,,,,,,,,,,,,,,,,,,
immune system,immune system process,GO:0002376,adaptive immunity,adaptive immune response,GO:0002250,T cell activation,T cell activation,GO:0042110,clonal expansion and its control,T cell proliferation,GO:0042098,,,,,,,,,,,,,,Activated T cells secrete IL-2 and simultaneously upregulate its high-affinity receptor,cell,lymph node,lymph node,UBERON:0000029,T cell,T cell,CL:0000084,,,,does,X secretion,interleukin 2,,,,,,,,,,produced within hours of activation; the principal autocrine growth factor of the T cell response,hours,,paracrine,CD4 T cell count,CD4+ CD3+ (T4 helper) cells [#/volume] in Blood,LOINC:24467-3,complete blood count with differential,CBC panel - Blood by Automated count,LOINC:58410-2,,,,,,,antigen presentation,antigen processing and presentation,GO:0019882,costimulation,T cell costimulation,GO:0031295,peripheral tolerance,tolerance induction,GO:0002507,checkpoint blockade,,,"Cellular & Molecular Immunology, 11th Edition (2023)",9780443283581,9,,,,,,,,,,,,,,,,,,,,,,,
immune system,immune system process,GO:0002376,adaptive immunity,adaptive immune response,GO:0002250,T cell activation,T cell activation,GO:0042110,clonal expansion and its control,T cell proliferation,GO:0042098,,,,,,,,,,,,,"memory cells have lower activation thresholds, broader tissue distribution and faster effector kinetics than naive cells",A minority of effector cells survives contraction to become long-lived memory,cell,immune system,immune system,UBERON:0002405,T cell,T cell,CL:0000084,,,,does,X synthesis,memory T cell,,,,,,,,,,5-10% of the expanded clone survives contraction; memory persists for decades and is maintained by IL-7 and IL-15 without antigen,days-weeks,,systemic,CD4 T cell count,CD4+ CD3+ (T4 helper) cells [#/volume] in Blood,LOINC:24467-3,complete blood count with differential,CBC panel - Blood by Automated count,LOINC:58410-2,,,,,,,antigen presentation,antigen processing and presentation,GO:0019882,costimulation,T cell costimulation,GO:0031295,peripheral tolerance,tolerance induction,GO:0002507,checkpoint blockade,,,"Cellular & Molecular Immunology, 11th Edition (2023)",9780443283581,9,,,,,,,,,,,,,,,,,,,,,,,
immune system,immune system process,GO:0002376,adaptive immunity,adaptive immune response,GO:0002250,T cell activation,T cell activation,GO:0042110,clonal expansion and its control,T cell proliferation,GO:0042098,,,,,,,,,,,,,,,cell,immune system,immune system,UBERON:0002405,memory T cell,memory T cell,CL:0000813,interleukin 7,,,increases,X synthesis,memory T cell,,,,,,,,,,slow homeostatic self-renewal independent of antigen,weeks,circulatory,systemic,CD4 T cell count,CD4+ CD3+ (T4 helper) cells [#/volume] in Blood,LOINC:24467-3,complete blood count with differential,CBC panel - Blood by Automated count,LOINC:58410-2,,,,,,,antigen presentation,antigen processing and presentation,GO:0019882,costimulation,T cell costimulation,GO:0031295,peripheral tolerance,tolerance induction,GO:0002507,checkpoint blockade,,,"Cellular & Molecular Immunology, 11th Edition (2023)",9780443283581,9,,,,,,,,,,,,,,,,,,,,,,,
immune system,immune system process,GO:0002376,adaptive immunity,adaptive immune response,GO:0002250,helper T cell differentiation,"CD4-positive, alpha-beta T cell differentiation",GO:0043367,subset polarisation,T-helper cell differentiation,GO:0042093,,,,,,,,,,,,,"the cytokine present at priming determines the subset, and each subset then reinforces itself and suppresses the others",Naive CD4 cells commit to distinct effector programmes according to the priming cytokine milieu,cell,lymph node,lymph node,UBERON:0000029,CD4-positive helper T cell,CD4-positive helper T cell,CL:0000492,,,,does,X synthesis,T-helper 1 cell,,,,,,,,,,committed by T-bet; the subset that handles intracellular organisms,days,,systemic,CD4 T cell count,CD4+ CD3+ (T4 helper) cells [#/volume] in Blood,LOINC:24467-3,serum IgE,,,,,,,,,innate cytokine milieu,,,macrophage activation,macrophage activation,GO:0042116,B cell help,,,barrier defense,,,"Cellular & Molecular Immunology, 11th Edition (2023)",9780443283581,10,,,,,,,,,,,,,,,,,,,,,,,
immune system,immune system process,GO:0002376,adaptive immunity,adaptive immune response,GO:0002250,helper T cell differentiation,"CD4-positive, alpha-beta T cell differentiation",GO:0043367,subset polarisation,T-helper cell differentiation,GO:0042093,,,,,,,,,,,,,,,cell,lymph node,lymph node,UBERON:0000029,CD4-positive helper T cell,CD4-positive helper T cell,CL:0000492,interleukin 12,,,increases,X synthesis,T-helper 1 cell,,,,,,,,,,,days,paracrine,systemic,CD4 T cell count,CD4+ CD3+ (T4 helper) cells [#/volume] in Blood,LOINC:24467-3,serum IgE,,,,,,,,,innate cytokine milieu,,,macrophage activation,macrophage activation,GO:0042116,B cell help,,,barrier defense,,,"Cellular & Molecular Immunology, 11th Edition (2023)",9780443283581,10,,,,,,,,,,,,,,,,,,,,,,,
immune system,immune system process,GO:0002376,adaptive immunity,adaptive immune response,GO:0002250,helper T cell differentiation,"CD4-positive, alpha-beta T cell differentiation",GO:0043367,subset polarisation,T-helper cell differentiation,GO:0042093,,,,,,,,,,,,,,,cell,lymph node,lymph node,UBERON:0000029,CD4-positive helper T cell,CD4-positive helper T cell,CL:0000492,interleukin 4,,,increases,X synthesis,T-helper 2 cell,,,,,,,,,,GATA-3 dependent; handles helminths and underlies allergic disease,days,paracrine,systemic,CD4 T cell count,CD4+ CD3+ (T4 helper) cells [#/volume] in Blood,LOINC:24467-3,serum IgE,,,,,,,,,innate cytokine milieu,,,macrophage activation,macrophage activation,GO:0042116,B cell help,,,barrier defense,,,"Cellular & Molecular Immunology, 11th Edition (2023)",9780443283581,10,,,,,,,,,,,,,,,,,,,,,,,
immune system,immune system process,GO:0002376,adaptive immunity,adaptive immune response,GO:0002250,helper T cell differentiation,"CD4-positive, alpha-beta T cell differentiation",GO:0043367,subset polarisation,T-helper cell differentiation,GO:0042093,,,,,,,,,,,,,,,cell,lymph node,lymph node,UBERON:0000029,CD4-positive helper T cell,CD4-positive helper T cell,CL:0000492,transforming growth factor beta and interleukin 6,,,increases,X synthesis,T-helper 17 cell,,,,,,,,,,"RORgammat dependent, sustained by IL-23; handles extracellular bacteria and fungi",days,paracrine,systemic,CD4 T cell count,CD4+ CD3+ (T4 helper) cells [#/volume] in Blood,LOINC:24467-3,serum IgE,,,,,,,,,innate cytokine milieu,,,macrophage activation,macrophage activation,GO:0042116,B cell help,,,barrier defense,,,"Cellular & Molecular Immunology, 11th Edition (2023)",9780443283581,10,,,,,,,,,,,,,,,,,,,,,,,
immune system,immune system process,GO:0002376,adaptive immunity,adaptive immune response,GO:0002250,helper T cell differentiation,"CD4-positive, alpha-beta T cell differentiation",GO:0043367,subset polarisation,T-helper cell differentiation,GO:0042093,,,,,,,,,,,,,,,cell,lymph node,lymph node,UBERON:0000029,CD4-positive helper T cell,CD4-positive helper T cell,CL:0000492,interleukin 6,,,increases,X synthesis,T follicular helper cell,,,,,,,,,,"BCL-6 dependent, requires ICOS; the subset that licenses germinal centres",days,paracrine,intra-organ,CD4 T cell count,CD4+ CD3+ (T4 helper) cells [#/volume] in Blood,LOINC:24467-3,serum IgE,,,,,,,,,innate cytokine milieu,,,macrophage activation,macrophage activation,GO:0042116,B cell help,,,barrier defense,,,"Cellular & Molecular Immunology, 11th Edition (2023)",9780443283581,10,,,,,,,,,,,,,,,,,,,,,,,
immune system,immune system process,GO:0002376,adaptive immunity,adaptive immune response,GO:0002250,helper T cell differentiation,"CD4-positive, alpha-beta T cell differentiation",GO:0043367,subset polarisation,T-helper cell differentiation,GO:0042093,,,,,,,,,,,,,,,cell,lymph node,lymph node,UBERON:0000029,CD4-positive helper T cell,CD4-positive helper T cell,CL:0000492,transforming growth factor beta,,,increases,X synthesis,regulatory T cell,,,,,,,,,,FOXP3 dependent; retinoic acid strongly favours this fate in the gut,days,paracrine,systemic,CD4 T cell count,CD4+ CD3+ (T4 helper) cells [#/volume] in Blood,LOINC:24467-3,serum IgE,,,,,,,,,innate cytokine milieu,,,macrophage activation,macrophage activation,GO:0042116,B cell help,,,barrier defense,,,"Cellular & Molecular Immunology, 11th Edition (2023)",9780443283581,10,,,,,,,,,,,,,,,,,,,,,,,
immune system,immune system process,GO:0002376,adaptive immunity,adaptive immune response,GO:0002250,helper T cell differentiation,"CD4-positive, alpha-beta T cell differentiation",GO:0043367,subset polarisation,T-helper cell differentiation,GO:0042093,,,,,,,,,,,,,,,cell,lymph node,lymph node,UBERON:0000029,CD4-positive helper T cell,CD4-positive helper T cell,CL:0000492,interferon gamma,,,decreases,X synthesis,T-helper 2 cell,,,,,,,,,,cross-inhibition between subsets makes commitment progressively stable,days,paracrine,systemic,CD4 T cell count,CD4+ CD3+ (T4 helper) cells [#/volume] in Blood,LOINC:24467-3,serum IgE,,,,,,,,,innate cytokine milieu,,,macrophage activation,macrophage activation,GO:0042116,B cell help,,,barrier defense,,,"Cellular & Molecular Immunology, 11th Edition (2023)",9780443283581,10,,,,,,,,,,,,,,,,,,,,,,,
immune system,immune system process,GO:0002376,adaptive immunity,adaptive immune response,GO:0002250,helper T cell differentiation,"CD4-positive, alpha-beta T cell differentiation",GO:0043367,subset polarisation,T-helper cell differentiation,GO:0042093,,,,,,,,,,,,,,Th1 cells arm macrophages to kill the organisms they have already ingested,cell,immune system,immune system,UBERON:0002405,T-helper 1 cell,T-helper 1 cell,CL:0000545,,,,does,X secretion,interferon gamma,,,,,,,,,,the signature cytokine of type 1 immunity; deficiency in its receptor causes disseminated mycobacterial disease,hours,,paracrine,CD4 T cell count,CD4+ CD3+ (T4 helper) cells [#/volume] in Blood,LOINC:24467-3,serum IgE,,,,,,,,,innate cytokine milieu,,,macrophage activation,macrophage activation,GO:0042116,B cell help,,,barrier defense,,,"Cellular & Molecular Immunology, 11th Edition (2023)",9780443283581,10,,,,,,,,,,,,,,,,,,,,,,,
immune system,immune system process,GO:0002376,adaptive immunity,adaptive immune response,GO:0002250,helper T cell differentiation,"CD4-positive, alpha-beta T cell differentiation",GO:0043367,subset polarisation,T-helper cell differentiation,GO:0042093,,,,,,,,,,,,,,Th2 cytokines orchestrate the anti-helminth and allergic effector programme,cell,immune system,immune system,UBERON:0002405,T-helper 2 cell,T-helper 2 cell,CL:0000546,,,,does,X secretion,"interleukin 4, interleukin 5 and interleukin 13",,,,,,,,,,"drives IgE switching, eosinophil recruitment, mucus production and smooth muscle contraction",hours,,paracrine,CD4 T cell count,CD4+ CD3+ (T4 helper) cells [#/volume] in Blood,LOINC:24467-3,serum IgE,,,,,,,,,innate cytokine milieu,,,macrophage activation,macrophage activation,GO:0042116,B cell help,,,barrier defense,,,"Cellular & Molecular Immunology, 11th Edition (2023)",9780443283581,10,,,,,,,,,,,,,,,,,,,,,,,
immune system,immune system process,GO:0002376,adaptive immunity,adaptive immune response,GO:0002250,helper T cell differentiation,"CD4-positive, alpha-beta T cell differentiation",GO:0043367,subset polarisation,T-helper cell differentiation,GO:0042093,,,,,,,,,,,,,,Th17 cytokines recruit neutrophils and reinforce epithelial defense,cell,immune system,immune system,UBERON:0002405,T-helper 17 cell,T-helper 17 cell,CL:0000899,,,,does,X secretion,interleukin 17 and interleukin 22,,,,,,,,,,recruits neutrophils and induces epithelial antimicrobial peptides; IL-17 pathway defects cause chronic mucocutaneous candidiasis,hours,,paracrine,CD4 T cell count,CD4+ CD3+ (T4 helper) cells [#/volume] in Blood,LOINC:24467-3,serum IgE,,,,,,,,,innate cytokine milieu,,,macrophage activation,macrophage activation,GO:0042116,B cell help,,,barrier defense,,,"Cellular & Molecular Immunology, 11th Edition (2023)",9780443283581,10,,,,,,,,,,,,,,,,,,,,,,,
immune system,immune system process,GO:0002376,adaptive immunity,adaptive immune response,GO:0002250,helper T cell differentiation,"CD4-positive, alpha-beta T cell differentiation",GO:0043367,subset polarisation,T-helper cell differentiation,GO:0042093,,,,,,,,,,,,,,Tfh cells provide the cytokine and CD40 ligand help that sustains germinal centres,cell,lymph node,lymph node,UBERON:0000029,T follicular helper cell,T follicular helper cell,CL:0002038,,,,does,X secretion,interleukin 21,,,,,,,,,,,hours-days,,paracrine,CD4 T cell count,CD4+ CD3+ (T4 helper) cells [#/volume] in Blood,LOINC:24467-3,serum IgE,,,,,,,,,innate cytokine milieu,,,macrophage activation,macrophage activation,GO:0042116,B cell help,,,barrier defense,,,"Cellular & Molecular Immunology, 11th Edition (2023)",9780443283581,10,,,,,,,,,,,,,,,,,,,,,,,
immune system,immune system process,GO:0002376,adaptive immunity,adaptive immune response,GO:0002250,cytotoxic T lymphocyte function,cell killing,GO:0001906,target recognition and killing,T cell mediated cytotoxicity,GO:0001913,,,,,,,,,,,,,,CTLs form a tight synapse with the target and polarise their granules toward it,cell,immune system,immune system,UBERON:0002405,cytotoxic T lymphocyte,"CD8-positive, alpha-beta cytotoxic T cell",CL:0000794,,,,does,cell-cell adhesion,,,,,,,,,,,conjugate formation and granule polarisation take minutes; one CTL can kill several targets serially,minutes,,intra-organ,CD4 T cell count,CD4+ CD3+ (T4 helper) cells [#/volume] in Blood,LOINC:24467-3,,,,,,,,,,MHC class I presentation,,,viral infection,,,tumour surveillance,,,CD4 help,,,"Cellular & Molecular Immunology, 11th Edition (2023)",9780443283581,11,,,,,,,,,,,,,,,,,,,,,,,
immune system,immune system process,GO:0002376,adaptive immunity,adaptive immune response,GO:0002250,cytotoxic T lymphocyte function,cell killing,GO:0001906,target recognition and killing,T cell mediated cytotoxicity,GO:0001913,,,,,,,,,,,,,granzyme B activates caspases and BID in the target; the same grammar gap as NK killing applies here,CTLs deliver cytotoxic granule contents into the target cell across the synapse,cell,immune system,immune system,UBERON:0002405,cytotoxic T lymphocyte,"CD8-positive, alpha-beta cytotoxic T cell",CL:0000794,,,,does,X secretion,"perforin, granzymes and granulysin",,,,,,,,,,directional release limits bystander damage; the CTL protects itself with cathepsin B and serpins,minutes,,paracrine,CD4 T cell count,CD4+ CD3+ (T4 helper) cells [#/volume] in Blood,LOINC:24467-3,,,,,,,,,,MHC class I presentation,,,viral infection,,,tumour surveillance,,,CD4 help,,,"Cellular & Molecular Immunology, 11th Edition (2023)",9780443283581,11,,,,,,,,,,,,,,,,,,,,,,,
immune system,immune system process,GO:0002376,adaptive immunity,adaptive immune response,GO:0002250,cytotoxic T lymphocyte function,cell killing,GO:0001906,target recognition and killing,T cell mediated cytotoxicity,GO:0001913,,,,,,,,,,,,,,,cell,immune system,immune system,UBERON:0002405,cytotoxic T lymphocyte,"CD8-positive, alpha-beta cytotoxic T cell",CL:0000794,peptide-MHC class I complex,,,increases,X secretion,"perforin, granzymes and granulysin",,,,,,,,,,,minutes,paracrine,paracrine,CD4 T cell count,CD4+ CD3+ (T4 helper) cells [#/volume] in Blood,LOINC:24467-3,,,,,,,,,,MHC class I presentation,,,viral infection,,,tumour surveillance,,,CD4 help,,,"Cellular & Molecular Immunology, 11th Edition (2023)",9780443283581,11,,,,,,,,,,,,,,,,,,,,,,,
immune system,immune system process,GO:0002376,adaptive immunity,adaptive immune response,GO:0002250,cytotoxic T lymphocyte function,cell killing,GO:0001906,target recognition and killing,T cell mediated cytotoxicity,GO:0001913,,,,,,,,,,,,,,,cell,immune system,immune system,UBERON:0002405,cytotoxic T lymphocyte,"CD8-positive, alpha-beta cytotoxic T cell",CL:0000794,programmed death ligand 1,,,decreases,X secretion,"perforin, granzymes and granulysin",,,,,,,,,,chronic antigen exposure produces a stable exhausted state with layered inhibitory receptor expression,days-weeks,paracrine,paracrine,CD4 T cell count,CD4+ CD3+ (T4 helper) cells [#/volume] in Blood,LOINC:24467-3,,,,,,,,,,MHC class I presentation,,,viral infection,,,tumour surveillance,,,CD4 help,,,"Cellular & Molecular Immunology, 11th Edition (2023)",9780443283581,11,,,,,,,,,,,,,,,,,,,,,,,
immune system,immune system process,GO:0002376,adaptive immunity,adaptive immune response,GO:0002250,cytotoxic T lymphocyte function,cell killing,GO:0001906,target recognition and killing,T cell mediated cytotoxicity,GO:0001913,,,,,,,,,,,,,,CTLs also contribute interferon gamma to macrophage activation,cell,immune system,immune system,UBERON:0002405,cytotoxic T lymphocyte,"CD8-positive, alpha-beta cytotoxic T cell",CL:0000794,,,,does,X secretion,interferon gamma,,,,,,,,,,,hours,,paracrine,CD4 T cell count,CD4+ CD3+ (T4 helper) cells [#/volume] in Blood,LOINC:24467-3,,,,,,,,,,MHC class I presentation,,,viral infection,,,tumour surveillance,,,CD4 help,,,"Cellular & Molecular Immunology, 11th Edition (2023)",9780443283581,11,,,,,,,,,,,,,,,,,,,,,,,
immune system,immune system process,GO:0002376,adaptive immunity,adaptive immune response,GO:0002250,B cell activation,B cell activation,GO:0042113,extrafollicular and germinal centre responses,germinal center formation,GO:0002467,,,,,,,,,,,,,the early extrafollicular wave buys time; the germinal centre reaction supplies quality,Activated B cells first form short-lived extrafollicular plasmablasts,cell,lymph node,lymph node,UBERON:0000029,naive B cell,naive B cell,CL:0000788,,,,does,X synthesis,plasmablast,,,,,,,,,,the extrafollicular response peaks at days 3-5 and produces mainly low-affinity IgM,days,,intra-organ,serum IgG,IgG [Mass/volume] in Serum,LOINC:2465-3,serum IgM,IgM [Mass/volume] in Serum,LOINC:2472-9,serum IgA,IgA [Mass/volume] in Serum,LOINC:2458-8,,,,T follicular helper cells,,,follicular dendritic cells,,,complement activation,complement activation,GO:0006956,vaccination,,,"Cellular & Molecular Immunology, 11th Edition (2023)",9780443283581,12,,,,,,,,,,,,,,,,,,,,,,,
immune system,immune system process,GO:0002376,adaptive immunity,adaptive immune response,GO:0002250,B cell activation,B cell activation,GO:0042113,extrafollicular and germinal centre responses,germinal center formation,GO:0002467,,,,,,,,,,,,,,,cell,lymph node,lymph node,UBERON:0000029,naive B cell,naive B cell,CL:0000788,CD40 ligand,,,increases,X synthesis,plasmablast,,,,,,,,,,"hyper-IgM syndrome results from CD40 ligand deficiency: high IgM, absent switched isotypes and no germinal centres",days,paracrine,intra-organ,serum IgG,IgG [Mass/volume] in Serum,LOINC:2465-3,serum IgM,IgM [Mass/volume] in Serum,LOINC:2472-9,serum IgA,IgA [Mass/volume] in Serum,LOINC:2458-8,,,,T follicular helper cells,,,follicular dendritic cells,,,complement activation,complement activation,GO:0006956,vaccination,,,"Cellular & Molecular Immunology, 11th Edition (2023)",9780443283581,12,,,,,,,,,,,,,,,,,,,,,,,
immune system,immune system process,GO:0002376,adaptive immunity,adaptive immune response,GO:0002250,B cell activation,B cell activation,GO:0042113,extrafollicular and germinal centre responses,germinal center formation,GO:0002467,,,,,,,,,,,,,,,cell,lymph node,lymph node,UBERON:0000029,naive B cell,naive B cell,CL:0000788,complement C3d,,,increases,X synthesis,plasmablast,,,,,,,,,,CR2 co-ligation lowers the antigen threshold for B cell activation by 100- to 1000-fold,hours-days,circulatory,intra-organ,serum IgG,IgG [Mass/volume] in Serum,LOINC:2465-3,serum IgM,IgM [Mass/volume] in Serum,LOINC:2472-9,serum IgA,IgA [Mass/volume] in Serum,LOINC:2458-8,,,,T follicular helper cells,,,follicular dendritic cells,,,complement activation,complement activation,GO:0006956,vaccination,,,"Cellular & Molecular Immunology, 11th Edition (2023)",9780443283581,12,,,,,,,,,,,,,,,,,,,,,,,
immune system,immune system process,GO:0002376,adaptive immunity,adaptive immune response,GO:0002250,B cell activation,B cell activation,GO:0042113,extrafollicular and germinal centre responses,germinal center formation,GO:0002467,,,,,,,,,,,,,"mutation is random; the selection step, competition for limiting antigen on follicular dendritic cells and for Tfh help, supplies the direction",Germinal centre B cells mutate their receptors and are selected for improved affinity,cell,lymph node,lymph node,UBERON:0000029,germinal center B cell,germinal center B cell,CL:0000844,,,,does,X conversion to Y,low-affinity B cell receptor,,,high-affinity B cell receptor,,,,,,,"somatic hypermutation runs at about 10^-3 per base pair per division, a million-fold above background",days-weeks,,intra-organ,serum IgG,IgG [Mass/volume] in Serum,LOINC:2465-3,serum IgM,IgM [Mass/volume] in Serum,LOINC:2472-9,serum IgA,IgA [Mass/volume] in Serum,LOINC:2458-8,,,,T follicular helper cells,,,follicular dendritic cells,,,complement activation,complement activation,GO:0006956,vaccination,,,"Cellular & Molecular Immunology, 11th Edition (2023)",9780443283581,12,,,,,,,,,,,,,,,,,,,,,,,
immune system,immune system process,GO:0002376,adaptive immunity,adaptive immune response,GO:0002250,B cell activation,B cell activation,GO:0042113,extrafollicular and germinal centre responses,germinal center formation,GO:0002467,,,,,,,,,,,,,,,cell,lymph node,lymph node,UBERON:0000029,germinal center B cell,germinal center B cell,CL:0000844,T follicular helper cell help,,,increases,X conversion to Y,low-affinity B cell receptor,,,high-affinity B cell receptor,,,,,,,affinity can improve 10- to 100-fold over the course of a response,days-weeks,paracrine,intra-organ,serum IgG,IgG [Mass/volume] in Serum,LOINC:2465-3,serum IgM,IgM [Mass/volume] in Serum,LOINC:2472-9,serum IgA,IgA [Mass/volume] in Serum,LOINC:2458-8,,,,T follicular helper cells,,,follicular dendritic cells,,,complement activation,complement activation,GO:0006956,vaccination,,,"Cellular & Molecular Immunology, 11th Edition (2023)",9780443283581,12,,,,,,,,,,,,,,,,,,,,,,,
immune system,immune system process,GO:0002376,adaptive immunity,adaptive immune response,GO:0002250,B cell activation,B cell activation,GO:0042113,extrafollicular and germinal centre responses,germinal center formation,GO:0002467,,,,,,,,,,,,,switching changes what the antibody can do without changing what it recognises,Class switch recombination changes antibody effector function while preserving specificity,cell,lymph node,lymph node,UBERON:0000029,germinal center B cell,germinal center B cell,CL:0000844,,,,does,X conversion to Y,immunoglobulin M,,,immunoglobulin G,,,,,,,AID-dependent class switch recombination; the variable region and therefore the specificity is preserved,days,,intra-organ,serum IgG,IgG [Mass/volume] in Serum,LOINC:2465-3,serum IgM,IgM [Mass/volume] in Serum,LOINC:2472-9,serum IgA,IgA [Mass/volume] in Serum,LOINC:2458-8,,,,T follicular helper cells,,,follicular dendritic cells,,,complement activation,complement activation,GO:0006956,vaccination,,,"Cellular & Molecular Immunology, 11th Edition (2023)",9780443283581,12,,,,,,,,,,,,,,,,,,,,,,,
immune system,immune system process,GO:0002376,adaptive immunity,adaptive immune response,GO:0002250,B cell activation,B cell activation,GO:0042113,extrafollicular and germinal centre responses,germinal center formation,GO:0002467,,,,,,,,,,,,,,,cell,lymph node,lymph node,UBERON:0000029,germinal center B cell,germinal center B cell,CL:0000844,interleukin 4,,,increases,X conversion to Y,immunoglobulin M,,,immunoglobulin E,,,,,,,,days,paracrine,intra-organ,serum IgG,IgG [Mass/volume] in Serum,LOINC:2465-3,serum IgM,IgM [Mass/volume] in Serum,LOINC:2472-9,serum IgA,IgA [Mass/volume] in Serum,LOINC:2458-8,,,,T follicular helper cells,,,follicular dendritic cells,,,complement activation,complement activation,GO:0006956,vaccination,,,"Cellular & Molecular Immunology, 11th Edition (2023)",9780443283581,12,,,,,,,,,,,,,,,,,,,,,,,
immune system,immune system process,GO:0002376,adaptive immunity,adaptive immune response,GO:0002250,B cell activation,B cell activation,GO:0042113,extrafollicular and germinal centre responses,germinal center formation,GO:0002467,,,,,,,,,,,,,,,cell,lymph node,lymph node,UBERON:0000029,germinal center B cell,germinal center B cell,CL:0000844,transforming growth factor beta,,,increases,X conversion to Y,immunoglobulin M,,,immunoglobulin A,,,,,,,with retinoic acid in gut-associated tissue; the basis of mucosal IgA dominance,days,paracrine,intra-organ,serum IgG,IgG [Mass/volume] in Serum,LOINC:2465-3,serum IgM,IgM [Mass/volume] in Serum,LOINC:2472-9,serum IgA,IgA [Mass/volume] in Serum,LOINC:2458-8,,,,T follicular helper cells,,,follicular dendritic cells,,,complement activation,complement activation,GO:0006956,vaccination,,,"Cellular & Molecular Immunology, 11th Edition (2023)",9780443283581,12,,,,,,,,,,,,,,,,,,,,,,,
immune system,immune system process,GO:0002376,adaptive immunity,adaptive immune response,GO:0002250,B cell activation,B cell activation,GO:0042113,extrafollicular and germinal centre responses,germinal center formation,GO:0002467,,,,,,,,,,,,,,Germinal centre output divides between memory B cells and long-lived plasma cells,cell,lymph node,lymph node,UBERON:0000029,germinal center B cell,germinal center B cell,CL:0000844,,,,does,X synthesis,memory B cell,,,,,,,,,,memory B cells persist for decades and respond to rechallenge within days rather than weeks,days-weeks,,systemic,serum IgG,IgG [Mass/volume] in Serum,LOINC:2465-3,serum IgM,IgM [Mass/volume] in Serum,LOINC:2472-9,serum IgA,IgA [Mass/volume] in Serum,LOINC:2458-8,,,,T follicular helper cells,,,follicular dendritic cells,,,complement activation,complement activation,GO:0006956,vaccination,,,"Cellular & Molecular Immunology, 11th Edition (2023)",9780443283581,12,,,,,,,,,,,,,,,,,,,,,,,
immune system,immune system process,GO:0002376,adaptive immunity,adaptive immune response,GO:0002250,B cell activation,B cell activation,GO:0042113,extrafollicular and germinal centre responses,germinal center formation,GO:0002467,,,,,,,,,,,,,,,cell,lymph node,lymph node,UBERON:0000029,germinal center B cell,germinal center B cell,CL:0000844,,,,does,X synthesis,plasma cell,,,,,,,,,,long-lived plasma cells home to marrow and sustain antibody for years without antigen,days-weeks,,systemic,serum IgG,IgG [Mass/volume] in Serum,LOINC:2465-3,serum IgM,IgM [Mass/volume] in Serum,LOINC:2472-9,serum IgA,IgA [Mass/volume] in Serum,LOINC:2458-8,,,,T follicular helper cells,,,follicular dendritic cells,,,complement activation,complement activation,GO:0006956,vaccination,,,"Cellular & Molecular Immunology, 11th Edition (2023)",9780443283581,12,,,,,,,,,,,,,,,,,,,,,,,
immune system,immune system process,GO:0002376,adaptive immunity,adaptive immune response,GO:0002250,B cell activation,B cell activation,GO:0042113,extrafollicular and germinal centre responses,germinal center formation,GO:0002467,,,,,,,,,,,,,"this is a genuine storage function: the follicular dendritic cell is an antigen depot, not a phagocyte",Follicular dendritic cells retain intact antigen as a depot for germinal centre selection,cell,lymph node,lymph node,UBERON:0000029,follicular dendritic cell,follicular dendritic cell,CL:0000442,,,,does,X storage,antigen-antibody complexes,,,,,,,,,,complement- and Fc receptor-bound complexes are retained on the cell surface for months without degradation,days-weeks,,intra-organ,serum IgG,IgG [Mass/volume] in Serum,LOINC:2465-3,serum IgM,IgM [Mass/volume] in Serum,LOINC:2472-9,serum IgA,IgA [Mass/volume] in Serum,LOINC:2458-8,,,,T follicular helper cells,,,follicular dendritic cells,,,complement activation,complement activation,GO:0006956,vaccination,,,"Cellular & Molecular Immunology, 11th Edition (2023)",9780443283581,12,,,,,,,,,,,,,,,,,,,,,,,
immune system,immune system process,GO:0002376,adaptive immunity,adaptive immune response,GO:0002250,B cell activation,B cell activation,GO:0042113,extrafollicular and germinal centre responses,germinal center formation,GO:0002467,,,,,,,,,,,,,antibody feedback is why passive antibody can blunt an active vaccine response,,cell,lymph node,lymph node,UBERON:0000029,B cell,B cell,CL:0000236,immune complex,,,decreases,X synthesis,plasmablast,,,,,,,,,,FcgammaRIIB co-ligation with the B cell receptor terminates the response as antibody accumulates,days,circulatory,intra-organ,serum IgG,IgG [Mass/volume] in Serum,LOINC:2465-3,serum IgM,IgM [Mass/volume] in Serum,LOINC:2472-9,serum IgA,IgA [Mass/volume] in Serum,LOINC:2458-8,,,,T follicular helper cells,,,follicular dendritic cells,,,complement activation,complement activation,GO:0006956,vaccination,,,"Cellular & Molecular Immunology, 11th Edition (2023)",9780443283581,12,,,,,,,,,,,,,,,,,,,,,,,
immune system,immune system process,GO:0002376,adaptive immunity,adaptive immune response,GO:0002250,antibody production and effector function,humoral immune response,GO:0006959,isotype-specific effector roles,immunoglobulin production,GO:0002377,,,,,,,,,,,,,"IgG has a 21-day half-life, far longer than other isotypes, because FcRn continually rescues it from lysosomal degradation",Plasma cells sustain the circulating antibody pool that mediates systemic humoral immunity,cell,bone marrow,bone marrow,UBERON:0002371,plasma cell,plasma cell,CL:0000786,,,,does,X secretion,immunoglobulin G,,,,,,,,,"[700, 1600]",units = mg/dL serum IgG; a single plasma cell secretes on the order of 1000 molecules per second,days,,circulatory,serum IgG,IgG [Mass/volume] in Serum,LOINC:2465-3,serum IgA,IgA [Mass/volume] in Serum,LOINC:2458-8,serum IgM,IgM [Mass/volume] in Serum,LOINC:2472-9,complement C3,Complement C3 [Mass/volume] in Serum or Plasma,LOINC:4485-1,complement activation,complement activation,GO:0006956,phagocytosis,phagocytosis,GO:0006909,mast cell activation,,,neonatal immunity,,,"Cellular & Molecular Immunology, 11th Edition (2023)",9780443283581,13,,,,,,,,,,,,,,,,,,,,,,,
immune system,immune system process,GO:0002376,adaptive immunity,adaptive immune response,GO:0002250,antibody production and effector function,humoral immune response,GO:0006959,isotype-specific effector roles,immunoglobulin production,GO:0002377,,,,,,,,,,,,,,Mucosal plasma cells produce the dimeric IgA that dominates secretory immunity,cell,intestine,intestine,UBERON:0000160,plasma cell,plasma cell,CL:0000786,,,,does,X secretion,immunoglobulin A,,,,,,,,,,"3-5 g secreted daily, more than all other isotypes combined; dimeric with J chain",days,,intra-organ,serum IgG,IgG [Mass/volume] in Serum,LOINC:2465-3,serum IgA,IgA [Mass/volume] in Serum,LOINC:2458-8,serum IgM,IgM [Mass/volume] in Serum,LOINC:2472-9,complement C3,Complement C3 [Mass/volume] in Serum or Plasma,LOINC:4485-1,complement activation,complement activation,GO:0006956,phagocytosis,phagocytosis,GO:0006909,mast cell activation,,,neonatal immunity,,,"Cellular & Molecular Immunology, 11th Edition (2023)",9780443283581,13,,,,,,,,,,,,,,,,,,,,,,,
immune system,immune system process,GO:0002376,adaptive immunity,adaptive immune response,GO:0002250,antibody production and effector function,humoral immune response,GO:0006959,isotype-specific effector roles,immunoglobulin production,GO:0002377,,,,,,,,,,,,,,Epithelial transcytosis delivers IgA to the mucosal surface in a protease-resistant form,cell,intestine,intestine,UBERON:0000160,intestinal epithelial cell,intestinal epithelial cell,CL:0002563,,,,does,transport of X from Y to Z,dimeric immunoglobulin A,,,lamina propria,,,intestinal lumen,,,,polymeric immunoglobulin receptor-mediated transcytosis; the cleaved receptor remains as secretory component and resists luminal proteolysis,minutes-hours,,intra-organ,serum IgG,IgG [Mass/volume] in Serum,LOINC:2465-3,serum IgA,IgA [Mass/volume] in Serum,LOINC:2458-8,serum IgM,IgM [Mass/volume] in Serum,LOINC:2472-9,complement C3,Complement C3 [Mass/volume] in Serum or Plasma,LOINC:4485-1,complement activation,complement activation,GO:0006956,phagocytosis,phagocytosis,GO:0006909,mast cell activation,,,neonatal immunity,,,"Cellular & Molecular Immunology, 11th Edition (2023)",9780443283581,13,,,,,,,,,,,,,,,,,,,,,,,
immune system,immune system process,GO:0002376,adaptive immunity,adaptive immune response,GO:0002250,antibody production and effector function,humoral immune response,GO:0006959,isotype-specific effector roles,immunoglobulin production,GO:0002377,,,,,,,,,,,,,,IgE is produced in small amounts and sequestered on tissue mast cells,cell,immune system,immune system,UBERON:0002405,plasma cell,plasma cell,CL:0000786,,,,does,X secretion,immunoglobulin E,,,,,,,,,,"the least abundant isotype in serum, but almost entirely bound to mast cells and basophils rather than free",days,,circulatory,serum IgG,IgG [Mass/volume] in Serum,LOINC:2465-3,serum IgA,IgA [Mass/volume] in Serum,LOINC:2458-8,serum IgM,IgM [Mass/volume] in Serum,LOINC:2472-9,complement C3,Complement C3 [Mass/volume] in Serum or Plasma,LOINC:4485-1,complement activation,complement activation,GO:0006956,phagocytosis,phagocytosis,GO:0006909,mast cell activation,,,neonatal immunity,,,"Cellular & Molecular Immunology, 11th Edition (2023)",9780443283581,13,,,,,,,,,,,,,,,,,,,,,,,
immune system,immune system process,GO:0002376,adaptive immunity,adaptive immune response,GO:0002250,antibody production and effector function,humoral immune response,GO:0006959,isotype-specific effector roles,immunoglobulin production,GO:0002377,,,,,,,,,,,,,the same receptor is exploited therapeutically to prolong the half-life of engineered antibodies,FcRn rescues internalised IgG from degradation and returns it to the circulation,cell,blood,blood,UBERON:0000178,endothelial cell,endothelial cell,CL:0000115,,,,does,X uptake,immunoglobulin G,,,,,,,,,,FcRn-mediated pinocytic salvage and recycling extends the IgG half-life to about 21 days,hours-days,,circulatory,serum IgG,IgG [Mass/volume] in Serum,LOINC:2465-3,serum IgA,IgA [Mass/volume] in Serum,LOINC:2458-8,serum IgM,IgM [Mass/volume] in Serum,LOINC:2472-9,complement C3,Complement C3 [Mass/volume] in Serum or Plasma,LOINC:4485-1,complement activation,complement activation,GO:0006956,phagocytosis,phagocytosis,GO:0006909,mast cell activation,,,neonatal immunity,,,"Cellular & Molecular Immunology, 11th Edition (2023)",9780443283581,13,,,,,,,,,,,,,,,,,,,,,,,
immune system,immune system process,GO:0002376,adaptive immunity,adaptive immune response,GO:0002250,antibody production and effector function,humoral immune response,GO:0006959,isotype-specific effector roles,immunoglobulin production,GO:0002377,,,,,,,,,,,,,the window between maternal antibody decay and mature infant responses is the period of greatest infectious vulnerability,"Placental FcRn transfers maternal IgG to the fetus, conferring passive immunity",cell,placenta,placenta,UBERON:0001987,syncytiotrophoblast,,,,,,does,transport of X from Y to Z,maternal immunoglobulin G,,,maternal blood,,,fetal circulation,,,,FcRn-mediated; provides passive protection for roughly the first 6 months of life as maternal IgG decays,days-weeks,,systemic,serum IgG,IgG [Mass/volume] in Serum,LOINC:2465-3,serum IgA,IgA [Mass/volume] in Serum,LOINC:2458-8,serum IgM,IgM [Mass/volume] in Serum,LOINC:2472-9,complement C3,Complement C3 [Mass/volume] in Serum or Plasma,LOINC:4485-1,complement activation,complement activation,GO:0006956,phagocytosis,phagocytosis,GO:0006909,mast cell activation,,,neonatal immunity,,,"Cellular & Molecular Immunology, 11th Edition (2023)",9780443283581,13,,,,,,,,,,,,,,,,,,,,,,,
immune system,immune system process,GO:0002376,adaptive immunity,adaptive immune response,GO:0002250,antibody production and effector function,humoral immune response,GO:0006959,isotype-specific effector roles,immunoglobulin production,GO:0002377,,,,,,,,,,,,,,,cell,immune system,immune system,UBERON:0002405,macrophage,macrophage,CL:0000235,immunoglobulin G,,,increases,X uptake,microorganisms,,,,,,,,,,opsonisation is the quantitatively dominant antibody effector mechanism against encapsulated bacteria,minutes,circulatory,intra-organ,serum IgG,IgG [Mass/volume] in Serum,LOINC:2465-3,serum IgA,IgA [Mass/volume] in Serum,LOINC:2458-8,serum IgM,IgM [Mass/volume] in Serum,LOINC:2472-9,complement C3,Complement C3 [Mass/volume] in Serum or Plasma,LOINC:4485-1,complement activation,complement activation,GO:0006956,phagocytosis,phagocytosis,GO:0006909,mast cell activation,,,neonatal immunity,,,"Cellular & Molecular Immunology, 11th Edition (2023)",9780443283581,13,,,,,,,,,,,,,,,,,,,,,,,
immune system,immune system process,GO:0002376,adaptive immunity,adaptive immune response,GO:0002250,antibody production and effector function,humoral immune response,GO:0006959,isotype-specific effector roles,immunoglobulin production,GO:0002377,,,,,,,,,,,,,,Neutralising antibody blocks microbial attachment and entry before infection is established,organism,immune system,immune system,UBERON:0002405,immune system,,,neutralizing antibody,,,decreases,transport of X from Y to Z,virus,,,extracellular fluid,,,host cell,,,,blocking receptor engagement; the correlate of protection for most licensed vaccines,minutes,circulatory,systemic,serum IgG,IgG [Mass/volume] in Serum,LOINC:2465-3,serum IgA,IgA [Mass/volume] in Serum,LOINC:2458-8,serum IgM,IgM [Mass/volume] in Serum,LOINC:2472-9,complement C3,Complement C3 [Mass/volume] in Serum or Plasma,LOINC:4485-1,complement activation,complement activation,GO:0006956,phagocytosis,phagocytosis,GO:0006909,mast cell activation,,,neonatal immunity,,,"Cellular & Molecular Immunology, 11th Edition (2023)",9780443283581,13,,,,,,,,,,,,,,,,,,,,,,,
immune system,immune system process,GO:0002376,lymphocyte development,lymphocyte differentiation,GO:0030098,haematopoiesis and lymphoid commitment,hematopoietic progenitor cell differentiation,GO:0002244,progenitor output,lymphoid progenitor cell differentiation,GO:0002320,,,,,,,,,,,,,fetal liver is the generative site before birth; marrow takes over afterwards,Haematopoietic stem cells give rise to the lymphoid and myeloid lineages,cell,bone marrow,bone marrow,UBERON:0002371,hematopoietic stem cell,hematopoietic stem cell,CL:0000037,,,,does,X synthesis,common lymphoid progenitor,,,,,,,,,,the marrow produces on the order of 10^11 leukocytes daily throughout life,days,,circulatory,complete blood count with differential,CBC panel - Blood by Automated count,LOINC:58410-2,CD4 T cell count,CD4+ CD3+ (T4 helper) cells [#/volume] in Blood,LOINC:24467-3,,,,,,,hematopoiesis,,,bone marrow stroma,,,cytokine signalling,,,,,,"Cellular & Molecular Immunology, 11th Edition (2023)",9780443283581,"2, 8",,,,,,,,,,,,,,,,,,,,,,,
immune system,immune system process,GO:0002376,lymphocyte development,lymphocyte differentiation,GO:0030098,haematopoiesis and lymphoid commitment,hematopoietic progenitor cell differentiation,GO:0002244,progenitor output,lymphoid progenitor cell differentiation,GO:0002320,,,,,,,,,,,,,,Marrow stroma supplies the survival and proliferation cytokines of early lymphopoiesis,cell,bone marrow,bone marrow,UBERON:0002371,bone marrow stromal cell,,,,,,does,X secretion,interleukin 7 and stem cell factor,,,,,,,,,,IL-7 receptor or common gamma chain defects abolish T cell development and cause severe combined immunodeficiency,days,,paracrine,complete blood count with differential,CBC panel - Blood by Automated count,LOINC:58410-2,CD4 T cell count,CD4+ CD3+ (T4 helper) cells [#/volume] in Blood,LOINC:24467-3,,,,,,,hematopoiesis,,,bone marrow stroma,,,cytokine signalling,,,,,,"Cellular & Molecular Immunology, 11th Edition (2023)",9780443283581,"2, 8",,,,,,,,,,,,,,,,,,,,,,,
immune system,immune system process,GO:0002376,lymphocyte development,lymphocyte differentiation,GO:0030098,B cell development,B cell differentiation,GO:0030183,receptor assembly and negative selection,V(D)J recombination,GO:0033151,,,,,,,,,,,,,"junctional diversity from terminal transferase and imprecise joining is concentrated in CDR3, the principal antigen-contacting loop",RAG-mediated recombination assembles a unique antigen receptor gene in each developing lymphocyte,cell,bone marrow,bone marrow,UBERON:0002371,pro-B cell,,,,,,does,X conversion to Y,germline immunoglobulin gene segments,,,rearranged VDJ exon,,,,,,,RAG1 and RAG2 dependent; combinatorial and junctional diversity together generate a repertoire on the order of 10^11 specificities,hours-days,,intra-organ,serum IgM,IgM [Mass/volume] in Serum,LOINC:2472-9,serum IgG,IgG [Mass/volume] in Serum,LOINC:2465-3,complete blood count with differential,CBC panel - Blood by Automated count,LOINC:58410-2,,,,central tolerance,,,autoimmunity,,,hematopoiesis,,,,,,"Cellular & Molecular Immunology, 11th Edition (2023)",9780443283581,8,,,,,,,,,,,,,,,,,,,,,,,
immune system,immune system process,GO:0002376,lymphocyte development,lymphocyte differentiation,GO:0030098,B cell development,B cell differentiation,GO:0030183,receptor assembly and negative selection,V(D)J recombination,GO:0033151,,,,,,,,,,,,,,Successful heavy chain rearrangement licenses expansion and blocks the second allele,cell,bone marrow,bone marrow,UBERON:0002371,pre-B cell,,,pre-B cell receptor,,,increases,X synthesis,immature B cell,,,,,,,,,,"signals survival, proliferation and heavy chain allelic exclusion, ensuring one specificity per cell",days,intra-organ,intra-organ,serum IgM,IgM [Mass/volume] in Serum,LOINC:2472-9,serum IgG,IgG [Mass/volume] in Serum,LOINC:2465-3,complete blood count with differential,CBC panel - Blood by Automated count,LOINC:58410-2,,,,central tolerance,,,autoimmunity,,,hematopoiesis,,,,,,"Cellular & Molecular Immunology, 11th Edition (2023)",9780443283581,8,,,,,,,,,,,,,,,,,,,,,,,
immune system,immune system process,GO:0002376,lymphocyte development,lymphocyte differentiation,GO:0030098,B cell development,B cell differentiation,GO:0030183,receptor assembly and negative selection,V(D)J recombination,GO:0033151,,,,,,,,,,,,,B cells get a second chance that T cells do not: receptor editing rewrites the light chain rather than killing the cell,Self-reactive immature B cells are edited or deleted before leaving the marrow,cell,bone marrow,bone marrow,UBERON:0002371,immature B cell,,,self antigen,,,decreases,X synthesis,naive B cell,,,,,,,,,,high-avidity self recognition triggers receptor editing first and deletion if editing fails,days,intra-organ,intra-organ,serum IgM,IgM [Mass/volume] in Serum,LOINC:2472-9,serum IgG,IgG [Mass/volume] in Serum,LOINC:2465-3,complete blood count with differential,CBC panel - Blood by Automated count,LOINC:58410-2,,,,central tolerance,,,autoimmunity,,,hematopoiesis,,,,,,"Cellular & Molecular Immunology, 11th Edition (2023)",9780443283581,8,,,,,,,,,,,,,,,,,,,,,,,
immune system,immune system process,GO:0002376,lymphocyte development,lymphocyte differentiation,GO:0030098,T cell development,T cell differentiation in thymus,GO:0033077,thymic selection,thymic T cell selection,GO:0045061,,,,,,,,,,,,,the thymus is prodigal by design: a repertoire useful against unknown pathogens can only be found by generating and discarding vast numbers,The thymus generates and selects the mature naive T cell repertoire,organ,thymus,thymus,UBERON:0002370,thymus,,,,,,does,X synthesis,naive T cell,,,,,,,,,,fewer than 5% of thymocytes survive selection; output falls steeply after puberty with thymic involution,days-weeks,,systemic,CD4 T cell count,CD4+ CD3+ (T4 helper) cells [#/volume] in Blood,LOINC:24467-3,complete blood count with differential,CBC panel - Blood by Automated count,LOINC:58410-2,,,,,,,central tolerance,,,autoimmune polyendocrinopathy,,,regulatory T cells,,,,,,"Cellular & Molecular Immunology, 11th Edition (2023)",9780443283581,8,,,,,,,,,,,,,,,,,,,,,,,
immune system,immune system process,GO:0002376,lymphocyte development,lymphocyte differentiation,GO:0030098,T cell development,T cell differentiation in thymus,GO:0033077,thymic selection,thymic T cell selection,GO:0045061,,,,,,,,,,,,,,Weak self-MHC recognition rescues thymocytes from death and sets their coreceptor lineage,cell,thymus,thymus,UBERON:0002370,thymocyte,thymocyte,CL:0000893,low-avidity self peptide-MHC,,,increases,X synthesis,naive T cell,,,,,,,,,,positive selection; also fixes CD4 versus CD8 lineage according to whether class II or class I was engaged,days,intra-organ,intra-organ,CD4 T cell count,CD4+ CD3+ (T4 helper) cells [#/volume] in Blood,LOINC:24467-3,complete blood count with differential,CBC panel - Blood by Automated count,LOINC:58410-2,,,,,,,central tolerance,,,autoimmune polyendocrinopathy,,,regulatory T cells,,,,,,"Cellular & Molecular Immunology, 11th Edition (2023)",9780443283581,8,,,,,,,,,,,,,,,,,,,,,,,
immune system,immune system process,GO:0002376,lymphocyte development,lymphocyte differentiation,GO:0030098,T cell development,T cell differentiation in thymus,GO:0033077,thymic selection,thymic T cell selection,GO:0045061,,,,,,,,,,,,,,,cell,thymus,thymus,UBERON:0002370,thymocyte,thymocyte,CL:0000893,high-avidity self peptide-MHC,,,decreases,X synthesis,naive T cell,,,,,,,,,,negative selection by clonal deletion; the principal mechanism of central tolerance,hours-days,intra-organ,intra-organ,CD4 T cell count,CD4+ CD3+ (T4 helper) cells [#/volume] in Blood,LOINC:24467-3,complete blood count with differential,CBC panel - Blood by Automated count,LOINC:58410-2,,,,,,,central tolerance,,,autoimmune polyendocrinopathy,,,regulatory T cells,,,,,,"Cellular & Molecular Immunology, 11th Edition (2023)",9780443283581,8,,,,,,,,,,,,,,,,,,,,,,,
immune system,immune system process,GO:0002376,lymphocyte development,lymphocyte differentiation,GO:0030098,T cell development,T cell differentiation in thymus,GO:0033077,thymic selection,thymic T cell selection,GO:0045061,,,,,,,,,,,,,"the thymus solves an apparently impossible problem by expressing insulin, thyroglobulin and other peripheral proteins in situ",AIRE-driven ectopic antigen expression allows deletion of T cells specific for peripheral tissues,cell,thymus,thymus,UBERON:0002370,medullary thymic epithelial cell,,,AIRE,,,increases,transport of X from Y to Z,tissue-restricted self peptide-MHC complex,,,endosome,,,cell surface,,,,AIRE drives ectopic expression of peripheral tissue antigens in the medulla; its loss causes autoimmune polyendocrine syndrome type 1,days,intra-organ,intra-organ,CD4 T cell count,CD4+ CD3+ (T4 helper) cells [#/volume] in Blood,LOINC:24467-3,complete blood count with differential,CBC panel - Blood by Automated count,LOINC:58410-2,,,,,,,central tolerance,,,autoimmune polyendocrinopathy,,,regulatory T cells,,,,,,"Cellular & Molecular Immunology, 11th Edition (2023)",9780443283581,8,,,,,,,,,,,,,,,,,,,,,,,
immune system,immune system process,GO:0002376,lymphocyte development,lymphocyte differentiation,GO:0030098,T cell development,T cell differentiation in thymus,GO:0033077,thymic selection,thymic T cell selection,GO:0045061,,,,,,,,,,,,,,Some self-reactive CD4 thymocytes are diverted into the regulatory lineage rather than deleted,cell,thymus,thymus,UBERON:0002370,thymocyte,thymocyte,CL:0000893,intermediate-avidity self peptide-MHC,,,increases,X synthesis,regulatory T cell,,,,,,,,,,an alternative fate to deletion for self-reactive CD4 cells; the source of the natural Treg repertoire,days,intra-organ,systemic,CD4 T cell count,CD4+ CD3+ (T4 helper) cells [#/volume] in Blood,LOINC:24467-3,complete blood count with differential,CBC panel - Blood by Automated count,LOINC:58410-2,,,,,,,central tolerance,,,autoimmune polyendocrinopathy,,,regulatory T cells,,,,,,"Cellular & Molecular Immunology, 11th Edition (2023)",9780443283581,8,,,,,,,,,,,,,,,,,,,,,,,
immune system,immune system process,GO:0002376,immune regulation and tolerance,tolerance induction,GO:0002507,peripheral tolerance,tolerance induction,GO:0002507,regulatory T cell function,regulatory T cell differentiation,GO:0045066,,,,,,,,,,,,,"regulatory T cells demonstrate that tolerance is actively maintained, not merely the absence of a response",Regulatory T cells suppress effector responses through inhibitory cytokines and contact-dependent mechanisms,cell,immune system,immune system,UBERON:0002405,regulatory T cell,regulatory T cell,CL:0000815,,,,does,X secretion,interleukin 10 and transforming growth factor beta,,,,,,,,,,5-10% of circulating CD4 cells; FOXP3 mutation causes the fatal IPEX syndrome,hours-days,,paracrine,CD4 T cell count,CD4+ CD3+ (T4 helper) cells [#/volume] in Blood,LOINC:24467-3,,,,,,,,,,peripheral tolerance,tolerance induction,GO:0002507,autoimmunity,,,transplantation,,,tumour immunity,,,"Cellular & Molecular Immunology, 11th Edition (2023)",9780443283581,"9, 14",,,,,,,,,,,,,,,,,,,,,,,
immune system,immune system process,GO:0002376,immune regulation and tolerance,tolerance induction,GO:0002507,peripheral tolerance,tolerance induction,GO:0002507,regulatory T cell function,regulatory T cell differentiation,GO:0045066,,,,,,,,,,,,,,,cell,immune system,immune system,UBERON:0002405,regulatory T cell,regulatory T cell,CL:0000815,interleukin 2,,,increases,X synthesis,regulatory T cell,,,,,,,,,,Tregs constitutively express the high-affinity IL-2 receptor and consume the cytokine effector cells need,days,paracrine,systemic,CD4 T cell count,CD4+ CD3+ (T4 helper) cells [#/volume] in Blood,LOINC:24467-3,,,,,,,,,,peripheral tolerance,tolerance induction,GO:0002507,autoimmunity,,,transplantation,,,tumour immunity,,,"Cellular & Molecular Immunology, 11th Edition (2023)",9780443283581,"9, 14",,,,,,,,,,,,,,,,,,,,,,,
immune system,immune system process,GO:0002376,immune regulation and tolerance,tolerance induction,GO:0002507,peripheral tolerance,tolerance induction,GO:0002507,regulatory T cell function,regulatory T cell differentiation,GO:0045066,,,,,,,,,,,,,,,cell,intestine,intestine,UBERON:0000160,regulatory T cell,regulatory T cell,CL:0000815,butyrate,,,increases,X synthesis,regulatory T cell,,,,,,,,,,commensal-derived short-chain fatty acids expand colonic Tregs,days,intra-organ,intra-organ,CD4 T cell count,CD4+ CD3+ (T4 helper) cells [#/volume] in Blood,LOINC:24467-3,,,,,,,,,,peripheral tolerance,tolerance induction,GO:0002507,autoimmunity,,,transplantation,,,tumour immunity,,,"Cellular & Molecular Immunology, 11th Edition (2023)",9780443283581,"9, 14",,,,,,,,,,,,,,,,,,,,,,,
immune system,immune system process,GO:0002376,immune regulation and tolerance,tolerance induction,GO:0002507,peripheral tolerance,tolerance induction,GO:0002507,regulatory T cell function,regulatory T cell differentiation,GO:0045066,,,,,,,,,,,,,,,cell,immune system,immune system,UBERON:0002405,macrophage,macrophage,CL:0000235,interleukin 10,,,decreases,X secretion,interleukin 12,,,,,,,,,,,hours,paracrine,paracrine,CD4 T cell count,CD4+ CD3+ (T4 helper) cells [#/volume] in Blood,LOINC:24467-3,,,,,,,,,,peripheral tolerance,tolerance induction,GO:0002507,autoimmunity,,,transplantation,,,tumour immunity,,,"Cellular & Molecular Immunology, 11th Edition (2023)",9780443283581,"9, 14",,,,,,,,,,,,,,,,,,,,,,,
immune system,immune system process,GO:0002376,immune regulation and tolerance,tolerance induction,GO:0002507,peripheral tolerance,tolerance induction,GO:0002507,regulatory T cell function,regulatory T cell differentiation,GO:0045066,,,,,,,,,,,,,steady-state dendritic cell presentation of self antigen is tolerogenic; this is the peripheral counterpart of thymic deletion,Steady-state antigen presentation without costimulation induces peripheral tolerance,cell,lymph node,lymph node,UBERON:0000029,conventional dendritic cell,conventional dendritic cell,CL:0000990,absence of costimulation,,,decreases,X synthesis,effector T cell,,,,,,,,,,"antigen presented without infection produces anergy, deletion or Treg induction rather than immunity",days,intra-organ,systemic,CD4 T cell count,CD4+ CD3+ (T4 helper) cells [#/volume] in Blood,LOINC:24467-3,,,,,,,,,,peripheral tolerance,tolerance induction,GO:0002507,autoimmunity,,,transplantation,,,tumour immunity,,,"Cellular & Molecular Immunology, 11th Edition (2023)",9780443283581,"9, 14",,,,,,,,,,,,,,,,,,,,,,,
immune system,immune system process,GO:0002376,immune regulation and tolerance,tolerance induction,GO:0002507,peripheral tolerance,tolerance induction,GO:0002507,regulatory T cell function,regulatory T cell differentiation,GO:0045066,,,,,,,,,,,,,,Antigen encountered through the gut induces systemic unresponsiveness rather than immunity,organism,intestine,intestine,UBERON:0000160,immune system,,,oral antigen exposure,,,increases,transition to X,antigen-tolerant status,,,,,,,,,,the basis of oral immunotherapy and of early peanut introduction to prevent allergy,weeks-months,intra-organ,systemic,CD4 T cell count,CD4+ CD3+ (T4 helper) cells [#/volume] in Blood,LOINC:24467-3,,,,,,,,,,peripheral tolerance,tolerance induction,GO:0002507,autoimmunity,,,transplantation,,,tumour immunity,,,"Cellular & Molecular Immunology, 11th Edition (2023)",9780443283581,"9, 14",,,,,,,,,,,,,,,,,,,,,,,
immune system,immune system process,GO:0002376,barrier and mucosal immunity,mucosal immune response,GO:0002385,epithelial barrier defense,defense response,GO:0006952,barrier integrity and antimicrobial secretion,,,,,,,,,,,,,,,,The epithelial tight junction network is the first line of defense at every barrier surface,cell,intestine,intestine,UBERON:0000160,intestinal epithelial cell,intestinal epithelial cell,CL:0002563,,,,does,cell-cell adhesion,,,,,,,,,,,tight junctions exclude organisms of any size from the paracellular route,hours,,intra-organ,serum IgA,IgA [Mass/volume] in Serum,LOINC:2458-8,C-reactive protein,C reactive protein [Mass/volume] in Serum or Plasma,LOINC:1988-5,,,,,,,gut microbiota,,,innate lymphoid cells,,,mucosal IgA,,,,,,"Cellular & Molecular Immunology, 11th Edition (2023)",9780443283581,14,,,,,,,,,,,,,,,,,,,,,,,
immune system,immune system process,GO:0002376,barrier and mucosal immunity,mucosal immune response,GO:0002385,epithelial barrier defense,defense response,GO:0006952,barrier integrity and antimicrobial secretion,,,,,,,,,,,,,,,,Paneth cells protect the intestinal stem cell niche with antimicrobial peptides,cell,intestine,intestine,UBERON:0000160,Paneth cell,paneth cell,CL:0000510,,,,does,X secretion,alpha-defensins and lysozyme,,,,,,,,,,concentrations in the crypt lumen are high enough to sterilise the stem cell niche,minutes-hours,,intra-organ,serum IgA,IgA [Mass/volume] in Serum,LOINC:2458-8,C-reactive protein,C reactive protein [Mass/volume] in Serum or Plasma,LOINC:1988-5,,,,,,,gut microbiota,,,innate lymphoid cells,,,mucosal IgA,,,,,,"Cellular & Molecular Immunology, 11th Edition (2023)",9780443283581,14,,,,,,,,,,,,,,,,,,,,,,,
immune system,immune system process,GO:0002376,barrier and mucosal immunity,mucosal immune response,GO:0002385,epithelial barrier defense,defense response,GO:0006952,barrier integrity and antimicrobial secretion,,,,,,,,,,,,,,,,Goblet cell mucus physically separates the microbiota from the epithelium,cell,intestine,intestine,UBERON:0000160,goblet cell,goblet cell,CL:0000160,,,,does,X secretion,mucin,,,,,,,,,,the colonic inner mucus layer is normally free of bacteria,minutes-hours,,intra-organ,serum IgA,IgA [Mass/volume] in Serum,LOINC:2458-8,C-reactive protein,C reactive protein [Mass/volume] in Serum or Plasma,LOINC:1988-5,,,,,,,gut microbiota,,,innate lymphoid cells,,,mucosal IgA,,,,,,"Cellular & Molecular Immunology, 11th Edition (2023)",9780443283581,14,,,,,,,,,,,,,,,,,,,,,,,
immune system,immune system process,GO:0002376,barrier and mucosal immunity,mucosal immune response,GO:0002385,epithelial barrier defense,defense response,GO:0006952,barrier integrity and antimicrobial secretion,,,,,,,,,,,,,,,,,cell,intestine,intestine,UBERON:0000160,intestinal epithelial cell,intestinal epithelial cell,CL:0002563,interleukin 22,,,increases,X secretion,antimicrobial peptides,,,,,,,,,,,hours,paracrine,intra-organ,serum IgA,IgA [Mass/volume] in Serum,LOINC:2458-8,C-reactive protein,C reactive protein [Mass/volume] in Serum or Plasma,LOINC:1988-5,,,,,,,gut microbiota,,,innate lymphoid cells,,,mucosal IgA,,,,,,"Cellular & Molecular Immunology, 11th Edition (2023)",9780443283581,14,,,,,,,,,,,,,,,,,,,,,,,
immune system,immune system process,GO:0002376,barrier and mucosal immunity,mucosal immune response,GO:0002385,epithelial barrier defense,defense response,GO:0006952,barrier integrity and antimicrobial secretion,,,,,,,,,,,,,,,,M cells transcytose luminal antigen to the organised mucosal immune system,cell,Peyer's patch,Peyer's patch,UBERON:0001211,M cell,M cell of gut,CL:0000682,,,,does,transport of X from Y to Z,luminal antigen,,,intestinal lumen,,,Peyer's patch,,,,the controlled sampling route; also exploited by Salmonella and other invasive pathogens,minutes-hours,,intra-organ,serum IgA,IgA [Mass/volume] in Serum,LOINC:2458-8,C-reactive protein,C reactive protein [Mass/volume] in Serum or Plasma,LOINC:1988-5,,,,,,,gut microbiota,,,innate lymphoid cells,,,mucosal IgA,,,,,,"Cellular & Molecular Immunology, 11th Edition (2023)",9780443283581,14,,,,,,,,,,,,,,,,,,,,,,,
immune system,immune system process,GO:0002376,barrier and mucosal immunity,mucosal immune response,GO:0002385,epithelial barrier defense,defense response,GO:0006952,barrier integrity and antimicrobial secretion,,,,,,,,,,,,,,,"the tissue teaches the lymphocyte where to return, using a dietary metabolite as the instruction",Intestinal dendritic cells convert dietary vitamin A into the imprinting signal for gut homing,cell,intestine,intestine,UBERON:0000160,conventional dendritic cell,conventional dendritic cell,CL:0000990,,,,does,X conversion to Y,vitamin A,,,retinoic acid,,,,,,,RALDH-expressing CD103 positive dendritic cells; imprints gut homing and favours IgA and Treg induction,hours,,intra-organ,serum IgA,IgA [Mass/volume] in Serum,LOINC:2458-8,C-reactive protein,C reactive protein [Mass/volume] in Serum or Plasma,LOINC:1988-5,,,,,,,gut microbiota,,,innate lymphoid cells,,,mucosal IgA,,,,,,"Cellular & Molecular Immunology, 11th Edition (2023)",9780443283581,14,,,,,,,,,,,,,,,,,,,,,,,
immune system,immune system process,GO:0002376,barrier and mucosal immunity,mucosal immune response,GO:0002385,epithelial barrier defense,defense response,GO:0006952,barrier integrity and antimicrobial secretion,,,,,,,,,,,,,,,,Keratinocytes maintain a chemical antimicrobial barrier at the skin surface,cell,skin,skin of body,UBERON:0002097,keratinocyte,keratinocyte,CL:0000312,,,,does,X secretion,beta-defensins and cathelicidin,,,,,,,,,,"constitutive and inducible; deficient in atopic dermatitis, where Th2 cytokines suppress their expression",minutes-hours,,intra-organ,serum IgA,IgA [Mass/volume] in Serum,LOINC:2458-8,C-reactive protein,C reactive protein [Mass/volume] in Serum or Plasma,LOINC:1988-5,,,,,,,gut microbiota,,,innate lymphoid cells,,,mucosal IgA,,,,,,"Cellular & Molecular Immunology, 11th Edition (2023)",9780443283581,14,,,,,,,,,,,,,,,,,,,,,,,
immune system,immune system process,GO:0002376,barrier and mucosal immunity,mucosal immune response,GO:0002385,epithelial barrier defense,defense response,GO:0006952,barrier integrity and antimicrobial secretion,,,,,,,,,,,,,,,,Keratinocyte cytokines recruit and instruct the cutaneous immune system,cell,skin,skin of body,UBERON:0002097,keratinocyte,keratinocyte,CL:0000312,,,,does,X secretion,"interleukin 1, TNF and TSLP",,,,,,,,,,,hours,,paracrine,serum IgA,IgA [Mass/volume] in Serum,LOINC:2458-8,C-reactive protein,C reactive protein [Mass/volume] in Serum or Plasma,LOINC:1988-5,,,,,,,gut microbiota,,,innate lymphoid cells,,,mucosal IgA,,,,,,"Cellular & Molecular Immunology, 11th Edition (2023)",9780443283581,14,,,,,,,,,,,,,,,,,,,,,,,
immune system,immune system process,GO:0002376,barrier and mucosal immunity,mucosal immune response,GO:0002385,epithelial barrier defense,defense response,GO:0006952,barrier integrity and antimicrobial secretion,,,,,,,,,,,,,,,,Langerhans cells carry epidermal antigen to skin-draining nodes,cell,skin,skin of body,UBERON:0002097,Langerhans cell,Langerhans cell,CL:0000453,,,,does,transport of X from Y to Z,Langerhans cell,,,epidermis,,,skin-draining lymph node,,,,"the epidermal antigen-sampling network, arising from embryonic precursors and self-renewing in situ",hours-days,,intra-organ,serum IgA,IgA [Mass/volume] in Serum,LOINC:2458-8,C-reactive protein,C reactive protein [Mass/volume] in Serum or Plasma,LOINC:1988-5,,,,,,,gut microbiota,,,innate lymphoid cells,,,mucosal IgA,,,,,,"Cellular & Molecular Immunology, 11th Edition (2023)",9780443283581,14,,,,,,,,,,,,,,,,,,,,,,,
immune system,immune system process,GO:0002376,barrier and mucosal immunity,mucosal immune response,GO:0002385,epithelial barrier defense,defense response,GO:0006952,barrier integrity and antimicrobial secretion,,,,,,,,,,,,,,,the alveolus tolerates a constant particulate load only because its resident macrophages are set to suppress rather than inflame,Alveolar macrophages maintain an anti-inflammatory tone in the distal lung,cell,lung,lung,UBERON:0002048,alveolar macrophage,alveolar macrophage,CL:0000583,,,,does,X secretion,interleukin 10 and transforming growth factor beta,,,,,,,,,,"poorly phagocytic and actively suppressive by default, which keeps the gas exchange surface quiet",hours,,paracrine,serum IgA,IgA [Mass/volume] in Serum,LOINC:2458-8,C-reactive protein,C reactive protein [Mass/volume] in Serum or Plasma,LOINC:1988-5,,,,,,,gut microbiota,,,innate lymphoid cells,,,mucosal IgA,,,,,,"Cellular & Molecular Immunology, 11th Edition (2023)",9780443283581,14,,,,,,,,,,,,,,,,,,,,,,,
immune system,immune system process,GO:0002376,barrier and mucosal immunity,mucosal immune response,GO:0002385,epithelial barrier defense,defense response,GO:0006952,barrier integrity and antimicrobial secretion,,,,,,,,,,,,,,,,Surfactant collectins act as innate opsonins in the alveolar space,cell,lung,lung,UBERON:0002048,pulmonary alveolar type 2 cell,pulmonary alveolar type 2 cell,CL:0002063,,,,does,X secretion,surfactant proteins A and D,,,,,,,,,,collectins that opsonise inhaled organisms and restrain macrophage activation,minutes-hours,,intra-organ,serum IgA,IgA [Mass/volume] in Serum,LOINC:2458-8,C-reactive protein,C reactive protein [Mass/volume] in Serum or Plasma,LOINC:1988-5,,,,,,,gut microbiota,,,innate lymphoid cells,,,mucosal IgA,,,,,,"Cellular & Molecular Immunology, 11th Edition (2023)",9780443283581,14,,,,,,,,,,,,,,,,,,,,,,,
immune system,immune system process,GO:0002376,barrier and mucosal immunity,mucosal immune response,GO:0002385,epithelial barrier defense,defense response,GO:0006952,barrier integrity and antimicrobial secretion,,,,,,,,,,,,,,,,"Intraepithelial lymphocytes provide rapid, locally restricted responses within the epithelium",cell,intestine,intestine,UBERON:0000160,intraepithelial lymphocyte,intraepithelial lymphocyte,CL:0002496,,,,does,X secretion,interferon gamma and cytotoxic granules,,,,,,,,,,"mostly CD8 and gamma-delta cells with restricted receptor repertoires, positioned for immediate response",minutes-hours,,intra-organ,serum IgA,IgA [Mass/volume] in Serum,LOINC:2458-8,C-reactive protein,C reactive protein [Mass/volume] in Serum or Plasma,LOINC:1988-5,,,,,,,gut microbiota,,,innate lymphoid cells,,,mucosal IgA,,,,,,"Cellular & Molecular Immunology, 11th Edition (2023)",9780443283581,14,,,,,,,,,,,,,,,,,,,,,,,
immune system,immune system process,GO:0002376,immune regulation and tolerance,tolerance induction,GO:0002507,immune privilege,tolerance induction,GO:0002507,privileged tissue mechanisms,,,,,,,,,,,,,,,"privilege is layered: a physical barrier, local immunosuppressive mediators, and ligands that kill or disarm arriving lymphocytes",Sertoli cell tight junctions sequester developing germ cells from the immune system,cell,testis,testis,UBERON:0000473,Sertoli cell,Sertoli cell,CL:0000216,,,,does,cell-cell adhesion,,,,,,,,,,,the blood-testis barrier sequesters post-meiotic germ cell antigens that arose after thymic selection was complete,days,,intra-organ,C-reactive protein,C reactive protein [Mass/volume] in Serum or Plasma,LOINC:1988-5,,,,,,,,,,peripheral tolerance,tolerance induction,GO:0002507,autoimmunity,,,transplantation,,,,,,"Cellular & Molecular Immunology, 11th Edition (2023)",9780443283581,14,,,,,,,,,,,,,,,,,,,,,,,
immune system,immune system process,GO:0002376,immune regulation and tolerance,tolerance induction,GO:0002507,immune privilege,tolerance induction,GO:0002507,privileged tissue mechanisms,,,,,,,,,,,,,,,,The ocular microenvironment is constitutively immunosuppressive,cell,eye,eye,UBERON:0000970,ocular parenchymal cell,,,,,,does,X secretion,transforming growth factor beta,,,,,,,,,,"aqueous humour also contains alpha-MSH, VIP and indoleamine dioxygenase activity",hours,,intra-organ,C-reactive protein,C reactive protein [Mass/volume] in Serum or Plasma,LOINC:1988-5,,,,,,,,,,peripheral tolerance,tolerance induction,GO:0002507,autoimmunity,,,transplantation,,,,,,"Cellular & Molecular Immunology, 11th Edition (2023)",9780443283581,14,,,,,,,,,,,,,,,,,,,,,,,
immune system,immune system process,GO:0002376,immune regulation and tolerance,tolerance induction,GO:0002507,immune privilege,tolerance induction,GO:0002507,privileged tissue mechanisms,,,,,,,,,,,,,,,,,cell,eye,eye,UBERON:0000970,ocular parenchymal cell,,,FAS ligand,,,decreases,X synthesis,effector T cell,,,,,,,,,,arriving activated lymphocytes are deleted rather than accommodated,hours,paracrine,intra-organ,C-reactive protein,C reactive protein [Mass/volume] in Serum or Plasma,LOINC:1988-5,,,,,,,,,,peripheral tolerance,tolerance induction,GO:0002507,autoimmunity,,,transplantation,,,,,,"Cellular & Molecular Immunology, 11th Edition (2023)",9780443283581,14,,,,,,,,,,,,,,,,,,,,,,,
immune system,immune system process,GO:0002376,immune regulation and tolerance,tolerance induction,GO:0002507,immune privilege,tolerance induction,GO:0002507,privileged tissue mechanisms,,,,,,,,,,,,,,,"the fetus is a tolerated allograft, sustained by trophoblast MHC restriction and by fetal antigen-specific maternal Tregs",Trophoblast HLA-G restrains uterine NK cytotoxicity at the maternal-fetal interface,cell,placenta,placenta,UBERON:0001987,uterine natural killer cell,,,HLA-G,,,decreases,X secretion,perforin and granzymes,,,,,,,,,,trophoblast lacks classical class I and class II and expresses non-polymorphic HLA-G instead,hours,paracrine,intra-organ,C-reactive protein,C reactive protein [Mass/volume] in Serum or Plasma,LOINC:1988-5,,,,,,,,,,peripheral tolerance,tolerance induction,GO:0002507,autoimmunity,,,transplantation,,,,,,"Cellular & Molecular Immunology, 11th Edition (2023)",9780443283581,14,,,,,,,,,,,,,,,,,,,,,,,
immune system,immune system process,GO:0002376,immune regulation and tolerance,tolerance induction,GO:0002507,immune privilege,tolerance induction,GO:0002507,privileged tissue mechanisms,,,,,,,,,,,,,,,,Fetal antigen-specific regulatory T cells maintain maternal tolerance of the conceptus,cell,placenta,placenta,UBERON:0001987,regulatory T cell,regulatory T cell,CL:0000815,,,,does,X secretion,interleukin 10,,,,,,,,,,fetal antigen-specific Tregs expand during pregnancy and persist afterwards,weeks,,intra-organ,C-reactive protein,C reactive protein [Mass/volume] in Serum or Plasma,LOINC:1988-5,,,,,,,,,,peripheral tolerance,tolerance induction,GO:0002507,autoimmunity,,,transplantation,,,,,,"Cellular & Molecular Immunology, 11th Edition (2023)",9780443283581,14,,,,,,,,,,,,,,,,,,,,,,,
immune system,immune system process,GO:0002376,immune regulation and tolerance,tolerance induction,GO:0002507,immune privilege,tolerance induction,GO:0002507,privileged tissue mechanisms,,,,,,,,,,,,,,,,Microglia clear debris and survey the central nervous system parenchyma,cell,brain,brain,UBERON:0000955,microglial cell,microglial cell,CL:0000129,,,,does,X uptake,apoptotic neurons and debris,,,,,,,,,,"the resident macrophage of the central nervous system, of yolk sac origin and self-renewing",hours-days,,intra-organ,C-reactive protein,C reactive protein [Mass/volume] in Serum or Plasma,LOINC:1988-5,,,,,,,,,,peripheral tolerance,tolerance induction,GO:0002507,autoimmunity,,,transplantation,,,,,,"Cellular & Molecular Immunology, 11th Edition (2023)",9780443283581,14,,,,,,,,,,,,,,,,,,,,,,,
immune system,immune system process,GO:0002376,immune regulation and tolerance,tolerance induction,GO:0002507,immune privilege,tolerance induction,GO:0002507,privileged tissue mechanisms,,,,,,,,,,,,,,,discovery of meningeal lymphatics revised the classical claim that the CNS has no lymphatic drainage at all,Meningeal lymphatics drain CNS antigen to cervical nodes for immune surveillance,tissue,brain,brain,UBERON:0000955,meningeal lymphatic vessel,,,,,,does,transport of X from Y to Z,central nervous system antigen,,,cerebrospinal fluid,,,deep cervical lymph node,,,,the dural lymphatic route; the brain is immunologically distinctive rather than truly isolated,hours,,intra-organ,C-reactive protein,C reactive protein [Mass/volume] in Serum or Plasma,LOINC:1988-5,,,,,,,,,,peripheral tolerance,tolerance induction,GO:0002507,autoimmunity,,,transplantation,,,,,,"Cellular & Molecular Immunology, 11th Edition (2023)",9780443283581,14,,,,,,,,,,,,,,,,,,,,,,,