Whole Person Physiome Table for Urinary System,,,,,,,,,,,,,,,,,,,,,,,,,,,,,,,,,,,,,,,,,,,,,,,,,,,,,,,,,,,,,,,,,,,,,,,,,,,,,,,,,,,,,,,,,,,,,,,,,,,,,
,,,,,,,,,,,,,,,,,,,,,,,,,,,,,,,,,,,,,,,,,,,,,,,,,,,,,,,,,,,,,,,,,,,,,,,,,,,,,,,,,,,,,,,,,,,,,,,,,,,,,
Author Name(s):,Jacob C. Scherba,Minyan Zhu,,,,,,,,,,,,,,,,,,,,,,,,,,,,,,,,,,,,,,,,,,,,,,,,,,,,,,,,,,,,,,,,,,,,,,,,,,,,,,,,,,,,,,,,,,,,,,,,,,,
Author ORCID(s):,0000-0001-8187-0507,0000-0002-1868-3896,,,,,,,,,,,,,,,,,,,,,,,,,,,,,,,,,,,,,,,,,,,,,,,,,,,,,,,,,,,,,,,,,,,,,,,,,,,,,,,,,,,,,,,,,,,,,,,,,,,
Reviewer Name(s):,Katalin Susztak,Sandeep Aggarwal,,,,,,,,,,,,,,,,,,,,,,,,,,,,,,,,,,,,,,,,,,,,,,,,,,,,,,,,,,,,,,,,,,,,,,,,,,,,,,,,,,,,,,,,,,,,,,,,,,,
Reviewer ORCID(s):,0000‑0002‑1005‑3726,0000-0001-6915-7901,,,,,,,,,,,,,,,,,,,,,,,,,,,,,,,,,,,,,,,,,,,,,,,,,,,,,,,,,,,,,,,,,,,,,,,,,,,,,,,,,,,,,,,,,,,,,,,,,,,
General Publication(s):,,,,,,,,,,,,,,,,,,,,,,,,,,,,,,,,,,,,,,,,,,,,,,,,,,,,,,,,,,,,,,,,,,,,,,,,,,,,,,,,,,,,,,,,,,,,,,,,,,,,,
Data DOI:,,,,,,,,,,,,,,,,,,,,,,,,,,,,,,,,,,,,,,,,,,,,,,,,,,,,,,,,,,,,,,,,,,,,,,,,,,,,,,,,,,,,,,,,,,,,,,,,,,,,,
Date:,8/6/2026,,,,,,,,,,,,,,,,,,,,,,,,,,,,,,,,,,,,,,,,,,,,,,,,,,,,,,,,,,,,,,,,,,,,,,,,,,,,,,,,,,,,,,,,,,,,,,,,,,,,
Version Number:,v1.0,,,,,,,,,,,,,,,,,,,,,,,,,,,,,,,,,,,,,,,,,,,,,,,,,,,,,,,,,,,,,,,,,,,,,,,,,,,,,,,,,,,,,,,,,,,,,,,,,,,,
Physiological Function,,,,,,,,,,,,,,,,,,,,,,,,,Physiological Process,,,,,,,,,,,,,,,,,,,,,,,,Scales of Effect,,,Clinical Metrics,,,,,,,,,,,,Interacting Functions,,,,,,,,,,,,Reference Material,,,,,,,,,,,,Common Data Elements,,,,,,,,,,,,,
"List physiological functions as a hierarchy, starting with the body system in Function/1 (this should be the same as the table name), a major life function in Function/2, and more specific functions in subsequent columns. Add more columns if needed. Place limited explanatory text if needed in FunctionNotes. Each function should include a ID from Gene Ontology (GO) if possible or another standard ontology. The LABEL column is the label for that ID as it appears in that ontology.",,,,,,,,,,,,,,,,,,,,,,,,,"Provide a very brief description (a few words) of the specific processes that occur during the corresponding function (e.g., a chemical reaction, physical change, feedback loop, etc.) in the Process column. Enter whether the Effector is a cell, tissue, or organ. Provide the anatomical location of the Effector in EffectorLocation along with the associated UBERON ID, if avaialble. Enter the Effector and its UBERON ID in the following columns. See Glossary for detailed instructions on tabulating the Signal, Effect, Behavior, Behavior X, Behavior Y, and X Target columns.",,,,,,,,,,,,,,,,,,,,,,,Enter notes here from primary texts on quantitative information available for the processes denoted to the left,"Indicate the time scale category for this process: milliseconds, seconds, minutes, hours, days, weeks, years.","Indicate the signal scale category for this process: autocrine, paracrine, intra-organ, circulatory, systemic","Indicate the signal scale category for this process: autocrine, paracrine, intra-organ, circulatory, systemic","OPTIONAL FOR NOW. List clinical measures, such as laboratory tests, vital signs, or radiology studies, related to the physiological function. These columns are simple lists and are NOT hierarchical. Include an ID for the measurement, such as a LOINC code, if known. Add more columns if needed.",,,,,,,,,,,,"OPTIONAL FOR NOW. List other interacting physiological functions. These columns are simple lists and NOT hierarchical. Add more columns if needed. For the LABEL and ID columns, use Gene Ontology (GO) if possible.",,,,,,,,,,,,"REQUIRED. Enter references in support of the information on this row. The ID column should include a standard identifier, such as a DOI or ISBN. The optional CHAPTER column should be used to list the relevant chapters in a book. The optional NOTES column can be used to clarify which part of the row the reference is for, such as a reference about the anatomical structures involved in the function rather than the interactions. Add more sets of reference columns if needed, making sure to include the ID column.",,,,,,,,,,,,"REQUIRED IF AVAILABLE. For each row, enter any corresponding common data elements (CDEs) that relate to the process.  Add more sets of CDE columns if needed, making sure to include the ID column.",,,,,,,,,,,,,
Function/1,Function/1/LABEL,Function/1/ID,Function/2,Function/2/LABEL,Function/2/ID,Function/3,Function/3/LABEL,Function/3/ID,Function/4,Function/4/LABEL,Function/4/ID,Function/5,Function/5/LABEL,Function/5/ID,Function/6,Function/6/LABEL,Function/6/ID,Function/7,Function/7/LABEL,Function/7/ID,Function/8,Function/8/LABEL,Function/8/ID,FunctionNotes,Process,EffectorScale,EffectorLocation,EffectorLocation/LABEL,EffectorLocation/ID,Effector,Effector/LABEL,Effector/ID,Signal,Signal/LABEL,Signal/ID,Effect,Behavior,Behavior X,Behavior X/LABEL,Behavior X/ID,Behavior Y,Behavior Y/LABEL,Behavior Y/ID,Behavior Z,Behavior Z/LABEL,Behavior Z/ID,X Target,QuantitativeNotes,TimeScale,SignalScale,EffectScale,ClinicalMeasure/1,ClinicalMeasure/1/LABEL,ClinicalMeasure/1/ID,ClinicalMeasure/2,ClinicalMeasure/2/LABEL,ClinicalMeasure/2/ID,ClinicalMeasure/3,ClinicalMeasure/3/LABEL,ClinicalMeasure/3/ID,ClinicalMeasure/4,ClinicalMeasure/4/LABEL,ClinicalMeasure/4/ID,Interaction/1,Interaction/1/LABEL,Interaction/1/ID,Interaction/2,Interaction/2/LABEL,Interaction/2/ID,Interaction/3,Interaction/3/LABEL,Interaction/3/ID,Interaction/4,Interaction/4/LABEL,Interaction/4/ID,REF/1,REF/1/ID,REF/1/CHAPTER,REF/1/NOTES,REF/2,REF/2/ID,REF/2/CHAPTER,REF/2/NOTES,REF/3,REF/3/ID,REF/3/CHAPTER,REF/3/NOTES,CDE/1,CDE/1/ID,CDE/2,CDE/2/ID,CDE/3,CDE/3/ID,CDE/4,CDE/4/ID,CDE/5,CDE/5/ID,CDE/6,CDE/6/ID,CDE/7,CDE/7/ID
urinary system,renal system process,GO:0003014,homeostasis,homeostatic process,GO:0042592,fluid and electrolyte homeostasis,regulation of body fluid levels,GO:0050878,glomerular filtration,glomerular filtration,GO:0003094,,,,,,,,,,,,,"three-layer barrier: fenestrated endothelium, glomerular basement membrane, podocyte slit diaphragm; free filtration below ~10 kDa",Podocyte slit diaphragm completes the size- and charge-selective barrier that filters plasma water and solutes into Bowman space,cell,renal glomerulus,renal glomerulus,UBERON:0000074,podocyte,podocyte,CL:0000653,,,,does,transport of X from Y to Z,plasma ultrafiltrate,,,glomerular capillary,,,Bowman's space,,,"[90, 140]",units = mL/min/1.73m2; ~180 L/day filtered; filtration is size- and charge-selective,seconds,,intra-organ,glomerular filtration rate,,,plasma creatinine,,,urine protein,,,plasma osmolality,Osmolality of Serum or Plasma,LOINC:2692-2,renal blood flow,,,RAAS activation,regulation of systemic arterial blood pressure by circulatory renin-angiotensin,GO:0001991,tubuloglomerular feedback,negative regulation of glomerular filtration,GO:0003105,,,,"Mulroney & Myers, Netter's Essential Physiology",ISBN 978-0-323-69463-8,17,,,,,,,,,,,,,,,,,,,,,,,
urinary system,renal system process,GO:0003014,homeostasis,homeostatic process,GO:0042592,fluid and electrolyte homeostasis,regulation of body fluid levels,GO:0050878,glomerular filtration,glomerular filtration,GO:0003094,,,,,,,,,,,,,,Fixed anionic charge of the filtration barrier restricts filtration of albumin and other polyanions,cell,renal glomerulus,renal glomerulus,UBERON:0000074,podocyte,podocyte,CL:0000653,anionic glomerular basement membrane charge,,,decreases,transport of X from Y to Z,albumin,,,glomerular capillary,,,Bowman's space,,,,urine protein normally <150 mg/day; albumin <30 mg/day,seconds,intra-organ,intra-organ,glomerular filtration rate,,,plasma creatinine,,,urine protein,,,plasma osmolality,Osmolality of Serum or Plasma,LOINC:2692-2,renal blood flow,,,RAAS activation,regulation of systemic arterial blood pressure by circulatory renin-angiotensin,GO:0001991,tubuloglomerular feedback,negative regulation of glomerular filtration,GO:0003105,,,,"Mulroney & Myers, Netter's Essential Physiology",ISBN 978-0-323-69463-8,17,,,,,,,,,,,,,,,,,,,,,,,
urinary system,renal system process,GO:0003014,homeostasis,homeostatic process,GO:0042592,fluid and electrolyte homeostasis,regulation of body fluid levels,GO:0050878,glomerular filtration,glomerular filtration,GO:0003094,,,,,,,,,,,,,,Fenestrated glomerular endothelium permits bulk water and solute flux while excluding blood cells,cell,renal glomerulus,renal glomerulus,UBERON:0000074,glomerular endothelial cell,glomerular endothelial cell,CL:0002188,,,,does,transport of X from Y to Z,plasma water,,,glomerular capillary,,,Bowman's space,,,,fenestrae ~70-100 nm; excludes cellular elements,seconds,,intra-organ,glomerular filtration rate,,,plasma creatinine,,,urine protein,,,plasma osmolality,Osmolality of Serum or Plasma,LOINC:2692-2,renal blood flow,,,RAAS activation,regulation of systemic arterial blood pressure by circulatory renin-angiotensin,GO:0001991,tubuloglomerular feedback,negative regulation of glomerular filtration,GO:0003105,,,,"Mulroney & Myers, Netter's Essential Physiology",ISBN 978-0-323-69463-8,17,,,,,,,,,,,,,,,,,,,,,,,
urinary system,renal system process,GO:0003014,homeostasis,homeostatic process,GO:0042592,fluid and electrolyte homeostasis,regulation of body fluid levels,GO:0050878,glomerular filtration,glomerular filtration,GO:0003094,,,,,,,,,,,,,,Glomerular capillary hydrostatic pressure is the principal driving force for filtration,tissue,renal glomerulus,renal glomerulus,UBERON:0000074,glomerular capillary,,,glomerular capillary hydrostatic pressure,,,increases,transport of X from Y to Z,plasma ultrafiltrate,,,glomerular capillary,,,Bowman's space,,,,P_GC ~ 45-50 mmHg; GFR = Kf[(P_GC - P_BS) - (pi_GC - pi_BS)],seconds,circulatory,intra-organ,glomerular filtration rate,,,plasma creatinine,,,urine protein,,,plasma osmolality,Osmolality of Serum or Plasma,LOINC:2692-2,renal blood flow,,,RAAS activation,regulation of systemic arterial blood pressure by circulatory renin-angiotensin,GO:0001991,tubuloglomerular feedback,negative regulation of glomerular filtration,GO:0003105,,,,"Mulroney & Myers, Netter's Essential Physiology",ISBN 978-0-323-69463-8,17,,,,,,,,,,,,,,,,,,,,,,,
urinary system,renal system process,GO:0003014,homeostasis,homeostatic process,GO:0042592,fluid and electrolyte homeostasis,regulation of body fluid levels,GO:0050878,glomerular filtration,glomerular filtration,GO:0003094,,,,,,,,,,,,,,Bowman space hydrostatic pressure opposes filtration,tissue,renal glomerulus,renal glomerulus,UBERON:0000074,glomerular capillary,,,Bowman's space hydrostatic pressure,,,decreases,transport of X from Y to Z,plasma ultrafiltrate,,,glomerular capillary,,,Bowman's space,,,,P_BS ~ 10-15 mmHg; rises with ureteral obstruction,seconds,intra-organ,intra-organ,glomerular filtration rate,,,plasma creatinine,,,urine protein,,,plasma osmolality,Osmolality of Serum or Plasma,LOINC:2692-2,renal blood flow,,,RAAS activation,regulation of systemic arterial blood pressure by circulatory renin-angiotensin,GO:0001991,tubuloglomerular feedback,negative regulation of glomerular filtration,GO:0003105,,,,"Mulroney & Myers, Netter's Essential Physiology",ISBN 978-0-323-69463-8,17,,,,,,,,,,,,,,,,,,,,,,,
urinary system,renal system process,GO:0003014,homeostasis,homeostatic process,GO:0042592,fluid and electrolyte homeostasis,regulation of body fluid levels,GO:0050878,glomerular filtration,glomerular filtration,GO:0003094,,,,,,,,,,,,,,Rising plasma oncotic pressure along the glomerular capillary progressively opposes filtration,tissue,renal glomerulus,renal glomerulus,UBERON:0000074,glomerular capillary,,,glomerular capillary oncotic pressure,,,decreases,transport of X from Y to Z,plasma ultrafiltrate,,,glomerular capillary,,,Bowman's space,,,,pi_GC rises from ~25 to ~35 mmHg along the capillary as filtration proceeds,seconds,circulatory,intra-organ,glomerular filtration rate,,,plasma creatinine,,,urine protein,,,plasma osmolality,Osmolality of Serum or Plasma,LOINC:2692-2,renal blood flow,,,RAAS activation,regulation of systemic arterial blood pressure by circulatory renin-angiotensin,GO:0001991,tubuloglomerular feedback,negative regulation of glomerular filtration,GO:0003105,,,,"Mulroney & Myers, Netter's Essential Physiology",ISBN 978-0-323-69463-8,17,,,,,,,,,,,,,,,,,,,,,,,
urinary system,renal system process,GO:0003014,homeostasis,homeostatic process,GO:0042592,fluid and electrolyte homeostasis,regulation of body fluid levels,GO:0050878,glomerular filtration,glomerular filtration,GO:0003094,,,,,,,,,,,,,mesangial tone sets the filtration coefficient Kf by varying available capillary surface area,Mesangial cells contract to reduce glomerular capillary surface area available for filtration,cell,renal glomerulus,renal glomerulus,UBERON:0000074,mesangial cell,,,,,,does,contraction,,,,,,,,,,,,seconds-minutes,,intra-organ,glomerular filtration rate,,,plasma creatinine,,,urine protein,,,plasma osmolality,Osmolality of Serum or Plasma,LOINC:2692-2,renal blood flow,,,RAAS activation,regulation of systemic arterial blood pressure by circulatory renin-angiotensin,GO:0001991,tubuloglomerular feedback,negative regulation of glomerular filtration,GO:0003105,,,,"Mulroney & Myers, Netter's Essential Physiology",ISBN 978-0-323-69463-8,17,,,,,,,,,,,,,,,,,,,,,,,
urinary system,renal system process,GO:0003014,homeostasis,homeostatic process,GO:0042592,fluid and electrolyte homeostasis,regulation of body fluid levels,GO:0050878,glomerular filtration,glomerular filtration,GO:0003094,,,,,,,,,,,,,,"Angiotensin II increases mesangial contraction, lowering Kf and GFR",cell,renal glomerulus,renal glomerulus,UBERON:0000074,mesangial cell,,,angiotensin II,,,increases,contraction X,force,,,,,,,,,,,seconds-minutes,circulatory,intra-organ,glomerular filtration rate,,,plasma creatinine,,,urine protein,,,plasma osmolality,Osmolality of Serum or Plasma,LOINC:2692-2,renal blood flow,,,RAAS activation,regulation of systemic arterial blood pressure by circulatory renin-angiotensin,GO:0001991,tubuloglomerular feedback,negative regulation of glomerular filtration,GO:0003105,,,,"Mulroney & Myers, Netter's Essential Physiology",ISBN 978-0-323-69463-8,17,,,,,,,,,,,,,,,,,,,,,,,
urinary system,renal system process,GO:0003014,homeostasis,homeostatic process,GO:0042592,fluid and electrolyte homeostasis,regulation of body fluid levels,GO:0050878,glomerular filtration,glomerular filtration,GO:0003094,,,,,,,,,,,,,,Approximately one-fifth of renal plasma flow is filtered at the glomerulus per pass,organ,kidney,kidney,UBERON:0002113,kidney,,,,,,does,transport of X from Y to Z,plasma,,,renal plasma flow,,,glomerular filtrate,,,"[0.16, 0.22]","filtration fraction = GFR / RPF, approximately 20%",seconds,,circulatory,glomerular filtration rate,,,plasma creatinine,,,urine protein,,,plasma osmolality,Osmolality of Serum or Plasma,LOINC:2692-2,renal blood flow,,,RAAS activation,regulation of systemic arterial blood pressure by circulatory renin-angiotensin,GO:0001991,tubuloglomerular feedback,negative regulation of glomerular filtration,GO:0003105,,,,"Mulroney & Myers, Netter's Essential Physiology",ISBN 978-0-323-69463-8,17,,,,,,,,,,,,,,,,,,,,,,,
urinary system,renal system process,GO:0003014,homeostasis,homeostatic process,GO:0042592,renal hemodynamics,regulation of blood volume by renal aldosterone,GO:0002017,renal blood flow,,,,,,,,,,,,,,,"cortex receives ~90% of RBF; medulla is relatively hypoperfused, which preserves the osmotic gradient",The kidneys receive roughly a quarter of cardiac output,organ,kidney,kidney,UBERON:0002113,kidney,,,,,,does,transport of X from Y to Z,blood,,,renal artery,,,renal vein,,,"[1.0, 1.2]",units = L/min; ~20-25% of cardiac output; RBF = (renal arterial pressure - renal venous pressure) / renal vascular resistance,seconds,,circulatory,renal blood flow,,,mean arterial pressure,,,glomerular filtration rate,,,PAH clearance,,,cardiac output,,,RAAS activation,regulation of systemic arterial blood pressure by circulatory renin-angiotensin,GO:0001991,sympathetic nervous system,,,,,,"High-Yield Physiology, 1st edition. Dudek, 2008.",ISBN: 978-0781745871,16,,"Mulroney & Myers, Netter's Essential Physiology",ISBN 978-0-323-69463-8,17,,,,,,,,,,,,,,,,,,,
urinary system,renal system process,GO:0003014,homeostasis,homeostatic process,GO:0042592,renal hemodynamics,regulation of blood volume by renal aldosterone,GO:0002017,renal blood flow,,,,,,,,,,,,,,,,Renal vascular resistance is inversely related to renal blood flow,organ,kidney,kidney,UBERON:0002113,kidney,,,total renal vascular resistance,,,decreases,transport of X from Y to Z,blood,,,renal artery,,,renal vein,,,,afferent and efferent arterioles are the principal resistance vessels,seconds,intra-organ,circulatory,renal blood flow,,,mean arterial pressure,,,glomerular filtration rate,,,PAH clearance,,,cardiac output,,,RAAS activation,regulation of systemic arterial blood pressure by circulatory renin-angiotensin,GO:0001991,sympathetic nervous system,,,,,,"High-Yield Physiology, 1st edition. Dudek, 2008.",ISBN: 978-0781745871,16,,"Mulroney & Myers, Netter's Essential Physiology",ISBN 978-0-323-69463-8,17,,,,,,,,,,,,,,,,,,,
urinary system,renal system process,GO:0003014,homeostasis,homeostatic process,GO:0042592,renal hemodynamics,regulation of blood volume by renal aldosterone,GO:0002017,renal blood flow,,,,,,,,,,,,,,,myogenic autoregulation holds GFR near-constant across mean arterial pressures of 80-180 mmHg,Afferent arteriolar smooth muscle maintains resting tone,cell,kidney,kidney,UBERON:0002113,kidney afferent arteriolar cell,kidney afferent arteriolar cell,CL:1001006,,,,does,contraction,,,,,,,,,,,,seconds,,intra-organ,renal blood flow,,,mean arterial pressure,,,glomerular filtration rate,,,PAH clearance,,,cardiac output,,,RAAS activation,regulation of systemic arterial blood pressure by circulatory renin-angiotensin,GO:0001991,sympathetic nervous system,,,,,,"High-Yield Physiology, 1st edition. Dudek, 2008.",ISBN: 978-0781745871,16,,"Mulroney & Myers, Netter's Essential Physiology",ISBN 978-0-323-69463-8,17,,,,,,,,,,,,,,,,,,,
urinary system,renal system process,GO:0003014,homeostasis,homeostatic process,GO:0042592,renal hemodynamics,regulation of blood volume by renal aldosterone,GO:0002017,renal blood flow,,,,,,,,,,,,,,,,Stretch of afferent arteriolar smooth muscle by rising perfusion pressure elicits myogenic constriction,cell,kidney,kidney,UBERON:0002113,kidney afferent arteriolar cell,kidney afferent arteriolar cell,CL:1001006,renal perfusion pressure,,,increases,contraction X,force,,,,,,,,,,autoregulatory range 80-180 mmHg mean arterial pressure,seconds,circulatory,intra-organ,renal blood flow,,,mean arterial pressure,,,glomerular filtration rate,,,PAH clearance,,,cardiac output,,,RAAS activation,regulation of systemic arterial blood pressure by circulatory renin-angiotensin,GO:0001991,sympathetic nervous system,,,,,,"High-Yield Physiology, 1st edition. Dudek, 2008.",ISBN: 978-0781745871,16,,"Mulroney & Myers, Netter's Essential Physiology",ISBN 978-0-323-69463-8,17,,,,,,,,,,,,,,,,,,,
urinary system,renal system process,GO:0003014,homeostasis,homeostatic process,GO:0042592,renal hemodynamics,regulation of blood volume by renal aldosterone,GO:0002017,renal blood flow,,,,,,,,,,,,,,,,Renal sympathetic outflow constricts the afferent arteriole and reduces renal blood flow and GFR,cell,kidney,kidney,UBERON:0002113,kidney afferent arteriolar cell,kidney afferent arteriolar cell,CL:1001006,sympathetic nerve activity,,,increases,contraction X,force,,,,,,,,,,,seconds,systemic,intra-organ,renal blood flow,,,mean arterial pressure,,,glomerular filtration rate,,,PAH clearance,,,cardiac output,,,RAAS activation,regulation of systemic arterial blood pressure by circulatory renin-angiotensin,GO:0001991,sympathetic nervous system,,,,,,"High-Yield Physiology, 1st edition. Dudek, 2008.",ISBN: 978-0781745871,16,,"Mulroney & Myers, Netter's Essential Physiology",ISBN 978-0-323-69463-8,17,,,,,,,,,,,,,,,,,,,
urinary system,renal system process,GO:0003014,homeostasis,homeostatic process,GO:0042592,renal hemodynamics,regulation of blood volume by renal aldosterone,GO:0002017,renal blood flow,,,,,,,,,,,,,,,,"Angiotensin II preferentially constricts the efferent arteriole, defending GFR when perfusion falls",cell,kidney,kidney,UBERON:0002113,kidney efferent arteriolar cell,,,angiotensin II,,,increases,contraction X,force,,,,,,,,,,efferent constriction raises P_GC and filtration fraction while lowering renal plasma flow,seconds,circulatory,intra-organ,renal blood flow,,,mean arterial pressure,,,glomerular filtration rate,,,PAH clearance,,,cardiac output,,,RAAS activation,regulation of systemic arterial blood pressure by circulatory renin-angiotensin,GO:0001991,sympathetic nervous system,,,,,,"High-Yield Physiology, 1st edition. Dudek, 2008.",ISBN: 978-0781745871,16,,"Mulroney & Myers, Netter's Essential Physiology",ISBN 978-0-323-69463-8,17,,,,,,,,,,,,,,,,,,,
urinary system,renal system process,GO:0003014,homeostasis,homeostatic process,GO:0042592,renal hemodynamics,regulation of blood volume by renal aldosterone,GO:0002017,renal blood flow,,,,,,,,,,,,,,,,Locally produced prostaglandins dilate the afferent arteriole and offset angiotensin II mediated constriction,cell,kidney,kidney,UBERON:0002113,kidney afferent arteriolar cell,kidney afferent arteriolar cell,CL:1001006,prostaglandin E2,,,decreases,contraction X,force,,,,,,,,,,,seconds,paracrine,intra-organ,renal blood flow,,,mean arterial pressure,,,glomerular filtration rate,,,PAH clearance,,,cardiac output,,,RAAS activation,regulation of systemic arterial blood pressure by circulatory renin-angiotensin,GO:0001991,sympathetic nervous system,,,,,,"High-Yield Physiology, 1st edition. Dudek, 2008.",ISBN: 978-0781745871,16,,"Mulroney & Myers, Netter's Essential Physiology",ISBN 978-0-323-69463-8,17,,,,,,,,,,,,,,,,,,,
urinary system,renal system process,GO:0003014,homeostasis,homeostatic process,GO:0042592,renal hemodynamics,regulation of blood volume by renal aldosterone,GO:0002017,renal blood flow,,,,,,,,,,,,,,,,Endothelium-derived nitric oxide dilates the afferent arteriole,cell,kidney,kidney,UBERON:0002113,kidney afferent arteriolar cell,kidney afferent arteriolar cell,CL:1001006,nitric oxide,,,decreases,contraction X,force,,,,,,,,,,,seconds,paracrine,intra-organ,renal blood flow,,,mean arterial pressure,,,glomerular filtration rate,,,PAH clearance,,,cardiac output,,,RAAS activation,regulation of systemic arterial blood pressure by circulatory renin-angiotensin,GO:0001991,sympathetic nervous system,,,,,,"High-Yield Physiology, 1st edition. Dudek, 2008.",ISBN: 978-0781745871,16,,"Mulroney & Myers, Netter's Essential Physiology",ISBN 978-0-323-69463-8,17,,,,,,,,,,,,,,,,,,,
urinary system,renal system process,GO:0003014,homeostasis,homeostatic process,GO:0042592,renal hemodynamics,regulation of blood volume by renal aldosterone,GO:0002017,renal blood flow,,,,,,,,,,,,,,,,Endothelin 1 is a potent intrarenal vasoconstrictor,cell,kidney,kidney,UBERON:0002113,kidney afferent arteriolar cell,kidney afferent arteriolar cell,CL:1001006,endothelin 1,,,increases,contraction X,force,,,,,,,,,,,minutes,paracrine,intra-organ,renal blood flow,,,mean arterial pressure,,,glomerular filtration rate,,,PAH clearance,,,cardiac output,,,RAAS activation,regulation of systemic arterial blood pressure by circulatory renin-angiotensin,GO:0001991,sympathetic nervous system,,,,,,"High-Yield Physiology, 1st edition. Dudek, 2008.",ISBN: 978-0781745871,16,,"Mulroney & Myers, Netter's Essential Physiology",ISBN 978-0-323-69463-8,17,,,,,,,,,,,,,,,,,,,
urinary system,renal system process,GO:0003014,homeostasis,homeostatic process,GO:0042592,renal hemodynamics,regulation of blood volume by renal aldosterone,GO:0002017,renal blood flow,,,,,,,,,,,,,,,,"ANP dilates the afferent arteriole, raising GFR and sodium excretion",cell,kidney,kidney,UBERON:0002113,kidney afferent arteriolar cell,kidney afferent arteriolar cell,CL:1001006,atrial natriuretic peptide,,,decreases,contraction X,force,,,,,,,,,,,minutes,circulatory,intra-organ,renal blood flow,,,mean arterial pressure,,,glomerular filtration rate,,,PAH clearance,,,cardiac output,,,RAAS activation,regulation of systemic arterial blood pressure by circulatory renin-angiotensin,GO:0001991,sympathetic nervous system,,,,,,"High-Yield Physiology, 1st edition. Dudek, 2008.",ISBN: 978-0781745871,16,,"Mulroney & Myers, Netter's Essential Physiology",ISBN 978-0-323-69463-8,17,,,,,,,,,,,,,,,,,,,
urinary system,renal system process,GO:0003014,homeostasis,homeostatic process,GO:0042592,renal hemodynamics,regulation of blood volume by renal aldosterone,GO:0002017,tubuloglomerular feedback,negative regulation of glomerular filtration,GO:0003105,,,,,,,,,,,,,macula densa NaCl sensing is represented as a signal on the effector cell rather than as a separate sensing behavior,High distal tubular NaCl delivery drives macula densa release of adenosine and ATP,cell,juxtaglomerular apparatus,juxtaglomerular apparatus,UBERON:0002303,macula densa epithelial cell,macula densa epithelial cell,CL:1000850,luminal sodium chloride,,,increases,X secretion,adenosine,,,,,,,,,,signal transduced by apical NKCC2-dependent NaCl uptake,seconds-minutes,intra-organ,paracrine,glomerular filtration rate,,,plasma renin activity,,,fractional excretion of sodium,Fractional excretion of sodium [Ratio] in Urine and Serum or Plasma,LOINC:49135-7,,,,RAAS activation,regulation of systemic arterial blood pressure by circulatory renin-angiotensin,GO:0001991,sympathetic nervous system,,,,,,,,,"Mulroney & Myers, Netter's Essential Physiology",ISBN 978-0-323-69463-8,17,,,,,,,,,,,,,,,,,,,,,,,
urinary system,renal system process,GO:0003014,homeostasis,homeostatic process,GO:0042592,renal hemodynamics,regulation of blood volume by renal aldosterone,GO:0002017,tubuloglomerular feedback,negative regulation of glomerular filtration,GO:0003105,,,,,,,,,,,,,,"Macula densa derived adenosine constricts the afferent arteriole, lowering single-nephron GFR",cell,kidney,kidney,UBERON:0002113,kidney afferent arteriolar cell,kidney afferent arteriolar cell,CL:1001006,adenosine,,,increases,contraction X,force,,,,,,,,,,,seconds-minutes,paracrine,intra-organ,glomerular filtration rate,,,plasma renin activity,,,fractional excretion of sodium,Fractional excretion of sodium [Ratio] in Urine and Serum or Plasma,LOINC:49135-7,,,,RAAS activation,regulation of systemic arterial blood pressure by circulatory renin-angiotensin,GO:0001991,sympathetic nervous system,,,,,,,,,"Mulroney & Myers, Netter's Essential Physiology",ISBN 978-0-323-69463-8,17,,,,,,,,,,,,,,,,,,,,,,,
urinary system,renal system process,GO:0003014,homeostasis,homeostatic process,GO:0042592,renal hemodynamics,regulation of blood volume by renal aldosterone,GO:0002017,tubuloglomerular feedback,negative regulation of glomerular filtration,GO:0003105,,,,,,,,,,,,,,"Low distal NaCl delivery increases macula densa prostaglandin E2 release, which stimulates renin secretion",cell,juxtaglomerular apparatus,juxtaglomerular apparatus,UBERON:0002303,macula densa epithelial cell,macula densa epithelial cell,CL:1000850,luminal sodium chloride,,,decreases,X secretion,prostaglandin E2,,,,,,,,,,,seconds-minutes,intra-organ,paracrine,glomerular filtration rate,,,plasma renin activity,,,fractional excretion of sodium,Fractional excretion of sodium [Ratio] in Urine and Serum or Plasma,LOINC:49135-7,,,,RAAS activation,regulation of systemic arterial blood pressure by circulatory renin-angiotensin,GO:0001991,sympathetic nervous system,,,,,,,,,"Mulroney & Myers, Netter's Essential Physiology",ISBN 978-0-323-69463-8,17,,,,,,,,,,,,,,,,,,,,,,,
urinary system,renal system process,GO:0003014,homeostasis,homeostatic process,GO:0042592,sodium homeostasis,renal sodium ion absorption,GO:0070294,glomerulotubular balance,,,,,,,,,,,,,,,glomerulotubular balance keeps proximal reabsorption a constant fraction of the filtered load,A rise in filtered load elicits a proportional rise in proximal sodium reabsorption,cell,proximal convoluted tubule,proximal convoluted tubule,UBERON:0001287,kidney proximal convoluted tubule epithelial cell,kidney proximal convoluted tubule epithelial cell,CL:1000838,filtered sodium load,,,increases,X uptake,sodium,,,,,,,,,,proximal fractional reabsorption held near 65-70% despite changes in GFR,seconds-minutes,intra-organ,intra-organ,fractional excretion of sodium,Fractional excretion of sodium [Ratio] in Urine and Serum or Plasma,LOINC:49135-7,glomerular filtration rate,,,plasma osmolality,Osmolality of Serum or Plasma,LOINC:2692-2,,,,RAAS activation,regulation of systemic arterial blood pressure by circulatory renin-angiotensin,GO:0001991,plasma albumin,,,,,,,,,"Mulroney & Myers, Netter's Essential Physiology",ISBN 978-0-323-69463-8,17,,,,,,,,,,,,,,,,,,,,,,,
urinary system,renal system process,GO:0003014,homeostasis,homeostatic process,GO:0042592,sodium homeostasis,renal sodium ion absorption,GO:0070294,glomerulotubular balance,,,,,,,,,,,,,,,,Increased peritubular oncotic pressure favours capillary uptake of proximal reabsorbate,cell,proximal convoluted tubule,proximal convoluted tubule,UBERON:0001287,kidney proximal convoluted tubule epithelial cell,kidney proximal convoluted tubule epithelial cell,CL:1000838,peritubular capillary oncotic pressure,,,increases,X uptake,sodium,,,,,,,,,,rises with filtration fraction; favours uptake of reabsorbate,seconds-minutes,circulatory,intra-organ,fractional excretion of sodium,Fractional excretion of sodium [Ratio] in Urine and Serum or Plasma,LOINC:49135-7,glomerular filtration rate,,,plasma osmolality,Osmolality of Serum or Plasma,LOINC:2692-2,,,,RAAS activation,regulation of systemic arterial blood pressure by circulatory renin-angiotensin,GO:0001991,plasma albumin,,,,,,,,,"Mulroney & Myers, Netter's Essential Physiology",ISBN 978-0-323-69463-8,17,,,,,,,,,,,,,,,,,,,,,,,
urinary system,renal system process,GO:0003014,homeostasis,homeostatic process,GO:0042592,sodium homeostasis,renal sodium ion absorption,GO:0070294,glomerulotubular balance,,,,,,,,,,,,,,,,Increased peritubular hydrostatic pressure promotes back-leak and blunts net proximal reabsorption,cell,proximal convoluted tubule,proximal convoluted tubule,UBERON:0001287,kidney proximal convoluted tubule epithelial cell,kidney proximal convoluted tubule epithelial cell,CL:1000838,peritubular capillary hydrostatic pressure,,,decreases,X uptake,sodium,,,,,,,,,,,seconds-minutes,circulatory,intra-organ,fractional excretion of sodium,Fractional excretion of sodium [Ratio] in Urine and Serum or Plasma,LOINC:49135-7,glomerular filtration rate,,,plasma osmolality,Osmolality of Serum or Plasma,LOINC:2692-2,,,,RAAS activation,regulation of systemic arterial blood pressure by circulatory renin-angiotensin,GO:0001991,plasma albumin,,,,,,,,,"Mulroney & Myers, Netter's Essential Physiology",ISBN 978-0-323-69463-8,17,,,,,,,,,,,,,,,,,,,,,,,
urinary system,renal system process,GO:0003014,homeostasis,homeostatic process,GO:0042592,sodium homeostasis,renal sodium ion absorption,GO:0070294,proximal tubular sodium reabsorption,renal absorption,GO:0070293,,,,,,,,,,,,,isosmotic reabsorption: water follows sodium via AQP1 and the paracellular route,Proximal tubule reabsorbs the bulk of filtered sodium by apical Na/H exchange and Na-coupled solute cotransport,cell,proximal convoluted tubule,proximal convoluted tubule,UBERON:0001287,kidney proximal convoluted tubule epithelial cell,kidney proximal convoluted tubule epithelial cell,CL:1000838,,,,does,X uptake,sodium,,,,,,,,,"[136, 145]",units = mEq/L plasma; proximal tubule reabsorbs 65-70% of filtered Na+ via NHE3 and Na-solute cotransport,minutes,,intra-organ,fractional excretion of sodium,Fractional excretion of sodium [Ratio] in Urine and Serum or Plasma,LOINC:49135-7,plasma sodium,Sodium [Moles/volume] in Serum or Plasma,LOINC:2951-2,urine sodium,,,urine osmolality,Osmolality of Urine,LOINC:2695-5,acid-base homeostasis,,,RAAS activation,regulation of systemic arterial blood pressure by circulatory renin-angiotensin,GO:0001991,sympathetic nervous system,,,,,,"Mulroney & Myers, Netter's Essential Physiology",ISBN 978-0-323-69463-8,18,,,,,,,,,,,,,,,,,,,,,,,
urinary system,renal system process,GO:0003014,homeostasis,homeostatic process,GO:0042592,sodium homeostasis,renal sodium ion absorption,GO:0070294,proximal tubular sodium reabsorption,renal absorption,GO:0070293,,,,,,,,,,,,,,Water follows the osmotic gradient created by proximal solute reabsorption,cell,proximal convoluted tubule,proximal convoluted tubule,UBERON:0001287,kidney proximal convoluted tubule epithelial cell,kidney proximal convoluted tubule epithelial cell,CL:1000838,,,,does,X uptake,water,,,,,,,,,,~65% of filtered water; isosmotic with sodium reabsorption,minutes,,intra-organ,fractional excretion of sodium,Fractional excretion of sodium [Ratio] in Urine and Serum or Plasma,LOINC:49135-7,plasma sodium,Sodium [Moles/volume] in Serum or Plasma,LOINC:2951-2,urine sodium,,,urine osmolality,Osmolality of Urine,LOINC:2695-5,acid-base homeostasis,,,RAAS activation,regulation of systemic arterial blood pressure by circulatory renin-angiotensin,GO:0001991,sympathetic nervous system,,,,,,"Mulroney & Myers, Netter's Essential Physiology",ISBN 978-0-323-69463-8,18,,,,,,,,,,,,,,,,,,,,,,,
urinary system,renal system process,GO:0003014,homeostasis,homeostatic process,GO:0042592,sodium homeostasis,renal sodium ion absorption,GO:0070294,proximal tubular sodium reabsorption,renal absorption,GO:0070293,,,,,,,,,,,,,,Angiotensin II stimulates proximal sodium reabsorption,cell,proximal convoluted tubule,proximal convoluted tubule,UBERON:0001287,kidney proximal convoluted tubule epithelial cell,kidney proximal convoluted tubule epithelial cell,CL:1000838,angiotensin II,,,increases,X uptake,sodium,,,,,,,,,,stimulates apical NHE3 and basolateral Na/K-ATPase,minutes,circulatory,intra-organ,fractional excretion of sodium,Fractional excretion of sodium [Ratio] in Urine and Serum or Plasma,LOINC:49135-7,plasma sodium,Sodium [Moles/volume] in Serum or Plasma,LOINC:2951-2,urine sodium,,,urine osmolality,Osmolality of Urine,LOINC:2695-5,acid-base homeostasis,,,RAAS activation,regulation of systemic arterial blood pressure by circulatory renin-angiotensin,GO:0001991,sympathetic nervous system,,,,,,"Mulroney & Myers, Netter's Essential Physiology",ISBN 978-0-323-69463-8,18,,,,,,,,,,,,,,,,,,,,,,,
urinary system,renal system process,GO:0003014,homeostasis,homeostatic process,GO:0042592,sodium homeostasis,renal sodium ion absorption,GO:0070294,proximal tubular sodium reabsorption,renal absorption,GO:0070293,,,,,,,,,,,,,,Renal sympathetic nerve activity stimulates proximal sodium reabsorption,cell,proximal convoluted tubule,proximal convoluted tubule,UBERON:0001287,kidney proximal convoluted tubule epithelial cell,kidney proximal convoluted tubule epithelial cell,CL:1000838,norepinephrine,,,increases,X uptake,sodium,,,,,,,,,,,minutes,systemic,intra-organ,fractional excretion of sodium,Fractional excretion of sodium [Ratio] in Urine and Serum or Plasma,LOINC:49135-7,plasma sodium,Sodium [Moles/volume] in Serum or Plasma,LOINC:2951-2,urine sodium,,,urine osmolality,Osmolality of Urine,LOINC:2695-5,acid-base homeostasis,,,RAAS activation,regulation of systemic arterial blood pressure by circulatory renin-angiotensin,GO:0001991,sympathetic nervous system,,,,,,"Mulroney & Myers, Netter's Essential Physiology",ISBN 978-0-323-69463-8,18,,,,,,,,,,,,,,,,,,,,,,,
urinary system,renal system process,GO:0003014,homeostasis,homeostatic process,GO:0042592,sodium homeostasis,renal sodium ion absorption,GO:0070294,proximal tubular sodium reabsorption,renal absorption,GO:0070293,,,,,,,,,,,,,intrarenal dopamine is a local natriuretic factor,Intrarenal dopamine inhibits proximal sodium reabsorption and promotes natriuresis,cell,proximal convoluted tubule,proximal convoluted tubule,UBERON:0001287,kidney proximal convoluted tubule epithelial cell,kidney proximal convoluted tubule epithelial cell,CL:1000838,dopamine,,,decreases,X uptake,sodium,,,,,,,,,,locally synthesised from filtered L-DOPA; inhibits NHE3 and Na/K-ATPase,minutes-hours,paracrine,intra-organ,fractional excretion of sodium,Fractional excretion of sodium [Ratio] in Urine and Serum or Plasma,LOINC:49135-7,plasma sodium,Sodium [Moles/volume] in Serum or Plasma,LOINC:2951-2,urine sodium,,,urine osmolality,Osmolality of Urine,LOINC:2695-5,acid-base homeostasis,,,RAAS activation,regulation of systemic arterial blood pressure by circulatory renin-angiotensin,GO:0001991,sympathetic nervous system,,,,,,"Mulroney & Myers, Netter's Essential Physiology",ISBN 978-0-323-69463-8,18,,,,,,,,,,,,,,,,,,,,,,,
urinary system,renal system process,GO:0003014,homeostasis,homeostatic process,GO:0042592,sodium homeostasis,renal sodium ion absorption,GO:0070294,proximal tubular sodium reabsorption,renal absorption,GO:0070293,,,,,,,,,,,,,,Chloride is reabsorbed paracellularly in the proximal tubule as sodium and water are removed,cell,proximal convoluted tubule,proximal convoluted tubule,UBERON:0001287,kidney proximal convoluted tubule epithelial cell,kidney proximal convoluted tubule epithelial cell,CL:1000838,,,,does,X uptake,chloride,,,,,,,,,,"largely paracellular in later proximal segments, driven by the lumen-positive potential and Cl- gradient",minutes,,intra-organ,plasma chloride,,,urine chloride,,,plasma osmolality,Osmolality of Serum or Plasma,LOINC:2692-2,,,,acid-base homeostasis,,,RAAS activation,regulation of systemic arterial blood pressure by circulatory renin-angiotensin,GO:0001991,sympathetic nervous system,,,,,,"Mulroney & Myers, Netter's Essential Physiology",ISBN 978-0-323-69463-8,18,,,,,,,,,,,,,,,,,,,,,,,
urinary system,renal system process,GO:0003014,homeostasis,homeostatic process,GO:0042592,water homeostasis,renal water homeostasis,GO:0003091,countercurrent multiplication,,,,,,,,,,,,,,,"the descending thin limb equilibrates with the hypertonic interstitium, concentrating luminal fluid","The thin descending limb reabsorbs water without solute, concentrating tubular fluid",cell,loop of Henle,loop of Henle,UBERON:0001288,kidney loop of Henle short descending thin limb epithelial cell,kidney loop of Henle short descending thin limb epithelial cell,CL:4030012,,,,does,X uptake,water,,,,,,,,,,AQP1-mediated; segment is water-permeable and solute-impermeable,minutes,,intra-organ,urine osmolality,Osmolality of Urine,LOINC:2695-5,plasma osmolality,Osmolality of Serum or Plasma,LOINC:2692-2,urine specific gravity,Specific gravity of Urine,LOINC:2965-2,free water clearance,,,vasopressin signalling,regulation of renal water transport,GO:2001151,urea recycling,,,,,,,,,"Mulroney & Myers, Netter's Essential Physiology",ISBN 978-0-323-69463-8,19,,,,,,,,,,,,,,,,,,,,,,,
urinary system,renal system process,GO:0003014,homeostasis,homeostatic process,GO:0042592,water homeostasis,renal water homeostasis,GO:0003091,countercurrent multiplication,,,,,,,,,,,,,,,,The thin ascending limb reabsorbs NaCl passively and is impermeable to water,cell,loop of Henle,loop of Henle,UBERON:0001288,kidney loop of Henle thin ascending limb epithelial cell,kidney loop of Henle thin ascending limb epithelial cell,CL:1001107,,,,does,X uptake,sodium chloride,,,,,,,,,,"passive, driven by the luminal-to-interstitial NaCl gradient; segment is water-impermeable",minutes,,intra-organ,urine osmolality,Osmolality of Urine,LOINC:2695-5,plasma osmolality,Osmolality of Serum or Plasma,LOINC:2692-2,urine specific gravity,Specific gravity of Urine,LOINC:2965-2,free water clearance,,,vasopressin signalling,regulation of renal water transport,GO:2001151,urea recycling,,,,,,,,,"Mulroney & Myers, Netter's Essential Physiology",ISBN 978-0-323-69463-8,19,,,,,,,,,,,,,,,,,,,,,,,
urinary system,renal system process,GO:0003014,homeostasis,homeostatic process,GO:0042592,water homeostasis,renal water homeostasis,GO:0003091,countercurrent multiplication,,,,,,,,,,,,,,,site of action of loop diuretics; generates the single effect for countercurrent multiplication,NKCC2 in the thick ascending limb reabsorbs NaCl against a gradient without water,cell,thick ascending limb,thick ascending limb of loop of Henle,UBERON:0001291,kidney loop of Henle thick ascending limb epithelial cell,kidney loop of Henle thick ascending limb epithelial cell,CL:1001106,,,,does,X uptake,sodium,,,,,,,,,,~25% of filtered Na+ via apical NKCC2; segment is water-impermeable (the diluting segment),minutes,,intra-organ,urine osmolality,Osmolality of Urine,LOINC:2695-5,plasma osmolality,Osmolality of Serum or Plasma,LOINC:2692-2,urine specific gravity,Specific gravity of Urine,LOINC:2965-2,free water clearance,,,vasopressin signalling,regulation of renal water transport,GO:2001151,urea recycling,,,,,,,,,"Mulroney & Myers, Netter's Essential Physiology",ISBN 978-0-323-69463-8,19,,,,,,,,,,,,,,,,,,,,,,,
urinary system,renal system process,GO:0003014,homeostasis,homeostatic process,GO:0042592,water homeostasis,renal water homeostasis,GO:0003091,countercurrent multiplication,,,,,,,,,,,,,,,,Apical potassium recycling sustains NKCC2 turnover and creates the lumen-positive driving force,cell,thick ascending limb,thick ascending limb of loop of Henle,UBERON:0001291,kidney loop of Henle thick ascending limb epithelial cell,kidney loop of Henle thick ascending limb epithelial cell,CL:1001106,,,,does,X secretion,potassium,,,,,,,,,,ROMK-mediated apical recycling generates a lumen-positive transepithelial voltage of about +8 mV,seconds-minutes,,intra-organ,urine potassium,,,plasma potassium,,,,,,,,,vasopressin signalling,regulation of renal water transport,GO:2001151,urea recycling,,,,,,,,,"Mulroney & Myers, Netter's Essential Physiology",ISBN 978-0-323-69463-8,19,,,,,,,,,,,,,,,,,,,,,,,
urinary system,renal system process,GO:0003014,homeostasis,homeostatic process,GO:0042592,water homeostasis,renal water homeostasis,GO:0003091,countercurrent multiplication,,,,,,,,,,,,,,,,Lumen-positive voltage drives paracellular calcium reabsorption in the thick ascending limb,cell,thick ascending limb,thick ascending limb of loop of Henle,UBERON:0001291,kidney loop of Henle thick ascending limb epithelial cell,kidney loop of Henle thick ascending limb epithelial cell,CL:1001106,,,,does,X uptake,calcium,,,,,,,,,,"~20% of filtered Ca2+, paracellular via claudin-16/19 driven by the lumen-positive voltage",minutes,,intra-organ,plasma calcium,,,urine calcium,,,,,,,,,vasopressin signalling,regulation of renal water transport,GO:2001151,urea recycling,,,,,,,,,"Mulroney & Myers, Netter's Essential Physiology",ISBN 978-0-323-69463-8,19,,,,,,,,,,,,,,,,,,,,,,,
urinary system,renal system process,GO:0003014,homeostasis,homeostatic process,GO:0042592,water homeostasis,renal water homeostasis,GO:0003091,countercurrent multiplication,,,,,,,,,,,,,,,,The thick ascending limb is the principal site of magnesium reabsorption,cell,thick ascending limb,thick ascending limb of loop of Henle,UBERON:0001291,kidney loop of Henle thick ascending limb epithelial cell,kidney loop of Henle thick ascending limb epithelial cell,CL:1001106,,,,does,X uptake,magnesium,,,,,,,,,,"~70% of filtered Mg2+, paracellular",minutes,,intra-organ,plasma magnesium,,,urine magnesium,,,,,,,,,vasopressin signalling,regulation of renal water transport,GO:2001151,urea recycling,,,,,,,,,"Mulroney & Myers, Netter's Essential Physiology",ISBN 978-0-323-69463-8,19,,,,,,,,,,,,,,,,,,,,,,,
urinary system,renal system process,GO:0003014,homeostasis,homeostatic process,GO:0042592,water homeostasis,renal water homeostasis,GO:0003091,countercurrent multiplication,,,,,,,,,,,,,,,,"Hairpin vasa recta exchange solute and water passively, preserving the medullary osmotic gradient",tissue,kidney,kidney,UBERON:0002113,vasa recta,,,,,,does,transport of X from Y to Z,solute and water,,,descending vasa recta,,,ascending vasa recta,,,,countercurrent exchange; medullary blood flow is low to limit gradient washout,minutes-hours,,intra-organ,urine osmolality,Osmolality of Urine,LOINC:2695-5,plasma osmolality,Osmolality of Serum or Plasma,LOINC:2692-2,urine specific gravity,Specific gravity of Urine,LOINC:2965-2,free water clearance,,,vasopressin signalling,regulation of renal water transport,GO:2001151,urea recycling,,,,,,,,,"Mulroney & Myers, Netter's Essential Physiology",ISBN 978-0-323-69463-8,19,,,,,,,,,,,,,,,,,,,,,,,
urinary system,renal system process,GO:0003014,homeostasis,homeostatic process,GO:0042592,water homeostasis,renal water homeostasis,GO:0003091,countercurrent multiplication,,,,,,,,,,,,,,,GRAMMAR NOTE: the medullary osmotic gradient is expressed as interstitial storage of osmoles; flag if you would rather add a dedicated behavior term,Countercurrent multiplication and urea recycling establish a corticomedullary osmotic gradient,organ,kidney,kidney,UBERON:0002113,kidney,,,,,,does,X storage,sodium chloride and urea,,,,,,,,,"[300, 1200]",units = mOsm/kg H2O; corticomedullary gradient from isotonic cortex to hypertonic papilla,hours,,intra-organ,urine osmolality,Osmolality of Urine,LOINC:2695-5,plasma osmolality,Osmolality of Serum or Plasma,LOINC:2692-2,urine specific gravity,Specific gravity of Urine,LOINC:2965-2,free water clearance,,,vasopressin signalling,regulation of renal water transport,GO:2001151,urea recycling,,,,,,,,,"Mulroney & Myers, Netter's Essential Physiology",ISBN 978-0-323-69463-8,19,,,,,,,,,,,,,,,,,,,,,,,
urinary system,renal system process,GO:0003014,homeostasis,homeostatic process,GO:0042592,sodium homeostasis,renal sodium ion absorption,GO:0070294,distal sodium reabsorption,renal absorption,GO:0070293,,,,,,,,,,,,,,The distal convoluted tubule reabsorbs NaCl through the thiazide-sensitive cotransporter,cell,distal convoluted tubule,distal convoluted tubule,UBERON:0001292,kidney distal convoluted tubule epithelial cell,kidney distal convoluted tubule epithelial cell,CL:1000849,,,,does,X uptake,sodium chloride,,,,,,,,,,~5-7% of filtered load via the thiazide-sensitive NaCl cotransporter; segment is water-impermeable,minutes,,intra-organ,plasma sodium,Sodium [Moles/volume] in Serum or Plasma,LOINC:2951-2,urine sodium,,,fractional excretion of sodium,Fractional excretion of sodium [Ratio] in Urine and Serum or Plasma,LOINC:49135-7,blood pressure,,,aldosterone signalling,,,RAAS activation,regulation of systemic arterial blood pressure by circulatory renin-angiotensin,GO:0001991,atrial natriuretic peptide,,,,,,"Mulroney & Myers, Netter's Essential Physiology",ISBN 978-0-323-69463-8,"18, 20",,,,,,,,,,,,,,,,,,,,,,,
urinary system,renal system process,GO:0003014,homeostasis,homeostatic process,GO:0042592,sodium homeostasis,renal sodium ion absorption,GO:0070294,distal sodium reabsorption,renal absorption,GO:0070293,,,,,,,,,,,,,,Aldosterone increases NaCl cotransporter abundance in the distal convoluted tubule,cell,distal convoluted tubule,distal convoluted tubule,UBERON:0001292,kidney distal convoluted tubule epithelial cell,kidney distal convoluted tubule epithelial cell,CL:1000849,aldosterone,,,increases,X uptake,sodium chloride,,,,,,,,,,,hours,circulatory,intra-organ,plasma sodium,Sodium [Moles/volume] in Serum or Plasma,LOINC:2951-2,urine sodium,,,fractional excretion of sodium,Fractional excretion of sodium [Ratio] in Urine and Serum or Plasma,LOINC:49135-7,blood pressure,,,aldosterone signalling,,,RAAS activation,regulation of systemic arterial blood pressure by circulatory renin-angiotensin,GO:0001991,atrial natriuretic peptide,,,,,,"Mulroney & Myers, Netter's Essential Physiology",ISBN 978-0-323-69463-8,"18, 20",,,,,,,,,,,,,,,,,,,,,,,
urinary system,renal system process,GO:0003014,homeostasis,homeostatic process,GO:0042592,sodium homeostasis,renal sodium ion absorption,GO:0070294,distal sodium reabsorption,renal absorption,GO:0070293,,,,,,,,,,,,,ENaC-mediated sodium entry generates the lumen-negative voltage that drives K+ and H+ secretion,Principal cells reabsorb sodium through apical ENaC,cell,collecting duct,kidney collecting duct epithelium,UBERON:0014388,kidney collecting duct principal cell,kidney collecting duct principal cell,CL:1001431,,,,does,X uptake,sodium,,,,,,,,,,~3% of filtered load via the epithelial sodium channel; the finely regulated fraction,minutes-hours,,intra-organ,plasma sodium,Sodium [Moles/volume] in Serum or Plasma,LOINC:2951-2,urine sodium,,,fractional excretion of sodium,Fractional excretion of sodium [Ratio] in Urine and Serum or Plasma,LOINC:49135-7,blood pressure,,,aldosterone signalling,,,RAAS activation,regulation of systemic arterial blood pressure by circulatory renin-angiotensin,GO:0001991,atrial natriuretic peptide,,,,,,"Mulroney & Myers, Netter's Essential Physiology",ISBN 978-0-323-69463-8,"18, 20",,,,,,,,,,,,,,,,,,,,,,,
urinary system,renal system process,GO:0003014,homeostasis,homeostatic process,GO:0042592,sodium homeostasis,renal sodium ion absorption,GO:0070294,distal sodium reabsorption,renal absorption,GO:0070293,,,,,,,,,,,,,,Aldosterone increases principal cell sodium reabsorption,cell,collecting duct,kidney collecting duct epithelium,UBERON:0014388,kidney collecting duct principal cell,kidney collecting duct principal cell,CL:1001431,aldosterone,,,increases,X uptake,sodium,,,,,,,,,,increases ENaC and Na/K-ATPase expression; effect over 1-6 hours,hours,circulatory,intra-organ,plasma sodium,Sodium [Moles/volume] in Serum or Plasma,LOINC:2951-2,urine sodium,,,fractional excretion of sodium,Fractional excretion of sodium [Ratio] in Urine and Serum or Plasma,LOINC:49135-7,blood pressure,,,aldosterone signalling,,,RAAS activation,regulation of systemic arterial blood pressure by circulatory renin-angiotensin,GO:0001991,atrial natriuretic peptide,,,,,,"Mulroney & Myers, Netter's Essential Physiology",ISBN 978-0-323-69463-8,"18, 20",,,,,,,,,,,,,,,,,,,,,,,
urinary system,renal system process,GO:0003014,homeostasis,homeostatic process,GO:0042592,sodium homeostasis,renal sodium ion absorption,GO:0070294,distal sodium reabsorption,renal absorption,GO:0070293,,,,,,,,,,,,,,ANP inhibits collecting duct sodium reabsorption,cell,collecting duct,kidney collecting duct epithelium,UBERON:0014388,kidney collecting duct principal cell,kidney collecting duct principal cell,CL:1001431,atrial natriuretic peptide,,,decreases,X uptake,sodium,,,,,,,,,,,minutes-hours,circulatory,intra-organ,plasma sodium,Sodium [Moles/volume] in Serum or Plasma,LOINC:2951-2,urine sodium,,,fractional excretion of sodium,Fractional excretion of sodium [Ratio] in Urine and Serum or Plasma,LOINC:49135-7,blood pressure,,,aldosterone signalling,,,RAAS activation,regulation of systemic arterial blood pressure by circulatory renin-angiotensin,GO:0001991,atrial natriuretic peptide,,,,,,"Mulroney & Myers, Netter's Essential Physiology",ISBN 978-0-323-69463-8,"18, 20",,,,,,,,,,,,,,,,,,,,,,,
urinary system,renal system process,GO:0003014,homeostasis,homeostatic process,GO:0042592,water homeostasis,renal water homeostasis,GO:0003091,vasopressin-dependent water reabsorption,renal water absorption,GO:0070295,,,,,,,,,,,,,V2 receptor signalling inserts AQP2 into the apical membrane; represented here as the vasopressin signal on the uptake behavior,Collecting duct principal cells reabsorb water down the medullary osmotic gradient,cell,collecting duct,kidney collecting duct epithelium,UBERON:0014388,kidney collecting duct principal cell,kidney collecting duct principal cell,CL:1001431,,,,does,X uptake,water,,,,,,,,,"[50, 1200]","units = mOsm/kg urine osmolality range; final 5-25% of filtered water, AQP2-dependent",minutes,,intra-organ,urine osmolality,Osmolality of Urine,LOINC:2695-5,plasma osmolality,Osmolality of Serum or Plasma,LOINC:2692-2,plasma sodium,Sodium [Moles/volume] in Serum or Plasma,LOINC:2951-2,urine specific gravity,Specific gravity of Urine,LOINC:2965-2,vasopressin signalling,regulation of renal water transport,GO:2001151,urea recycling,,,thirst,,,,,,"Mulroney & Myers, Netter's Essential Physiology",ISBN 978-0-323-69463-8,"19, 20",,,,,,,,,,,,,,,,,,,,,,,
urinary system,renal system process,GO:0003014,homeostasis,homeostatic process,GO:0042592,water homeostasis,renal water homeostasis,GO:0003091,vasopressin-dependent water reabsorption,renal water absorption,GO:0070295,,,,,,,,,,,,,,Vasopressin acting at V2 receptors increases apical water permeability,cell,collecting duct,kidney collecting duct epithelium,UBERON:0014388,kidney collecting duct principal cell,kidney collecting duct principal cell,CL:1001431,vasopressin,,,increases,X uptake,water,,,,,,,,,,"maximal antidiuresis concentrates urine to ~1200 mOsm/kg; absent ADH, urine falls to ~50 mOsm/kg",minutes,circulatory,intra-organ,urine osmolality,Osmolality of Urine,LOINC:2695-5,plasma osmolality,Osmolality of Serum or Plasma,LOINC:2692-2,plasma sodium,Sodium [Moles/volume] in Serum or Plasma,LOINC:2951-2,urine specific gravity,Specific gravity of Urine,LOINC:2965-2,vasopressin signalling,regulation of renal water transport,GO:2001151,urea recycling,,,thirst,,,,,,"Mulroney & Myers, Netter's Essential Physiology",ISBN 978-0-323-69463-8,"19, 20",,,,,,,,,,,,,,,,,,,,,,,
urinary system,renal system process,GO:0003014,homeostasis,homeostatic process,GO:0042592,water homeostasis,renal water homeostasis,GO:0003091,vasopressin-dependent water reabsorption,renal water absorption,GO:0070295,,,,,,,,,,,,,,"Vasopressin increases inner medullary urea permeability, recycling urea into the interstitium",cell,collecting duct,kidney collecting duct epithelium,UBERON:0014388,inner medullary collecting duct epithelial cell,,,vasopressin,,,increases,X uptake,urea,,,,,,,,,,UT-A1/UT-A3 mediated; urea contributes ~50% of papillary interstitial osmolality,minutes,circulatory,intra-organ,blood urea nitrogen,,,urine urea,,,urine osmolality,Osmolality of Urine,LOINC:2695-5,,,,vasopressin signalling,regulation of renal water transport,GO:2001151,urea recycling,,,thirst,,,,,,"Mulroney & Myers, Netter's Essential Physiology",ISBN 978-0-323-69463-8,"19, 20",,,,,,,,,,,,,,,,,,,,,,,
urinary system,renal system process,GO:0003014,homeostasis,homeostatic process,GO:0042592,water homeostasis,renal water homeostasis,GO:0003091,vasopressin-dependent water reabsorption,renal water absorption,GO:0070295,,,,,,,,,,,,,,"Vasopressin reduces free water excretion, lowering urine volume and raising urine osmolality",organ,kidney,kidney,UBERON:0002113,kidney,,,vasopressin,,,decreases,X export,water,,,,,,,,,"[0.5, 2.0]",units = L/day urine output; free water clearance becomes negative with antidiuresis,hours,circulatory,systemic,urine osmolality,Osmolality of Urine,LOINC:2695-5,plasma osmolality,Osmolality of Serum or Plasma,LOINC:2692-2,plasma sodium,Sodium [Moles/volume] in Serum or Plasma,LOINC:2951-2,urine specific gravity,Specific gravity of Urine,LOINC:2965-2,vasopressin signalling,regulation of renal water transport,GO:2001151,urea recycling,,,thirst,,,,,,"Mulroney & Myers, Netter's Essential Physiology",ISBN 978-0-323-69463-8,"19, 20",,,,,,,,,,,,,,,,,,,,,,,
urinary system,renal system process,GO:0003014,homeostasis,homeostatic process,GO:0042592,potassium homeostasis,renal potassium excretion,GO:0036359,potassium reabsorption and secretion,renal absorption,GO:0070293,,,,,,,,,,,,,,Proximal tubule reclaims most filtered potassium passively with water and sodium,cell,proximal convoluted tubule,proximal convoluted tubule,UBERON:0001287,kidney proximal convoluted tubule epithelial cell,kidney proximal convoluted tubule epithelial cell,CL:1000838,,,,does,X uptake,potassium,,,,,,,,,"[3.5, 5.0]",units = mEq/L plasma; ~65% of filtered K+ reabsorbed paracellularly by solvent drag,minutes,,intra-organ,plasma potassium,,,urine potassium,,,transtubular potassium gradient,,,blood pH,pH of Blood,LOINC:11558-4,aldosterone signalling,,,acid-base homeostasis,,,insulin,insulin secretion,GO:0030073,,,,"Mulroney & Myers, Netter's Essential Physiology",ISBN 978-0-323-69463-8,18,,"High-Yield Physiology, 1st edition. Dudek, 2008.",ISBN: 978-0781745871,21,,,,,,,,,,,,,,,,,,,
urinary system,renal system process,GO:0003014,homeostasis,homeostatic process,GO:0042592,potassium homeostasis,renal potassium excretion,GO:0036359,potassium reabsorption and secretion,renal absorption,GO:0070293,,,,,,,,,,,,,,The thick ascending limb reabsorbs potassium through NKCC2,cell,thick ascending limb,thick ascending limb of loop of Henle,UBERON:0001291,kidney loop of Henle thick ascending limb epithelial cell,kidney loop of Henle thick ascending limb epithelial cell,CL:1001106,,,,does,X uptake,potassium,,,,,,,,,,~25-30% of filtered K+ via NKCC2,minutes,,intra-organ,plasma potassium,,,urine potassium,,,transtubular potassium gradient,,,blood pH,pH of Blood,LOINC:11558-4,aldosterone signalling,,,acid-base homeostasis,,,insulin,insulin secretion,GO:0030073,,,,"Mulroney & Myers, Netter's Essential Physiology",ISBN 978-0-323-69463-8,18,,"High-Yield Physiology, 1st edition. Dudek, 2008.",ISBN: 978-0781745871,21,,,,,,,,,,,,,,,,,,,
urinary system,renal system process,GO:0003014,homeostasis,homeostatic process,GO:0042592,potassium homeostasis,renal potassium excretion,GO:0036359,potassium reabsorption and secretion,renal absorption,GO:0070293,,,,,,,,,,,,,secretion is driven by the lumen-negative voltage generated by ENaC-mediated sodium entry,Principal cells secrete potassium into the collecting duct lumen,cell,collecting duct,kidney collecting duct epithelium,UBERON:0014388,kidney collecting duct principal cell,kidney collecting duct principal cell,CL:1001431,,,,does,X secretion,potassium,,,,,,,,,,via ROMK and BK channels; the regulated determinant of net K+ excretion,minutes-hours,,intra-organ,plasma potassium,,,urine potassium,,,transtubular potassium gradient,,,blood pH,pH of Blood,LOINC:11558-4,aldosterone signalling,,,acid-base homeostasis,,,insulin,insulin secretion,GO:0030073,,,,"Mulroney & Myers, Netter's Essential Physiology",ISBN 978-0-323-69463-8,18,,"High-Yield Physiology, 1st edition. Dudek, 2008.",ISBN: 978-0781745871,21,,,,,,,,,,,,,,,,,,,
urinary system,renal system process,GO:0003014,homeostasis,homeostatic process,GO:0042592,potassium homeostasis,renal potassium excretion,GO:0036359,potassium reabsorption and secretion,renal absorption,GO:0070293,,,,,,,,,,,,,,Aldosterone increases principal cell potassium secretion,cell,collecting duct,kidney collecting duct epithelium,UBERON:0014388,kidney collecting duct principal cell,kidney collecting duct principal cell,CL:1001431,aldosterone,,,increases,X secretion,potassium,,,,,,,,,,,hours,circulatory,intra-organ,plasma potassium,,,urine potassium,,,transtubular potassium gradient,,,blood pH,pH of Blood,LOINC:11558-4,aldosterone signalling,,,acid-base homeostasis,,,insulin,insulin secretion,GO:0030073,,,,"Mulroney & Myers, Netter's Essential Physiology",ISBN 978-0-323-69463-8,18,,"High-Yield Physiology, 1st edition. Dudek, 2008.",ISBN: 978-0781745871,21,,,,,,,,,,,,,,,,,,,
urinary system,renal system process,GO:0003014,homeostasis,homeostatic process,GO:0042592,potassium homeostasis,renal potassium excretion,GO:0036359,potassium reabsorption and secretion,renal absorption,GO:0070293,,,,,,,,,,,,,,High distal flow increases potassium secretion,cell,collecting duct,kidney collecting duct epithelium,UBERON:0014388,kidney collecting duct principal cell,kidney collecting duct principal cell,CL:1001431,tubular flow rate,,,increases,X secretion,potassium,,,,,,,,,,high flow deflects BK channel cilia and dissipates the luminal K+ gradient,minutes,intra-organ,intra-organ,plasma potassium,,,urine potassium,,,transtubular potassium gradient,,,blood pH,pH of Blood,LOINC:11558-4,aldosterone signalling,,,acid-base homeostasis,,,insulin,insulin secretion,GO:0030073,,,,"Mulroney & Myers, Netter's Essential Physiology",ISBN 978-0-323-69463-8,18,,"High-Yield Physiology, 1st edition. Dudek, 2008.",ISBN: 978-0781745871,21,,,,,,,,,,,,,,,,,,,
urinary system,renal system process,GO:0003014,homeostasis,homeostatic process,GO:0042592,potassium homeostasis,renal potassium excretion,GO:0036359,potassium reabsorption and secretion,renal absorption,GO:0070293,,,,,,,,,,,,,,Hyperkalemia directly stimulates potassium secretion and aldosterone release,cell,collecting duct,kidney collecting duct epithelium,UBERON:0014388,kidney collecting duct principal cell,kidney collecting duct principal cell,CL:1001431,plasma potassium,,,increases,X secretion,potassium,,,,,,,,,,,minutes-hours,circulatory,intra-organ,plasma potassium,,,urine potassium,,,transtubular potassium gradient,,,blood pH,pH of Blood,LOINC:11558-4,aldosterone signalling,,,acid-base homeostasis,,,insulin,insulin secretion,GO:0030073,,,,"Mulroney & Myers, Netter's Essential Physiology",ISBN 978-0-323-69463-8,18,,"High-Yield Physiology, 1st edition. Dudek, 2008.",ISBN: 978-0781745871,21,,,,,,,,,,,,,,,,,,,
urinary system,renal system process,GO:0003014,homeostasis,homeostatic process,GO:0042592,potassium homeostasis,renal potassium excretion,GO:0036359,potassium reabsorption and secretion,renal absorption,GO:0070293,,,,,,,,,,,,,,Acidosis inhibits distal potassium secretion,cell,collecting duct,kidney collecting duct epithelium,UBERON:0014388,kidney collecting duct principal cell,kidney collecting duct principal cell,CL:1001431,plasma pH,,,decreases,X secretion,potassium,,,,,,,,,,acidosis reduces distal potassium secretion; alkalosis increases it,hours,systemic,intra-organ,plasma potassium,,,urine potassium,,,transtubular potassium gradient,,,blood pH,pH of Blood,LOINC:11558-4,aldosterone signalling,,,acid-base homeostasis,,,insulin,insulin secretion,GO:0030073,,,,"Mulroney & Myers, Netter's Essential Physiology",ISBN 978-0-323-69463-8,18,,"High-Yield Physiology, 1st edition. Dudek, 2008.",ISBN: 978-0781745871,21,,,,,,,,,,,,,,,,,,,
urinary system,renal system process,GO:0003014,homeostasis,homeostatic process,GO:0042592,potassium homeostasis,renal potassium excretion,GO:0036359,potassium reabsorption and secretion,renal absorption,GO:0070293,,,,,,,,,,,,,,Alpha-intercalated cells reclaim potassium in exchange for secreted protons,cell,collecting duct,kidney collecting duct epithelium,UBERON:0014388,alpha-intercalated cell,,,,,,does,X uptake,potassium,,,,,,,,,,H+/K+-ATPase mediated; upregulated in potassium depletion,hours-days,,intra-organ,plasma potassium,,,urine potassium,,,transtubular potassium gradient,,,blood pH,pH of Blood,LOINC:11558-4,aldosterone signalling,,,acid-base homeostasis,,,insulin,insulin secretion,GO:0030073,,,,"Mulroney & Myers, Netter's Essential Physiology",ISBN 978-0-323-69463-8,18,,"High-Yield Physiology, 1st edition. Dudek, 2008.",ISBN: 978-0781745871,21,,,,,,,,,,,,,,,,,,,
urinary system,renal system process,GO:0003014,homeostasis,homeostatic process,GO:0042592,potassium homeostasis,renal potassium excretion,GO:0036359,potassium reabsorption and secretion,renal absorption,GO:0070293,,,,,,,,,,,,,,Potassium depletion upregulates H+/K+-ATPase mediated potassium reclamation,cell,collecting duct,kidney collecting duct epithelium,UBERON:0014388,alpha-intercalated cell,,,dietary potassium restriction,,,increases,X uptake,potassium,,,,,,,,,,,days,systemic,intra-organ,plasma potassium,,,urine potassium,,,transtubular potassium gradient,,,blood pH,pH of Blood,LOINC:11558-4,aldosterone signalling,,,acid-base homeostasis,,,insulin,insulin secretion,GO:0030073,,,,"Mulroney & Myers, Netter's Essential Physiology",ISBN 978-0-323-69463-8,18,,"High-Yield Physiology, 1st edition. Dudek, 2008.",ISBN: 978-0781745871,21,,,,,,,,,,,,,,,,,,,
urinary system,renal system process,GO:0003014,homeostasis,homeostatic process,GO:0042592,acid-base homeostasis,regulation of pH,GO:0006885,bicarbonate reabsorption,bicarbonate transport,GO:0015701,,,,,,,,,,,,,"segmental bicarbonate reclamation: ~80% proximal tubule, ~15% thick ascending limb, ~5% collecting duct",Proximal secretion of protons titrates filtered bicarbonate in the lumen,cell,proximal convoluted tubule,proximal convoluted tubule,UBERON:0001287,kidney proximal convoluted tubule epithelial cell,kidney proximal convoluted tubule epithelial cell,CL:1000838,,,,does,X secretion,hydrogen ion,,,,,,,,,,apical NHE3 and H+-ATPase; drives reclamation of ~80% of filtered HCO3-,minutes,,intra-organ,plasma bicarbonate,,,blood pH,pH of Blood,LOINC:11558-4,urine pH,pH of Urine,LOINC:2756-5,arterial PCO2,,,respiratory compensation,,,RAAS activation,regulation of systemic arterial blood pressure by circulatory renin-angiotensin,GO:0001991,potassium homeostasis,,,,,,"Mulroney & Myers, Netter's Essential Physiology",ISBN 978-0-323-69463-8,"18, 21",,,,,,,,,,,,,,,,,,,,,,,
urinary system,renal system process,GO:0003014,homeostasis,homeostatic process,GO:0042592,acid-base homeostasis,regulation of pH,GO:0006885,bicarbonate reabsorption,bicarbonate transport,GO:0015701,,,,,,,,,,,,,,Luminal carbonic anhydrase converts titrated bicarbonate to CO2 and water for cellular reuptake,cell,proximal convoluted tubule,proximal convoluted tubule,UBERON:0001287,kidney proximal convoluted tubule epithelial cell,kidney proximal convoluted tubule epithelial cell,CL:1000838,,,,does,X conversion to Y,luminal bicarbonate,,,carbon dioxide,,,,,,,brush-border carbonic anhydrase IV catalyses H2CO3 breakdown; CO2 diffuses into the cell,minutes,,intra-organ,plasma bicarbonate,,,blood pH,pH of Blood,LOINC:11558-4,urine pH,pH of Urine,LOINC:2756-5,arterial PCO2,,,respiratory compensation,,,RAAS activation,regulation of systemic arterial blood pressure by circulatory renin-angiotensin,GO:0001991,potassium homeostasis,,,,,,"Mulroney & Myers, Netter's Essential Physiology",ISBN 978-0-323-69463-8,"18, 21",,,,,,,,,,,,,,,,,,,,,,,
urinary system,renal system process,GO:0003014,homeostasis,homeostatic process,GO:0042592,acid-base homeostasis,regulation of pH,GO:0006885,bicarbonate reabsorption,bicarbonate transport,GO:0015701,,,,,,,,,,,,,,Intracellular carbonic anhydrase regenerates bicarbonate from reabsorbed CO2,cell,proximal convoluted tubule,proximal convoluted tubule,UBERON:0001287,kidney proximal convoluted tubule epithelial cell,kidney proximal convoluted tubule epithelial cell,CL:1000838,,,,does,X conversion to Y,carbon dioxide,,,bicarbonate,,,,,,,cytoplasmic carbonic anhydrase II regenerates intracellular HCO3-,minutes,,intra-organ,plasma bicarbonate,,,blood pH,pH of Blood,LOINC:11558-4,urine pH,pH of Urine,LOINC:2756-5,arterial PCO2,,,respiratory compensation,,,RAAS activation,regulation of systemic arterial blood pressure by circulatory renin-angiotensin,GO:0001991,potassium homeostasis,,,,,,"Mulroney & Myers, Netter's Essential Physiology",ISBN 978-0-323-69463-8,"18, 21",,,,,,,,,,,,,,,,,,,,,,,
urinary system,renal system process,GO:0003014,homeostasis,homeostatic process,GO:0042592,acid-base homeostasis,regulation of pH,GO:0006885,bicarbonate reabsorption,bicarbonate transport,GO:0015701,,,,,,,,,,,,,,Basolateral sodium-bicarbonate cotransport returns reclaimed bicarbonate to plasma,cell,proximal convoluted tubule,proximal convoluted tubule,UBERON:0001287,kidney proximal convoluted tubule epithelial cell,kidney proximal convoluted tubule epithelial cell,CL:1000838,,,,does,X uptake,bicarbonate,,,,,,,,,"[22, 28]",units = mEq/L plasma; basolateral NBCe1 returns HCO3- to blood,minutes,,circulatory,plasma bicarbonate,,,blood pH,pH of Blood,LOINC:11558-4,urine pH,pH of Urine,LOINC:2756-5,arterial PCO2,,,respiratory compensation,,,RAAS activation,regulation of systemic arterial blood pressure by circulatory renin-angiotensin,GO:0001991,potassium homeostasis,,,,,,"Mulroney & Myers, Netter's Essential Physiology",ISBN 978-0-323-69463-8,"18, 21",,,,,,,,,,,,,,,,,,,,,,,
urinary system,renal system process,GO:0003014,homeostasis,homeostatic process,GO:0042592,acid-base homeostasis,regulation of pH,GO:0006885,bicarbonate reabsorption,bicarbonate transport,GO:0015701,,,,,,,,,,,,,,Angiotensin II stimulates NHE3 and thereby bicarbonate reclamation,cell,proximal convoluted tubule,proximal convoluted tubule,UBERON:0001287,kidney proximal convoluted tubule epithelial cell,kidney proximal convoluted tubule epithelial cell,CL:1000838,angiotensin II,,,increases,X secretion,hydrogen ion,,,,,,,,,,,minutes,circulatory,intra-organ,plasma bicarbonate,,,blood pH,pH of Blood,LOINC:11558-4,urine pH,pH of Urine,LOINC:2756-5,arterial PCO2,,,respiratory compensation,,,RAAS activation,regulation of systemic arterial blood pressure by circulatory renin-angiotensin,GO:0001991,potassium homeostasis,,,,,,"Mulroney & Myers, Netter's Essential Physiology",ISBN 978-0-323-69463-8,"18, 21",,,,,,,,,,,,,,,,,,,,,,,
urinary system,renal system process,GO:0003014,homeostasis,homeostatic process,GO:0042592,acid-base homeostasis,regulation of pH,GO:0006885,bicarbonate reabsorption,bicarbonate transport,GO:0015701,,,,,,,,,,,,,,"Hypercapnia increases proximal proton secretion, the renal compensation for respiratory acidosis",cell,proximal convoluted tubule,proximal convoluted tubule,UBERON:0001287,kidney proximal convoluted tubule epithelial cell,kidney proximal convoluted tubule epithelial cell,CL:1000838,arterial PCO2,,,increases,X secretion,hydrogen ion,,,,,,,,,,,minutes-hours,systemic,intra-organ,plasma bicarbonate,,,blood pH,pH of Blood,LOINC:11558-4,urine pH,pH of Urine,LOINC:2756-5,arterial PCO2,,,respiratory compensation,,,RAAS activation,regulation of systemic arterial blood pressure by circulatory renin-angiotensin,GO:0001991,potassium homeostasis,,,,,,"Mulroney & Myers, Netter's Essential Physiology",ISBN 978-0-323-69463-8,"18, 21",,,,,,,,,,,,,,,,,,,,,,,
urinary system,renal system process,GO:0003014,homeostasis,homeostatic process,GO:0042592,acid-base homeostasis,regulation of pH,GO:0006885,ammoniagenesis and new bicarbonate generation,,,,,,,,,,,,,,,ammoniagenesis is the principal adaptive response to chronic metabolic acidosis,Proximal tubular glutamine metabolism generates ammonium for excretion,cell,proximal straight tubule,proximal straight tubule,UBERON:0001290,kidney proximal straight tubule epithelial cell,kidney proximal straight tubule epithelial cell,CL:1000839,,,,does,X conversion to Y,glutamine,,,ammonium,,,,,,,each glutamine yields 2 NH4+ and 2 new HCO3-,hours-days,,intra-organ,urine ammonium,,,net acid excretion,,,plasma bicarbonate,,,blood pH,pH of Blood,LOINC:11558-4,respiratory compensation,,,hepatic glutamine metabolism,,,potassium homeostasis,,,,,,"Mulroney & Myers, Netter's Essential Physiology",ISBN 978-0-323-69463-8,21,,,,,,,,,,,,,,,,,,,,,,,
urinary system,renal system process,GO:0003014,homeostasis,homeostatic process,GO:0042592,acid-base homeostasis,regulation of pH,GO:0006885,ammoniagenesis and new bicarbonate generation,,,,,,,,,,,,,,,,Glutamine catabolism yields new bicarbonate that is added to plasma,cell,proximal straight tubule,proximal straight tubule,UBERON:0001290,kidney proximal straight tubule epithelial cell,kidney proximal straight tubule epithelial cell,CL:1000839,,,,does,X conversion to Y,glutamine,,,bicarbonate,,,,,,,"new bicarbonate, as distinct from reclaimed filtered bicarbonate",hours-days,,circulatory,urine ammonium,,,net acid excretion,,,plasma bicarbonate,,,blood pH,pH of Blood,LOINC:11558-4,respiratory compensation,,,hepatic glutamine metabolism,,,potassium homeostasis,,,,,,"Mulroney & Myers, Netter's Essential Physiology",ISBN 978-0-323-69463-8,21,,,,,,,,,,,,,,,,,,,,,,,
urinary system,renal system process,GO:0003014,homeostasis,homeostatic process,GO:0042592,acid-base homeostasis,regulation of pH,GO:0006885,ammoniagenesis and new bicarbonate generation,,,,,,,,,,,,,,,,Metabolic acidosis upregulates proximal ammoniagenesis,cell,proximal straight tubule,proximal straight tubule,UBERON:0001290,kidney proximal straight tubule epithelial cell,kidney proximal straight tubule epithelial cell,CL:1000839,plasma pH,,,increases,X conversion to Y,glutamine,,,ammonium,,,,,,,acidosis increases ammoniagenesis several-fold over 3-5 days,hours-days,systemic,intra-organ,urine ammonium,,,net acid excretion,,,plasma bicarbonate,,,blood pH,pH of Blood,LOINC:11558-4,respiratory compensation,,,hepatic glutamine metabolism,,,potassium homeostasis,,,,,,"Mulroney & Myers, Netter's Essential Physiology",ISBN 978-0-323-69463-8,21,,,,,,,,,,,,,,,,,,,,,,,
urinary system,renal system process,GO:0003014,homeostasis,homeostatic process,GO:0042592,acid-base homeostasis,regulation of pH,GO:0006885,ammoniagenesis and new bicarbonate generation,,,,,,,,,,,,,,,,Plasma potassium inversely modulates renal ammoniagenesis,cell,proximal straight tubule,proximal straight tubule,UBERON:0001290,kidney proximal straight tubule epithelial cell,kidney proximal straight tubule epithelial cell,CL:1000839,plasma potassium,,,increases,X conversion to Y,glutamine,,,ammonium,,,,,,,hypokalemia stimulates and hyperkalemia suppresses ammoniagenesis,hours-days,systemic,intra-organ,urine ammonium,,,net acid excretion,,,plasma bicarbonate,,,blood pH,pH of Blood,LOINC:11558-4,respiratory compensation,,,hepatic glutamine metabolism,,,potassium homeostasis,,,,,,"Mulroney & Myers, Netter's Essential Physiology",ISBN 978-0-323-69463-8,21,,,,,,,,,,,,,,,,,,,,,,,
urinary system,renal system process,GO:0003014,homeostasis,homeostatic process,GO:0042592,acid-base homeostasis,regulation of pH,GO:0006885,ammoniagenesis and new bicarbonate generation,,,,,,,,,,,,,,,,Ammonium is reabsorbed in the thick ascending limb and accumulated in the medulla,cell,thick ascending limb,thick ascending limb of loop of Henle,UBERON:0001291,kidney loop of Henle thick ascending limb epithelial cell,kidney loop of Henle thick ascending limb epithelial cell,CL:1001106,,,,does,X uptake,ammonium,,,,,,,,,,"NH4+ substitutes for K+ on NKCC2, trapping ammonium in the medullary interstitium",hours,,intra-organ,urine ammonium,,,net acid excretion,,,plasma bicarbonate,,,blood pH,pH of Blood,LOINC:11558-4,respiratory compensation,,,hepatic glutamine metabolism,,,potassium homeostasis,,,,,,"Mulroney & Myers, Netter's Essential Physiology",ISBN 978-0-323-69463-8,21,,,,,,,,,,,,,,,,,,,,,,,
urinary system,renal system process,GO:0003014,homeostasis,homeostatic process,GO:0042592,acid-base homeostasis,regulation of pH,GO:0006885,ammoniagenesis and new bicarbonate generation,,,,,,,,,,,,,,,,Ammonia enters the collecting duct lumen and is trapped as ammonium for excretion,cell,collecting duct,kidney collecting duct epithelium,UBERON:0014388,kidney collecting duct epithelial cell,kidney collecting duct epithelial cell,CL:1000454,,,,does,X secretion,ammonia,,,,,,,,,,non-ionic diffusion with luminal protonation and trapping as NH4+,hours,,intra-organ,urine ammonium,,,net acid excretion,,,plasma bicarbonate,,,blood pH,pH of Blood,LOINC:11558-4,respiratory compensation,,,hepatic glutamine metabolism,,,potassium homeostasis,,,,,,"Mulroney & Myers, Netter's Essential Physiology",ISBN 978-0-323-69463-8,21,,,,,,,,,,,,,,,,,,,,,,,
urinary system,renal system process,GO:0003014,homeostasis,homeostatic process,GO:0042592,acid-base homeostasis,regulation of pH,GO:0006885,distal acid and base secretion,,,,,,,,,,,,,,,type A intercalated cells acidify; type B intercalated cells have reversed polarity and secrete bicarbonate,Type A intercalated cells secrete protons into the collecting duct lumen,cell,collecting duct,kidney collecting duct epithelium,UBERON:0014388,alpha-intercalated cell,,,,,,does,X secretion,hydrogen ion,,,,,,,,,"[4.4, 8.0]",units = urine pH; minimum achievable urine pH ~4.4 via H+-ATPase and H+/K+-ATPase,minutes-hours,,intra-organ,urine pH,pH of Urine,LOINC:2756-5,titratable acidity,,,urine ammonium,,,plasma bicarbonate,,,phosphate buffering,,,aldosterone signalling,,,respiratory compensation,,,,,,"Mulroney & Myers, Netter's Essential Physiology",ISBN 978-0-323-69463-8,21,,,,,,,,,,,,,,,,,,,,,,,
urinary system,renal system process,GO:0003014,homeostasis,homeostatic process,GO:0042592,acid-base homeostasis,regulation of pH,GO:0006885,distal acid and base secretion,,,,,,,,,,,,,,,,Aldosterone stimulates H+-ATPase mediated distal proton secretion,cell,collecting duct,kidney collecting duct epithelium,UBERON:0014388,alpha-intercalated cell,,,aldosterone,,,increases,X secretion,hydrogen ion,,,,,,,,,,,hours,circulatory,intra-organ,urine pH,pH of Urine,LOINC:2756-5,titratable acidity,,,urine ammonium,,,plasma bicarbonate,,,phosphate buffering,,,aldosterone signalling,,,respiratory compensation,,,,,,"Mulroney & Myers, Netter's Essential Physiology",ISBN 978-0-323-69463-8,21,,,,,,,,,,,,,,,,,,,,,,,
urinary system,renal system process,GO:0003014,homeostasis,homeostatic process,GO:0042592,acid-base homeostasis,regulation of pH,GO:0006885,distal acid and base secretion,,,,,,,,,,,,,,,,Systemic acidemia increases distal proton secretion,cell,collecting duct,kidney collecting duct epithelium,UBERON:0014388,alpha-intercalated cell,,,plasma pH,,,increases,X secretion,hydrogen ion,,,,,,,,,,acidemia increases and alkalemia decreases distal proton secretion,hours,systemic,intra-organ,urine pH,pH of Urine,LOINC:2756-5,titratable acidity,,,urine ammonium,,,plasma bicarbonate,,,phosphate buffering,,,aldosterone signalling,,,respiratory compensation,,,,,,"Mulroney & Myers, Netter's Essential Physiology",ISBN 978-0-323-69463-8,21,,,,,,,,,,,,,,,,,,,,,,,
urinary system,renal system process,GO:0003014,homeostasis,homeostatic process,GO:0042592,acid-base homeostasis,regulation of pH,GO:0006885,distal acid and base secretion,,,,,,,,,,,,,,,,Type B intercalated cells secrete bicarbonate into the lumen,cell,collecting duct,kidney collecting duct epithelium,UBERON:0014388,beta-intercalated cell,,,,,,does,X secretion,bicarbonate,,,,,,,,,,pendrin-mediated apical Cl-/HCO3- exchange,minutes-hours,,intra-organ,urine pH,pH of Urine,LOINC:2756-5,titratable acidity,,,urine ammonium,,,plasma bicarbonate,,,phosphate buffering,,,aldosterone signalling,,,respiratory compensation,,,,,,"Mulroney & Myers, Netter's Essential Physiology",ISBN 978-0-323-69463-8,21,,,,,,,,,,,,,,,,,,,,,,,
urinary system,renal system process,GO:0003014,homeostasis,homeostatic process,GO:0042592,acid-base homeostasis,regulation of pH,GO:0006885,distal acid and base secretion,,,,,,,,,,,,,,,,Metabolic alkalosis increases pendrin-mediated bicarbonate secretion,cell,collecting duct,kidney collecting duct epithelium,UBERON:0014388,beta-intercalated cell,,,plasma pH,,,increases,X secretion,bicarbonate,,,,,,,,,,upregulated in metabolic alkalosis,hours,systemic,intra-organ,urine pH,pH of Urine,LOINC:2756-5,titratable acidity,,,urine ammonium,,,plasma bicarbonate,,,phosphate buffering,,,aldosterone signalling,,,respiratory compensation,,,,,,"Mulroney & Myers, Netter's Essential Physiology",ISBN 978-0-323-69463-8,21,,,,,,,,,,,,,,,,,,,,,,,
urinary system,renal system process,GO:0003014,homeostasis,homeostatic process,GO:0042592,acid-base homeostasis,regulation of pH,GO:0006885,distal acid and base secretion,,,,,,,,,,,,,,,,Secreted protons are buffered by filtered phosphate to form titratable acid,cell,collecting duct,kidney collecting duct epithelium,UBERON:0014388,kidney collecting duct epithelial cell,kidney collecting duct epithelial cell,CL:1000454,,,,does,X conversion to Y,hydrogen phosphate,,,dihydrogen phosphate,,,,,,"[10, 40]",units = mmol/day titratable acid; pKa 6.8 makes phosphate the dominant titratable buffer,hours,,intra-organ,titratable acidity,,,urine phosphate,,,urine pH,pH of Urine,LOINC:2756-5,,,,phosphate buffering,,,aldosterone signalling,,,respiratory compensation,,,,,,"Mulroney & Myers, Netter's Essential Physiology",ISBN 978-0-323-69463-8,21,,,,,,,,,,,,,,,,,,,,,,,
urinary system,renal system process,GO:0003014,homeostasis,homeostatic process,GO:0042592,acid-base homeostasis,regulation of pH,GO:0006885,distal acid and base secretion,,,,,,,,,,,,,,,,Net acid excretion matches daily endogenous acid production,organ,kidney,kidney,UBERON:0002113,kidney,,,,,,does,X export,net acid,,,,,,,,,"[50, 100]",units = mEq/day; net acid excretion = urinary NH4+ + titratable acid - urinary HCO3-,hours-days,,systemic,net acid excretion,,,urine ammonium,,,titratable acidity,,,blood pH,pH of Blood,LOINC:11558-4,phosphate buffering,,,aldosterone signalling,,,respiratory compensation,,,,,,"Mulroney & Myers, Netter's Essential Physiology",ISBN 978-0-323-69463-8,21,,,,,,,,,,,,,,,,,,,,,,,
urinary system,renal system process,GO:0003014,homeostasis,homeostatic process,GO:0042592,calcium homeostasis,calcium ion homeostasis,GO:0055074,renal calcium handling,renal absorption,GO:0070293,,,,,,,,,,,,,,The kidney excretes only a small fraction of the calcium it filters daily,organ,kidney,kidney,UBERON:0002113,kidney,,,,,,does,X export,calcium,,,,,,,,,"[100, 300]",units = mg/day in urine; 98-99% of filtered calcium is reabsorbed,hours-days,,systemic,plasma calcium,,,urine calcium,,,plasma parathyroid hormone,,,plasma calcitriol,,,parathyroid hormone,response to parathyroid hormone,GO:0071107,vitamin D,vitamin D binding,GO:0005499,bone metabolism,regulation of bone mineralization,GO:0030500,intestinal calcium absorption,intestinal absorption,GO:0050892,"Brenner & Rector's The Kidney, 11th Edition (2020)",ISBN:0323532662,7,,"High-Yield Physiology, 1st edition. Dudek, 2008.",ISBN: 978-0781745871,24,,,,,,,,,,,,,,,,,,,
urinary system,renal system process,GO:0003014,homeostasis,homeostatic process,GO:0042592,calcium homeostasis,calcium ion homeostasis,GO:0055074,renal calcium handling,renal absorption,GO:0070293,,,,,,,,,,,,,,The proximal tubule reabsorbs most filtered calcium paracellularly with sodium and water,cell,proximal convoluted tubule,proximal convoluted tubule,UBERON:0001287,kidney proximal convoluted tubule epithelial cell,kidney proximal convoluted tubule epithelial cell,CL:1000838,,,,does,X uptake,calcium,,,,,,,,,"[8.6, 10.2]","units = mg/dL plasma; ~65% of filtered Ca2+, largely paracellular",minutes,,intra-organ,plasma calcium,,,urine calcium,,,plasma parathyroid hormone,,,plasma calcitriol,,,parathyroid hormone,response to parathyroid hormone,GO:0071107,vitamin D,vitamin D binding,GO:0005499,bone metabolism,regulation of bone mineralization,GO:0030500,intestinal calcium absorption,intestinal absorption,GO:0050892,"Brenner & Rector's The Kidney, 11th Edition (2020)",ISBN:0323532662,7,,"High-Yield Physiology, 1st edition. Dudek, 2008.",ISBN: 978-0781745871,24,,,,,,,,,,,,,,,,,,,
urinary system,renal system process,GO:0003014,homeostasis,homeostatic process,GO:0042592,calcium homeostasis,calcium ion homeostasis,GO:0055074,renal calcium handling,renal absorption,GO:0070293,,,,,,,,,,,,,thiazides increase distal calcium reabsorption and reduce calciuria,TRPV5-mediated distal calcium reabsorption is the regulated step in renal calcium handling,cell,distal convoluted tubule,distal convoluted tubule,UBERON:0001292,kidney distal convoluted tubule epithelial cell,kidney distal convoluted tubule epithelial cell,CL:1000849,,,,does,X uptake,calcium,,,,,,,,,,"~8% of filtered Ca2+, transcellular via TRPV5; the hormonally regulated fraction",minutes-hours,,intra-organ,plasma calcium,,,urine calcium,,,plasma parathyroid hormone,,,plasma calcitriol,,,parathyroid hormone,response to parathyroid hormone,GO:0071107,vitamin D,vitamin D binding,GO:0005499,bone metabolism,regulation of bone mineralization,GO:0030500,intestinal calcium absorption,intestinal absorption,GO:0050892,"Brenner & Rector's The Kidney, 11th Edition (2020)",ISBN:0323532662,7,,"High-Yield Physiology, 1st edition. Dudek, 2008.",ISBN: 978-0781745871,24,,,,,,,,,,,,,,,,,,,
urinary system,renal system process,GO:0003014,homeostasis,homeostatic process,GO:0042592,calcium homeostasis,calcium ion homeostasis,GO:0055074,renal calcium handling,renal absorption,GO:0070293,,,,,,,,,,,,,,PTH increases distal calcium reabsorption,cell,distal convoluted tubule,distal convoluted tubule,UBERON:0001292,kidney distal convoluted tubule epithelial cell,kidney distal convoluted tubule epithelial cell,CL:1000849,parathyroid hormone,,,increases,X uptake,calcium,,,,,,,,,,,minutes,circulatory,intra-organ,plasma calcium,,,urine calcium,,,plasma parathyroid hormone,,,plasma calcitriol,,,parathyroid hormone,response to parathyroid hormone,GO:0071107,vitamin D,vitamin D binding,GO:0005499,bone metabolism,regulation of bone mineralization,GO:0030500,intestinal calcium absorption,intestinal absorption,GO:0050892,"Brenner & Rector's The Kidney, 11th Edition (2020)",ISBN:0323532662,7,,"High-Yield Physiology, 1st edition. Dudek, 2008.",ISBN: 978-0781745871,24,,,,,,,,,,,,,,,,,,,
urinary system,renal system process,GO:0003014,homeostasis,homeostatic process,GO:0042592,calcium homeostasis,calcium ion homeostasis,GO:0055074,renal calcium handling,renal absorption,GO:0070293,,,,,,,,,,,,,,Calcitriol increases distal calcium reabsorption,cell,distal convoluted tubule,distal convoluted tubule,UBERON:0001292,kidney distal convoluted tubule epithelial cell,kidney distal convoluted tubule epithelial cell,CL:1000849,calcitriol,,,increases,X uptake,calcium,,,,,,,,,,,hours-days,circulatory,intra-organ,plasma calcium,,,urine calcium,,,plasma parathyroid hormone,,,plasma calcitriol,,,parathyroid hormone,response to parathyroid hormone,GO:0071107,vitamin D,vitamin D binding,GO:0005499,bone metabolism,regulation of bone mineralization,GO:0030500,intestinal calcium absorption,intestinal absorption,GO:0050892,"Brenner & Rector's The Kidney, 11th Edition (2020)",ISBN:0323532662,7,,"High-Yield Physiology, 1st edition. Dudek, 2008.",ISBN: 978-0781745871,24,,,,,,,,,,,,,,,,,,,
urinary system,renal system process,GO:0003014,homeostasis,homeostatic process,GO:0042592,calcium homeostasis,calcium ion homeostasis,GO:0055074,renal calcium handling,renal absorption,GO:0070293,,,,,,,,,,,,,,The collecting duct reabsorbs a small final fraction of filtered calcium,cell,collecting duct,kidney collecting duct epithelium,UBERON:0014388,kidney collecting duct epithelial cell,kidney collecting duct epithelial cell,CL:1000454,,,,does,X uptake,calcium,,,,,,,,,,~5% of filtered Ca2+,minutes-hours,,intra-organ,plasma calcium,,,urine calcium,,,plasma parathyroid hormone,,,plasma calcitriol,,,parathyroid hormone,response to parathyroid hormone,GO:0071107,vitamin D,vitamin D binding,GO:0005499,bone metabolism,regulation of bone mineralization,GO:0030500,intestinal calcium absorption,intestinal absorption,GO:0050892,"Brenner & Rector's The Kidney, 11th Edition (2020)",ISBN:0323532662,7,,"High-Yield Physiology, 1st edition. Dudek, 2008.",ISBN: 978-0781745871,24,,,,,,,,,,,,,,,,,,,
urinary system,renal system process,GO:0003014,homeostasis,homeostatic process,GO:0042592,calcium homeostasis,calcium ion homeostasis,GO:0055074,renal calcium handling,renal absorption,GO:0070293,,,,,,,,,,,,,,TRPM6 mediates regulated distal magnesium reabsorption,cell,distal convoluted tubule,distal convoluted tubule,UBERON:0001292,kidney distal convoluted tubule epithelial cell,kidney distal convoluted tubule epithelial cell,CL:1000849,,,,does,X uptake,magnesium,,,,,,,,,,~10% of filtered Mg2+ via TRPM6; the regulated fraction,hours,,intra-organ,plasma magnesium,,,urine magnesium,,,,,,,,,parathyroid hormone,response to parathyroid hormone,GO:0071107,vitamin D,vitamin D binding,GO:0005499,bone metabolism,regulation of bone mineralization,GO:0030500,intestinal calcium absorption,intestinal absorption,GO:0050892,"Brenner & Rector's The Kidney, 11th Edition (2020)",ISBN:0323532662,7,,"High-Yield Physiology, 1st edition. Dudek, 2008.",ISBN: 978-0781745871,24,,,,,,,,,,,,,,,,,,,
urinary system,renal system process,GO:0003014,homeostasis,homeostatic process,GO:0042592,phosphate homeostasis,regulation of renal phosphate excretion,GO:1903402,renal phosphate handling,renal absorption,GO:0070293,,,,,,,,,,,,,phosphate reabsorption is transport-maximum limited and set by transporter surface expression,Sodium-phosphate cotransporters reclaim most filtered phosphate in the proximal tubule,cell,proximal convoluted tubule,proximal convoluted tubule,UBERON:0001287,kidney proximal convoluted tubule epithelial cell,kidney proximal convoluted tubule epithelial cell,CL:1000838,,,,does,X uptake,phosphate,,,,,,,,,"[2.5, 4.5]",units = mg/dL plasma; ~80-85% of filtered phosphate via NaPi-IIa and NaPi-IIc,hours,,intra-organ,plasma phosphate,,,urine phosphate,,,plasma parathyroid hormone,,,plasma FGF23,,,parathyroid hormone,response to parathyroid hormone,GO:0071107,FGF23,fibroblast growth factor binding,GO:0017134,vitamin D,vitamin D binding,GO:0005499,bone metabolism,regulation of bone mineralization,GO:0030500,"Brenner & Rector's The Kidney, 11th Edition (2020)",ISBN:0323532662,7,,"High-Yield Physiology, 1st edition. Dudek, 2008.",ISBN: 978-0781745871,24,,,,,,,,,,,,,,,,,,,
urinary system,renal system process,GO:0003014,homeostasis,homeostatic process,GO:0042592,phosphate homeostasis,regulation of renal phosphate excretion,GO:1903402,renal phosphate handling,renal absorption,GO:0070293,,,,,,,,,,,,,,PTH inhibits proximal phosphate reabsorption,cell,proximal convoluted tubule,proximal convoluted tubule,UBERON:0001287,kidney proximal convoluted tubule epithelial cell,kidney proximal convoluted tubule epithelial cell,CL:1000838,parathyroid hormone,,,decreases,X uptake,phosphate,,,,,,,,,,"retrieves NaPi-IIa from the apical membrane, producing phosphaturia",hours,circulatory,intra-organ,plasma phosphate,,,urine phosphate,,,plasma parathyroid hormone,,,plasma FGF23,,,parathyroid hormone,response to parathyroid hormone,GO:0071107,FGF23,fibroblast growth factor binding,GO:0017134,vitamin D,vitamin D binding,GO:0005499,bone metabolism,regulation of bone mineralization,GO:0030500,"Brenner & Rector's The Kidney, 11th Edition (2020)",ISBN:0323532662,7,,"High-Yield Physiology, 1st edition. Dudek, 2008.",ISBN: 978-0781745871,24,,,,,,,,,,,,,,,,,,,
urinary system,renal system process,GO:0003014,homeostasis,homeostatic process,GO:0042592,phosphate homeostasis,regulation of renal phosphate excretion,GO:1903402,renal phosphate handling,renal absorption,GO:0070293,,,,,,,,,,,,,,FGF23 inhibits proximal phosphate reabsorption,cell,proximal convoluted tubule,proximal convoluted tubule,UBERON:0001287,kidney proximal convoluted tubule epithelial cell,kidney proximal convoluted tubule epithelial cell,CL:1000838,fibroblast growth factor 23,,,decreases,X uptake,phosphate,,,,,,,,,,,hours-days,circulatory,intra-organ,plasma phosphate,,,urine phosphate,,,plasma parathyroid hormone,,,plasma FGF23,,,parathyroid hormone,response to parathyroid hormone,GO:0071107,FGF23,fibroblast growth factor binding,GO:0017134,vitamin D,vitamin D binding,GO:0005499,bone metabolism,regulation of bone mineralization,GO:0030500,"Brenner & Rector's The Kidney, 11th Edition (2020)",ISBN:0323532662,7,,"High-Yield Physiology, 1st edition. Dudek, 2008.",ISBN: 978-0781745871,24,,,,,,,,,,,,,,,,,,,
urinary system,renal system process,GO:0003014,homeostasis,homeostatic process,GO:0042592,phosphate homeostasis,regulation of renal phosphate excretion,GO:1903402,renal phosphate handling,renal absorption,GO:0070293,,,,,,,,,,,,,,Dietary phosphate restriction upregulates apical NaPi-IIa expression,cell,proximal convoluted tubule,proximal convoluted tubule,UBERON:0001287,kidney proximal convoluted tubule epithelial cell,kidney proximal convoluted tubule epithelial cell,CL:1000838,dietary phosphate restriction,,,increases,X uptake,phosphate,,,,,,,,,,,hours-days,systemic,intra-organ,plasma phosphate,,,urine phosphate,,,plasma parathyroid hormone,,,plasma FGF23,,,parathyroid hormone,response to parathyroid hormone,GO:0071107,FGF23,fibroblast growth factor binding,GO:0017134,vitamin D,vitamin D binding,GO:0005499,bone metabolism,regulation of bone mineralization,GO:0030500,"Brenner & Rector's The Kidney, 11th Edition (2020)",ISBN:0323532662,7,,"High-Yield Physiology, 1st edition. Dudek, 2008.",ISBN: 978-0781745871,24,,,,,,,,,,,,,,,,,,,
urinary system,renal system process,GO:0003014,growth and maintenance,metabolic process,GO:0008152,vitamin D metabolism,,,calcitriol synthesis,,,,,,,,,,,,,,,the kidney is the principal site of 1-alpha-hydroxylation and thus of active vitamin D production,Proximal tubular 1-alpha-hydroxylase converts calcifediol to calcitriol,cell,proximal convoluted tubule,proximal convoluted tubule,UBERON:0001287,kidney proximal convoluted tubule epithelial cell,kidney proximal convoluted tubule epithelial cell,CL:1000838,,,,does,X conversion to Y,calcifediol,,,calcitriol,,,,,,"[15, 60]","units = pg/mL plasma calcitriol; 1-alpha-hydroxylase mediated; calcifediol reference [30, 60] ng/mL",hours-days,,circulatory,plasma calcitriol,,,plasma calcifediol,,,plasma calcium,,,plasma parathyroid hormone,,,parathyroid hormone,response to parathyroid hormone,GO:0071107,FGF23,fibroblast growth factor binding,GO:0017134,intestinal calcium absorption,intestinal absorption,GO:0050892,bone metabolism,regulation of bone mineralization,GO:0030500,"Mulroney & Myers, Netter's Essential Physiology",ISBN 978-0-323-69463-8,"17, 18",,,,,,,,,,,,,,,,,,,,,,,
urinary system,renal system process,GO:0003014,growth and maintenance,metabolic process,GO:0008152,vitamin D metabolism,,,calcitriol synthesis,,,,,,,,,,,,,,,,PTH stimulates renal 1-alpha-hydroxylase activity,cell,proximal convoluted tubule,proximal convoluted tubule,UBERON:0001287,kidney proximal convoluted tubule epithelial cell,kidney proximal convoluted tubule epithelial cell,CL:1000838,parathyroid hormone,,,increases,X conversion to Y,calcifediol,,,calcitriol,,,,,,,,hours,circulatory,circulatory,plasma calcitriol,,,plasma calcifediol,,,plasma calcium,,,plasma parathyroid hormone,,,parathyroid hormone,response to parathyroid hormone,GO:0071107,FGF23,fibroblast growth factor binding,GO:0017134,intestinal calcium absorption,intestinal absorption,GO:0050892,bone metabolism,regulation of bone mineralization,GO:0030500,"Mulroney & Myers, Netter's Essential Physiology",ISBN 978-0-323-69463-8,"17, 18",,,,,,,,,,,,,,,,,,,,,,,
urinary system,renal system process,GO:0003014,growth and maintenance,metabolic process,GO:0008152,vitamin D metabolism,,,calcitriol synthesis,,,,,,,,,,,,,,,,FGF23 suppresses renal calcitriol synthesis,cell,proximal convoluted tubule,proximal convoluted tubule,UBERON:0001287,kidney proximal convoluted tubule epithelial cell,kidney proximal convoluted tubule epithelial cell,CL:1000838,fibroblast growth factor 23,,,decreases,X conversion to Y,calcifediol,,,calcitriol,,,,,,,,hours-days,circulatory,circulatory,plasma calcitriol,,,plasma calcifediol,,,plasma calcium,,,plasma parathyroid hormone,,,parathyroid hormone,response to parathyroid hormone,GO:0071107,FGF23,fibroblast growth factor binding,GO:0017134,intestinal calcium absorption,intestinal absorption,GO:0050892,bone metabolism,regulation of bone mineralization,GO:0030500,"Mulroney & Myers, Netter's Essential Physiology",ISBN 978-0-323-69463-8,"17, 18",,,,,,,,,,,,,,,,,,,,,,,
urinary system,renal system process,GO:0003014,growth and maintenance,metabolic process,GO:0008152,vitamin D metabolism,,,calcitriol synthesis,,,,,,,,,,,,,,,,Hyperphosphatemia suppresses 1-alpha-hydroxylase activity,cell,proximal convoluted tubule,proximal convoluted tubule,UBERON:0001287,kidney proximal convoluted tubule epithelial cell,kidney proximal convoluted tubule epithelial cell,CL:1000838,phosphate,,,decreases,X conversion to Y,calcifediol,,,calcitriol,,,,,,,,hours-days,circulatory,circulatory,plasma calcitriol,,,plasma calcifediol,,,plasma calcium,,,plasma parathyroid hormone,,,parathyroid hormone,response to parathyroid hormone,GO:0071107,FGF23,fibroblast growth factor binding,GO:0017134,intestinal calcium absorption,intestinal absorption,GO:0050892,bone metabolism,regulation of bone mineralization,GO:0030500,"Mulroney & Myers, Netter's Essential Physiology",ISBN 978-0-323-69463-8,"17, 18",,,,,,,,,,,,,,,,,,,,,,,
urinary system,renal system process,GO:0003014,homeostasis,homeostatic process,GO:0042592,nutrient conservation,renal absorption,GO:0070293,glucose reabsorption,,,,,,,,,,,,,,,"reabsorption is transport-maximum limited: Tm ~375 mg/min, threshold ~180-200 mg/dL, with splay from nephron heterogeneity",SGLT2 reabsorbs the bulk of filtered glucose in the early proximal tubule,cell,proximal convoluted tubule,proximal convoluted tubule,UBERON:0001287,kidney proximal convoluted tubule epithelial cell,kidney proximal convoluted tubule epithelial cell,CL:1000838,,,,does,X uptake,glucose,,,,,,,,,"[70, 100]",units = mg/dL plasma; SGLT2 in S1/S2 reclaims ~90% of filtered glucose,minutes,,intra-organ,plasma glucose,,,urine glucose,,,hemoglobin A1c,,,,,,glucose homeostasis,glucose homeostasis,GO:0042593,insulin production,insulin secretion,GO:0030073,,,,,,,"Mulroney & Myers, Netter's Essential Physiology",ISBN 978-0-323-69463-8,18,,"High-Yield Physiology, 1st edition. Dudek, 2008.",ISBN: 978-0781745871,16,,,,,,,,,,,,,,,,,,,
urinary system,renal system process,GO:0003014,homeostasis,homeostatic process,GO:0042592,nutrient conservation,renal absorption,GO:0070293,glucose reabsorption,,,,,,,,,,,,,,,,SGLT1 in the straight segment reclaims residual filtered glucose,cell,proximal straight tubule,proximal straight tubule,UBERON:0001290,kidney proximal straight tubule epithelial cell,kidney proximal straight tubule epithelial cell,CL:1000839,,,,does,X uptake,glucose,,,,,,,,,,SGLT1 in S3 reclaims the residual ~10% of filtered glucose,minutes,,intra-organ,plasma glucose,,,urine glucose,,,hemoglobin A1c,,,,,,glucose homeostasis,glucose homeostasis,GO:0042593,insulin production,insulin secretion,GO:0030073,,,,,,,"Mulroney & Myers, Netter's Essential Physiology",ISBN 978-0-323-69463-8,18,,"High-Yield Physiology, 1st edition. Dudek, 2008.",ISBN: 978-0781745871,16,,,,,,,,,,,,,,,,,,,
urinary system,renal system process,GO:0003014,homeostasis,homeostatic process,GO:0042592,nutrient conservation,renal absorption,GO:0070293,glucose reabsorption,,,,,,,,,,,,,,,,Filtered glucose loads above the transport maximum saturate reabsorption and produce glycosuria,cell,proximal convoluted tubule,proximal convoluted tubule,UBERON:0001287,kidney proximal convoluted tubule epithelial cell,kidney proximal convoluted tubule epithelial cell,CL:1000838,glucose,,,decreases,X uptake,glucose,,,,,,,,,,glycosuria appears once the filtered load exceeds the transport maximum,minutes-hours,circulatory,intra-organ,plasma glucose,,,urine glucose,,,hemoglobin A1c,,,,,,glucose homeostasis,glucose homeostasis,GO:0042593,insulin production,insulin secretion,GO:0030073,,,,,,,"Mulroney & Myers, Netter's Essential Physiology",ISBN 978-0-323-69463-8,18,,"High-Yield Physiology, 1st edition. Dudek, 2008.",ISBN: 978-0781745871,16,,,,,,,,,,,,,,,,,,,
urinary system,renal system process,GO:0003014,homeostasis,homeostatic process,GO:0042592,nutrient conservation,renal absorption,GO:0070293,organic nutrient reabsorption,,,,,,,,,,,,,,,,Proximal cotransporters reclaim essentially all filtered amino acids,cell,proximal convoluted tubule,proximal convoluted tubule,UBERON:0001287,kidney proximal convoluted tubule epithelial cell,kidney proximal convoluted tubule epithelial cell,CL:1000838,,,,does,X uptake,amino acids,,,,,,,,,,near-complete reabsorption by sodium-coupled cotransporters; defects produce selective aminoaciduria,minutes,,intra-organ,plasma amino acids,,,urine amino acids,,,urine protein,,,,,,hepatic metabolism,,,acid-base homeostasis,,,,,,,,,"Mulroney & Myers, Netter's Essential Physiology",ISBN 978-0-323-69463-8,18,,"High-Yield Physiology, 1st edition. Dudek, 2008.",ISBN: 978-0781745871,17,,,,,,,,,,,,,,,,,,,
urinary system,renal system process,GO:0003014,homeostasis,homeostatic process,GO:0042592,nutrient conservation,renal absorption,GO:0070293,organic nutrient reabsorption,,,,,,,,,,,,,,,,Filtered lactate is reabsorbed by sodium-coupled cotransport,cell,proximal convoluted tubule,proximal convoluted tubule,UBERON:0001287,kidney proximal convoluted tubule epithelial cell,kidney proximal convoluted tubule epithelial cell,CL:1000838,,,,does,X uptake,lactate,,,,,,,,,,reclaimed with Na+; also a gluconeogenic substrate,minutes,,intra-organ,plasma lactate,,,urine lactate,,,,,,,,,hepatic metabolism,,,acid-base homeostasis,,,,,,,,,"Mulroney & Myers, Netter's Essential Physiology",ISBN 978-0-323-69463-8,18,,"High-Yield Physiology, 1st edition. Dudek, 2008.",ISBN: 978-0781745871,17,,,,,,,,,,,,,,,,,,,
urinary system,renal system process,GO:0003014,homeostasis,homeostatic process,GO:0042592,nutrient conservation,renal absorption,GO:0070293,organic nutrient reabsorption,,,,,,,,,,,,,,,,Filtered organic nutrients are quantitatively reclaimed in the proximal tubule,cell,proximal convoluted tubule,proximal convoluted tubule,UBERON:0001287,kidney proximal convoluted tubule epithelial cell,kidney proximal convoluted tubule epithelial cell,CL:1000838,,,,does,X uptake,water-soluble vitamins and Krebs cycle intermediates,,,,,,,,,,essentially 100% of filtered organic nutrients reclaimed under normal loads,minutes-hours,,intra-organ,plasma amino acids,,,urine amino acids,,,urine protein,,,,,,hepatic metabolism,,,acid-base homeostasis,,,,,,,,,"Mulroney & Myers, Netter's Essential Physiology",ISBN 978-0-323-69463-8,18,,"High-Yield Physiology, 1st edition. Dudek, 2008.",ISBN: 978-0781745871,17,,,,,,,,,,,,,,,,,,,
urinary system,renal system process,GO:0003014,homeostasis,homeostatic process,GO:0042592,nutrient conservation,renal absorption,GO:0070293,organic nutrient reabsorption,,,,,,,,,,,,,,,,Megalin and cubilin mediate endocytic retrieval of filtered peptides and small proteins,cell,proximal convoluted tubule,proximal convoluted tubule,UBERON:0001287,kidney proximal convoluted tubule epithelial cell,kidney proximal convoluted tubule epithelial cell,CL:1000838,,,,does,X uptake,low molecular weight protein,,,,,,,,,,megalin/cubilin receptor-mediated endocytosis; failure produces tubular proteinuria,minutes,,intra-organ,urine protein,,,plasma beta-2-microglobulin,,,,,,,,,hepatic metabolism,,,acid-base homeostasis,,,,,,,,,"Mulroney & Myers, Netter's Essential Physiology",ISBN 978-0-323-69463-8,18,,"High-Yield Physiology, 1st edition. Dudek, 2008.",ISBN: 978-0781745871,17,,,,,,,,,,,,,,,,,,,
urinary system,renal system process,GO:0003014,homeostasis,homeostatic process,GO:0042592,organic solute clearance,excretion,GO:0007588,proximal tubular secretion,,,,,,,,,,,,,,,near-complete first-pass extraction makes PAH clearance an estimate of effective renal plasma flow,Organic anion transporters secrete PAH from peritubular blood into the tubular lumen,cell,proximal convoluted tubule,proximal convoluted tubule,UBERON:0001287,kidney proximal convoluted tubule epithelial cell,kidney proximal convoluted tubule epithelial cell,CL:1000838,,,,does,X secretion,para-aminohippurate,,,,,,,,,,basolateral OAT1/OAT3 uptake against the alpha-ketoglutarate gradient; 80-90% extracted in a single pass,minutes,,intra-organ,PAH clearance,,,plasma creatinine,,,creatinine clearance,,,plasma uric acid,,,hepatic metabolism,,,drug clearance,,,purine metabolism,,,,,,"Mulroney & Myers, Netter's Essential Physiology",ISBN 978-0-323-69463-8,"17, 18",,,,,,,,,,,,,,,,,,,,,,,
urinary system,renal system process,GO:0003014,homeostasis,homeostatic process,GO:0042592,organic solute clearance,excretion,GO:0007588,proximal tubular secretion,,,,,,,,,,,,,,,,A shared organic anion pathway secretes many endogenous anions and drugs,cell,proximal convoluted tubule,proximal convoluted tubule,UBERON:0001287,kidney proximal convoluted tubule epithelial cell,kidney proximal convoluted tubule epithelial cell,CL:1000838,,,,does,X secretion,organic anions,,,,,,,,,,"shared OAT pathway; penicillin, probenecid, diuretics and urate compete for transport",minutes,,intra-organ,PAH clearance,,,plasma creatinine,,,creatinine clearance,,,plasma uric acid,,,hepatic metabolism,,,drug clearance,,,purine metabolism,,,,,,"Mulroney & Myers, Netter's Essential Physiology",ISBN 978-0-323-69463-8,"17, 18",,,,,,,,,,,,,,,,,,,,,,,
urinary system,renal system process,GO:0003014,homeostasis,homeostatic process,GO:0042592,organic solute clearance,excretion,GO:0007588,proximal tubular secretion,,,,,,,,,,,,,,,,Organic cation transporters secrete cationic drugs and creatinine into the lumen,cell,proximal convoluted tubule,proximal convoluted tubule,UBERON:0001287,kidney proximal convoluted tubule epithelial cell,kidney proximal convoluted tubule epithelial cell,CL:1000838,,,,does,X secretion,organic cations,,,,,,,,,,OCT2 uptake with MATE-mediated apical efflux; secretes creatinine and many cationic drugs,minutes,,intra-organ,PAH clearance,,,plasma creatinine,,,creatinine clearance,,,plasma uric acid,,,hepatic metabolism,,,drug clearance,,,purine metabolism,,,,,,"Mulroney & Myers, Netter's Essential Physiology",ISBN 978-0-323-69463-8,"17, 18",,,,,,,,,,,,,,,,,,,,,,,
urinary system,renal system process,GO:0003014,homeostasis,homeostatic process,GO:0042592,organic solute clearance,excretion,GO:0007588,proximal tubular secretion,,,,,,,,,,,,,,,,Tubular creatinine secretion causes creatinine clearance to exceed true GFR,cell,proximal convoluted tubule,proximal convoluted tubule,UBERON:0001287,kidney proximal convoluted tubule epithelial cell,kidney proximal convoluted tubule epithelial cell,CL:1000838,,,,does,X secretion,creatinine,,,,,,,,,,"~10-15% of excreted creatinine is secreted, so creatinine clearance modestly overestimates GFR",minutes,,intra-organ,PAH clearance,,,plasma creatinine,,,creatinine clearance,,,plasma uric acid,,,hepatic metabolism,,,drug clearance,,,purine metabolism,,,,,,"Mulroney & Myers, Netter's Essential Physiology",ISBN 978-0-323-69463-8,"17, 18",,,,,,,,,,,,,,,,,,,,,,,
urinary system,renal system process,GO:0003014,homeostasis,homeostatic process,GO:0042592,organic solute clearance,excretion,GO:0007588,proximal tubular secretion,,,,,,,,,,,,,,,,Filtered urate is extensively reabsorbed in the proximal tubule,cell,proximal convoluted tubule,proximal convoluted tubule,UBERON:0001287,kidney proximal convoluted tubule epithelial cell,kidney proximal convoluted tubule epithelial cell,CL:1000838,,,,does,X uptake,urate,,,,,,,,,"[3.5, 7.2]","units = mg/dL plasma; URAT1-mediated; urate is filtered, largely reabsorbed, then partly secreted",hours,,intra-organ,PAH clearance,,,plasma creatinine,,,creatinine clearance,,,plasma uric acid,,,hepatic metabolism,,,drug clearance,,,purine metabolism,,,,,,"Mulroney & Myers, Netter's Essential Physiology",ISBN 978-0-323-69463-8,"17, 18",,,,,,,,,,,,,,,,,,,,,,,
urinary system,renal system process,GO:0003014,homeostasis,homeostatic process,GO:0042592,organic solute clearance,excretion,GO:0007588,proximal tubular secretion,,,,,,,,,,,,,,,,Oxalate is secreted into the proximal tubular lumen,cell,proximal convoluted tubule,proximal convoluted tubule,UBERON:0001287,kidney proximal convoluted tubule epithelial cell,kidney proximal convoluted tubule epithelial cell,CL:1000838,,,,does,X secretion,oxalate,,,,,,,,,,SLC26A6-mediated apical secretion; coupled to chloride and sulfate exchange,minutes,,intra-organ,urine oxalate,,,,,,,,,,,,hepatic metabolism,,,drug clearance,,,purine metabolism,,,,,,"Mulroney & Myers, Netter's Essential Physiology",ISBN 978-0-323-69463-8,"17, 18",,,,,,,,,,,,,,,,,,,,,,,
urinary system,renal system process,GO:0003014,homeostasis,homeostatic process,GO:0042592,organic solute clearance,excretion,GO:0007588,proximal tubular secretion,,,,,,,,,,,,,,,,Passive urea reabsorption follows water removal in the proximal tubule,cell,proximal convoluted tubule,proximal convoluted tubule,UBERON:0001287,kidney proximal convoluted tubule epithelial cell,kidney proximal convoluted tubule epithelial cell,CL:1000838,,,,does,X uptake,urea,,,,,,,,,,~50% of filtered urea reabsorbed passively as water is removed,hours,,intra-organ,blood urea nitrogen,,,urine urea,,,urine osmolality,Osmolality of Urine,LOINC:2695-5,,,,hepatic metabolism,,,drug clearance,,,purine metabolism,,,,,,"Mulroney & Myers, Netter's Essential Physiology",ISBN 978-0-323-69463-8,"17, 18",,,,,,,,,,,,,,,,,,,,,,,
urinary system,renal system process,GO:0003014,homeostasis,homeostatic process,GO:0042592,blood pressure regulation,regulation of systemic arterial blood pressure by circulatory renin-angiotensin,GO:0001991,renin secretion,renin secretion into blood stream,GO:0002001,,,,,,,,,,,,,"three inputs converge on the JG cell: afferent arteriolar baroreceptor, macula densa NaCl signal, and beta-1 sympathetic tone",Juxtaglomerular granular cells release renin into the circulation,cell,juxtaglomerular apparatus,juxtaglomerular apparatus,UBERON:0002303,juxtaglomerular complex cell,juxtaglomerular complex cell,CL:1000618,,,,does,X secretion,renin,,,,,,,,,"[0.2, 3.6]","units = ng/mL/hr plasma renin activity, upright ambulatory adult",minutes,,circulatory,plasma renin activity,,,blood pressure,,,plasma aldosterone,,,plasma sodium,Sodium [Moles/volume] in Serum or Plasma,LOINC:2951-2,RAAS activation,regulation of systemic arterial blood pressure by circulatory renin-angiotensin,GO:0001991,aldosterone production,aldosterone secretion,GO:0035932,sympathetic nervous system,,,atrial natriuretic peptide,,,"Mulroney & Myers, Netter's Essential Physiology",ISBN 978-0-323-69463-8,"17, 20",,"Medical Physiology, 3rd Edition (2017)",ISBN: 9781455743773,33,,,,,,,,,,,,,,,,,,,
urinary system,renal system process,GO:0003014,homeostasis,homeostatic process,GO:0042592,blood pressure regulation,regulation of systemic arterial blood pressure by circulatory renin-angiotensin,GO:0001991,renin secretion,renin secretion into blood stream,GO:0002001,,,,,,,,,,,,,,Reduced afferent arteriolar wall stretch increases renin release,cell,juxtaglomerular apparatus,juxtaglomerular apparatus,UBERON:0002303,juxtaglomerular complex cell,juxtaglomerular complex cell,CL:1000618,afferent arteriolar pressure,,,decreases,X secretion,renin,,,,,,,,,,,minutes,circulatory,circulatory,plasma renin activity,,,blood pressure,,,plasma aldosterone,,,plasma sodium,Sodium [Moles/volume] in Serum or Plasma,LOINC:2951-2,RAAS activation,regulation of systemic arterial blood pressure by circulatory renin-angiotensin,GO:0001991,aldosterone production,aldosterone secretion,GO:0035932,sympathetic nervous system,,,atrial natriuretic peptide,,,"Mulroney & Myers, Netter's Essential Physiology",ISBN 978-0-323-69463-8,"17, 20",,"Medical Physiology, 3rd Edition (2017)",ISBN: 9781455743773,33,,,,,,,,,,,,,,,,,,,
urinary system,renal system process,GO:0003014,homeostasis,homeostatic process,GO:0042592,blood pressure regulation,regulation of systemic arterial blood pressure by circulatory renin-angiotensin,GO:0001991,renin secretion,renin secretion into blood stream,GO:0002001,,,,,,,,,,,,,,High macula densa NaCl delivery suppresses renin release,cell,juxtaglomerular apparatus,juxtaglomerular apparatus,UBERON:0002303,juxtaglomerular complex cell,juxtaglomerular complex cell,CL:1000618,luminal sodium chloride,,,decreases,X secretion,renin,,,,,,,,,,macula densa signal transmitted to the adjacent granular cell,minutes,intra-organ,circulatory,plasma renin activity,,,blood pressure,,,plasma aldosterone,,,plasma sodium,Sodium [Moles/volume] in Serum or Plasma,LOINC:2951-2,RAAS activation,regulation of systemic arterial blood pressure by circulatory renin-angiotensin,GO:0001991,aldosterone production,aldosterone secretion,GO:0035932,sympathetic nervous system,,,atrial natriuretic peptide,,,"Mulroney & Myers, Netter's Essential Physiology",ISBN 978-0-323-69463-8,"17, 20",,"Medical Physiology, 3rd Edition (2017)",ISBN: 9781455743773,33,,,,,,,,,,,,,,,,,,,
urinary system,renal system process,GO:0003014,homeostasis,homeostatic process,GO:0042592,blood pressure regulation,regulation of systemic arterial blood pressure by circulatory renin-angiotensin,GO:0001991,renin secretion,renin secretion into blood stream,GO:0002001,,,,,,,,,,,,,,Sympathetic beta-1 stimulation increases renin release,cell,juxtaglomerular apparatus,juxtaglomerular apparatus,UBERON:0002303,juxtaglomerular complex cell,juxtaglomerular complex cell,CL:1000618,norepinephrine,,,increases,X secretion,renin,,,,,,,,,,beta-1 adrenergic,minutes,systemic,circulatory,plasma renin activity,,,blood pressure,,,plasma aldosterone,,,plasma sodium,Sodium [Moles/volume] in Serum or Plasma,LOINC:2951-2,RAAS activation,regulation of systemic arterial blood pressure by circulatory renin-angiotensin,GO:0001991,aldosterone production,aldosterone secretion,GO:0035932,sympathetic nervous system,,,atrial natriuretic peptide,,,"Mulroney & Myers, Netter's Essential Physiology",ISBN 978-0-323-69463-8,"17, 20",,"Medical Physiology, 3rd Edition (2017)",ISBN: 9781455743773,33,,,,,,,,,,,,,,,,,,,
urinary system,renal system process,GO:0003014,homeostasis,homeostatic process,GO:0042592,blood pressure regulation,regulation of systemic arterial blood pressure by circulatory renin-angiotensin,GO:0001991,renin secretion,renin secretion into blood stream,GO:0002001,,,,,,,,,,,,,,Angiotensin II exerts short-loop negative feedback on renin release,cell,juxtaglomerular apparatus,juxtaglomerular apparatus,UBERON:0002303,juxtaglomerular complex cell,juxtaglomerular complex cell,CL:1000618,angiotensin II,,,decreases,X secretion,renin,,,,,,,,,,,minutes,circulatory,circulatory,plasma renin activity,,,blood pressure,,,plasma aldosterone,,,plasma sodium,Sodium [Moles/volume] in Serum or Plasma,LOINC:2951-2,RAAS activation,regulation of systemic arterial blood pressure by circulatory renin-angiotensin,GO:0001991,aldosterone production,aldosterone secretion,GO:0035932,sympathetic nervous system,,,atrial natriuretic peptide,,,"Mulroney & Myers, Netter's Essential Physiology",ISBN 978-0-323-69463-8,"17, 20",,"Medical Physiology, 3rd Edition (2017)",ISBN: 9781455743773,33,,,,,,,,,,,,,,,,,,,
urinary system,renal system process,GO:0003014,homeostasis,homeostatic process,GO:0042592,blood pressure regulation,regulation of systemic arterial blood pressure by circulatory renin-angiotensin,GO:0001991,renin secretion,renin secretion into blood stream,GO:0002001,,,,,,,,,,,,,,ANP suppresses renin release,cell,juxtaglomerular apparatus,juxtaglomerular apparatus,UBERON:0002303,juxtaglomerular complex cell,juxtaglomerular complex cell,CL:1000618,atrial natriuretic peptide,,,decreases,X secretion,renin,,,,,,,,,,,minutes,circulatory,circulatory,plasma renin activity,,,blood pressure,,,plasma aldosterone,,,plasma sodium,Sodium [Moles/volume] in Serum or Plasma,LOINC:2951-2,RAAS activation,regulation of systemic arterial blood pressure by circulatory renin-angiotensin,GO:0001991,aldosterone production,aldosterone secretion,GO:0035932,sympathetic nervous system,,,atrial natriuretic peptide,,,"Mulroney & Myers, Netter's Essential Physiology",ISBN 978-0-323-69463-8,"17, 20",,"Medical Physiology, 3rd Edition (2017)",ISBN: 9781455743773,33,,,,,,,,,,,,,,,,,,,
urinary system,renal system process,GO:0003014,homeostasis,homeostatic process,GO:0042592,blood pressure regulation,regulation of systemic arterial blood pressure by circulatory renin-angiotensin,GO:0001991,renin secretion,renin secretion into blood stream,GO:0002001,,,,,,,,,,,,,,Proximal tubular ACE generates intrarenal angiotensin II,cell,proximal convoluted tubule,proximal convoluted tubule,UBERON:0001287,kidney proximal convoluted tubule epithelial cell,kidney proximal convoluted tubule epithelial cell,CL:1000838,,,,does,X conversion to Y,angiotensin I,,,angiotensin II,,,,,,,tubular angiotensin-converting enzyme sustains intrarenal angiotensin II well above plasma levels,minutes,,intra-organ,plasma renin activity,,,blood pressure,,,plasma aldosterone,,,plasma sodium,Sodium [Moles/volume] in Serum or Plasma,LOINC:2951-2,RAAS activation,regulation of systemic arterial blood pressure by circulatory renin-angiotensin,GO:0001991,aldosterone production,aldosterone secretion,GO:0035932,sympathetic nervous system,,,atrial natriuretic peptide,,,"Mulroney & Myers, Netter's Essential Physiology",ISBN 978-0-323-69463-8,"17, 20",,"Medical Physiology, 3rd Edition (2017)",ISBN: 9781455743773,33,,,,,,,,,,,,,,,,,,,
urinary system,renal system process,GO:0003014,homeostasis,homeostatic process,GO:0042592,erythrocyte homeostasis,erythrocyte homeostasis,GO:0034101,erythropoietin production,,,,,,,,,,,,,,,the kidney is well suited as an oxygen sensor because its oxygen consumption tracks its filtered sodium load,Peritubular interstitial fibroblasts secrete erythropoietin,cell,kidney,kidney,UBERON:0002113,renal cortical fibroblast,renal cortical fibroblast,CL:4030025,,,,does,X secretion,erythropoietin,,,,,,,,,,cortical and outer medullary peritubular interstitial fibroblasts are the principal source,hours-days,,circulatory,plasma erythropoietin,,,hemoglobin,,,hematocrit,,,,,,hematopoiesis,,,iron homeostasis,heme metabolic process,GO:0042168,,,,,,,"Mulroney & Myers, Netter's Essential Physiology",ISBN 978-0-323-69463-8,17,,"Medical Physiology, 3rd Edition (2017)",ISBN: 9781455743773,34,,,,,,,,,,,,,,,,,,,
urinary system,renal system process,GO:0003014,homeostasis,homeostatic process,GO:0042592,erythrocyte homeostasis,erythrocyte homeostasis,GO:0034101,erythropoietin production,,,,,,,,,,,,,,,,Tissue hypoxia stabilises HIF and increases erythropoietin output,cell,kidney,kidney,UBERON:0002113,renal cortical fibroblast,renal cortical fibroblast,CL:4030025,hypoxia,,,increases,X secretion,erythropoietin,,,,,,,,,,HIF-2alpha stabilisation; response is exponential below a haematocrit threshold,hours-days,systemic,circulatory,plasma erythropoietin,,,hemoglobin,,,hematocrit,,,,,,hematopoiesis,,,iron homeostasis,heme metabolic process,GO:0042168,,,,,,,"Mulroney & Myers, Netter's Essential Physiology",ISBN 978-0-323-69463-8,17,,"Medical Physiology, 3rd Edition (2017)",ISBN: 9781455743773,34,,,,,,,,,,,,,,,,,,,
urinary system,renal system process,GO:0003014,homeostasis,homeostatic process,GO:0042592,erythrocyte homeostasis,erythrocyte homeostasis,GO:0034101,erythropoietin production,,,,,,,,,,,,,,,,Anemia increases renal erythropoietin secretion,cell,kidney,kidney,UBERON:0002113,renal cortical fibroblast,renal cortical fibroblast,CL:4030025,erythrocyte count,,,increases,X secretion,erythropoietin,,,,,,,,,,,hours-days,systemic,circulatory,plasma erythropoietin,,,hemoglobin,,,hematocrit,,,,,,hematopoiesis,,,iron homeostasis,heme metabolic process,GO:0042168,,,,,,,"Mulroney & Myers, Netter's Essential Physiology",ISBN 978-0-323-69463-8,17,,"Medical Physiology, 3rd Edition (2017)",ISBN: 9781455743773,34,,,,,,,,,,,,,,,,,,,
urinary system,renal system process,GO:0003014,growth and maintenance,metabolic process,GO:0008152,glucose homeostasis,glucose homeostasis,GO:0042593,renal gluconeogenesis,gluconeogenesis,GO:0006094,,,,,,,,,,,,,"glutamine, lactate and glycerol are the principal renal gluconeogenic substrates",The renal cortex generates glucose from gluconeogenic substrates,cell,proximal straight tubule,proximal straight tubule,UBERON:0001290,kidney proximal straight tubule epithelial cell,kidney proximal straight tubule epithelial cell,CL:1000839,,,,does,X secretion,glucose,,,,,,,,,,renal cortex contributes up to ~20-25% of endogenous glucose production in the prolonged fasted state,hours,,circulatory,plasma glucose,,,plasma lactate,,,,,,,,,hepatic gluconeogenesis,gluconeogenesis,GO:0006094,acid-base homeostasis,,,glucagon production,glucagon secretion,GO:0070091,,,,"Mulroney & Myers, Netter's Essential Physiology",ISBN 978-0-323-69463-8,17,,,,,,,,,,,,,,,,,,,,,,,
urinary system,renal system process,GO:0003014,growth and maintenance,metabolic process,GO:0008152,glucose homeostasis,glucose homeostasis,GO:0042593,renal gluconeogenesis,gluconeogenesis,GO:0006094,,,,,,,,,,,,,,Fasting increases the renal contribution to endogenous glucose production,cell,proximal straight tubule,proximal straight tubule,UBERON:0001290,kidney proximal straight tubule epithelial cell,kidney proximal straight tubule epithelial cell,CL:1000839,fasted status,,,increases,X secretion,glucose,,,,,,,,,,,hours-days,systemic,circulatory,plasma glucose,,,plasma lactate,,,,,,,,,hepatic gluconeogenesis,gluconeogenesis,GO:0006094,acid-base homeostasis,,,glucagon production,glucagon secretion,GO:0070091,,,,"Mulroney & Myers, Netter's Essential Physiology",ISBN 978-0-323-69463-8,17,,,,,,,,,,,,,,,,,,,,,,,
urinary system,renal system process,GO:0003014,growth and maintenance,metabolic process,GO:0008152,glucose homeostasis,glucose homeostasis,GO:0042593,renal gluconeogenesis,gluconeogenesis,GO:0006094,,,,,,,,,,,,,,Acidosis couples renal gluconeogenesis to ammoniagenesis,cell,proximal straight tubule,proximal straight tubule,UBERON:0001290,kidney proximal straight tubule epithelial cell,kidney proximal straight tubule epithelial cell,CL:1000839,plasma pH,,,increases,X secretion,glucose,,,,,,,,,,"acidosis increases renal gluconeogenesis, coupled to glutamine consumption",hours-days,systemic,circulatory,plasma glucose,,,plasma lactate,,,,,,,,,hepatic gluconeogenesis,gluconeogenesis,GO:0006094,acid-base homeostasis,,,glucagon production,glucagon secretion,GO:0070091,,,,"Mulroney & Myers, Netter's Essential Physiology",ISBN 978-0-323-69463-8,17,,,,,,,,,,,,,,,,,,,,,,,
urinary system,renal system process,GO:0003014,homeostasis,homeostatic process,GO:0042592,vascular regulation,vasodilation,GO:0042311,intrarenal vasoactive mediator production,,,,,,,,,,,,,,,,Medullary interstitial cells release vasodilatory prostaglandins,cell,kidney,kidney,UBERON:0002113,renal medullary interstitial cell,,,,,,does,X secretion,prostaglandin E2,,,,,,,,,,"cyclooxygenase-dependent; blocked by NSAIDs, which unmasks unopposed vasoconstriction",minutes,,paracrine,renal blood flow,,,glomerular filtration rate,,,blood pressure,,,,,,RAAS activation,regulation of systemic arterial blood pressure by circulatory renin-angiotensin,GO:0001991,inflammation regulation,inflammatory response,GO:0006954,,,,,,,"Mulroney & Myers, Netter's Essential Physiology",ISBN 978-0-323-69463-8,20,,,,,,,,,,,,,,,,,,,,,,,
urinary system,renal system process,GO:0003014,homeostasis,homeostatic process,GO:0042592,vascular regulation,vasodilation,GO:0042311,intrarenal vasoactive mediator production,,,,,,,,,,,,,,,,Renal vascular endothelium releases nitric oxide,cell,kidney,kidney,UBERON:0002113,endothelial cell,endothelial cell,CL:0000115,,,,does,X secretion,nitric oxide,,,,,,,,,,shear-stress dependent; opposes angiotensin II and endothelin,seconds-minutes,,paracrine,renal blood flow,,,glomerular filtration rate,,,blood pressure,,,,,,RAAS activation,regulation of systemic arterial blood pressure by circulatory renin-angiotensin,GO:0001991,inflammation regulation,inflammatory response,GO:0006954,,,,,,,"Mulroney & Myers, Netter's Essential Physiology",ISBN 978-0-323-69463-8,20,,,,,,,,,,,,,,,,,,,,,,,
urinary system,renal system process,GO:0003014,homeostasis,homeostatic process,GO:0042592,vascular regulation,vasodilation,GO:0042311,intrarenal vasoactive mediator production,,,,,,,,,,,,,,,,"Renal endothelium releases endothelin 1, a potent local vasoconstrictor",cell,kidney,kidney,UBERON:0002113,endothelial cell,endothelial cell,CL:0000115,,,,does,X secretion,endothelin 1,,,,,,,,,,highest tissue concentrations in the renal medulla,minutes,,paracrine,renal blood flow,,,glomerular filtration rate,,,blood pressure,,,,,,RAAS activation,regulation of systemic arterial blood pressure by circulatory renin-angiotensin,GO:0001991,inflammation regulation,inflammatory response,GO:0006954,,,,,,,"Mulroney & Myers, Netter's Essential Physiology",ISBN 978-0-323-69463-8,20,,,,,,,,,,,,,,,,,,,,,,,
urinary system,renal system process,GO:0003014,homeostasis,homeostatic process,GO:0042592,vascular regulation,vasodilation,GO:0042311,intrarenal vasoactive mediator production,,,,,,,,,,,,,,,,Proximal tubular cells generate dopamine locally from filtered L-DOPA,cell,proximal convoluted tubule,proximal convoluted tubule,UBERON:0001287,kidney proximal convoluted tubule epithelial cell,kidney proximal convoluted tubule epithelial cell,CL:1000838,,,,does,X secretion,dopamine,,,,,,,,,,decarboxylated from filtered L-DOPA; increases with high sodium intake,minutes-hours,,paracrine,renal blood flow,,,glomerular filtration rate,,,blood pressure,,,,,,RAAS activation,regulation of systemic arterial blood pressure by circulatory renin-angiotensin,GO:0001991,inflammation regulation,inflammatory response,GO:0006954,,,,,,,"Mulroney & Myers, Netter's Essential Physiology",ISBN 978-0-323-69463-8,20,,,,,,,,,,,,,,,,,,,,,,,
urinary system,renal system process,GO:0003014,homeostasis,homeostatic process,GO:0042592,blood pressure regulation,regulation of systemic arterial blood pressure,GO:0003073,pressure natriuresis,renal sodium excretion,GO:0035812,,,,,,,,,,,,,pressure natriuresis sets the long-term set point for arterial blood pressure,Rising arterial pressure increases renal sodium excretion until volume and pressure normalise,organ,kidney,kidney,UBERON:0002113,kidney,,,renal perfusion pressure,,,increases,X export,sodium,,,,,,,,,,the dominant long-term determinant of arterial pressure; operates independently of hormonal input,hours,circulatory,systemic,urine sodium,,,blood pressure,,,fractional excretion of sodium,Fractional excretion of sodium [Ratio] in Urine and Serum or Plasma,LOINC:49135-7,urine volume,,,RAAS activation,regulation of systemic arterial blood pressure by circulatory renin-angiotensin,GO:0001991,atrial natriuretic peptide,,,sympathetic nervous system,,,,,,"Mulroney & Myers, Netter's Essential Physiology",ISBN 978-0-323-69463-8,20,,,,,,,,,,,,,,,,,,,,,,,
urinary system,renal system process,GO:0003014,homeostasis,homeostatic process,GO:0042592,blood pressure regulation,regulation of systemic arterial blood pressure,GO:0003073,pressure natriuresis,renal sodium excretion,GO:0035812,,,,,,,,,,,,,,Volume expansion promotes natriuresis and diuresis,organ,kidney,kidney,UBERON:0002113,kidney,,,extracellular fluid volume,,,increases,X export,sodium and water,,,,,,,,,,,hours,systemic,systemic,urine sodium,,,blood pressure,,,fractional excretion of sodium,Fractional excretion of sodium [Ratio] in Urine and Serum or Plasma,LOINC:49135-7,urine volume,,,RAAS activation,regulation of systemic arterial blood pressure by circulatory renin-angiotensin,GO:0001991,atrial natriuretic peptide,,,sympathetic nervous system,,,,,,"Mulroney & Myers, Netter's Essential Physiology",ISBN 978-0-323-69463-8,20,,,,,,,,,,,,,,,,,,,,,,,
urinary system,renal system process,GO:0003014,homeostasis,homeostatic process,GO:0042592,blood pressure regulation,regulation of systemic arterial blood pressure,GO:0003073,pressure natriuresis,renal sodium excretion,GO:0035812,,,,,,,,,,,,,,A fall in effective circulating volume triggers integrated renal sodium retention,organism,kidney,kidney,UBERON:0002113,kidney,,,effective circulating volume,,,decreases,X export,sodium,,,,,,,,,,avid sodium retention with FENa below 1% in prerenal states,hours,systemic,systemic,urine sodium,,,blood pressure,,,fractional excretion of sodium,Fractional excretion of sodium [Ratio] in Urine and Serum or Plasma,LOINC:49135-7,urine volume,,,RAAS activation,regulation of systemic arterial blood pressure by circulatory renin-angiotensin,GO:0001991,atrial natriuretic peptide,,,sympathetic nervous system,,,,,,"Mulroney & Myers, Netter's Essential Physiology",ISBN 978-0-323-69463-8,20,,,,,,,,,,,,,,,,,,,,,,,
urinary system,renal system process,GO:0003014,homeostasis,homeostatic process,GO:0042592,waste excretion,excretion,GO:0007588,urine transport,ureteric peristalsis,GO:0072105,,,,,,,,,,,,,pacemaker activity originates in atypical smooth muscle cells of the renal pelvis,Ureteral smooth muscle contracts rhythmically,cell,ureter,ureter,UBERON:0000056,smooth muscle cell,smooth muscle cell,CL:0000192,,,,does,contraction,,,,,,,,,,,,seconds-minutes,,intra-organ,urine flow rate,,,post-void residual volume,,,,,,,,,bladder filling,micturition,GO:0060073,autonomic nervous system,,,,,,,,,"Brenner & Rector's The Kidney, 11th Edition (2020)",ISBN:0323532662,25,,,,,,,,,,,,,,,,,,,,,,,
urinary system,renal system process,GO:0003014,homeostasis,homeostatic process,GO:0042592,waste excretion,excretion,GO:0007588,urine transport,ureteric peristalsis,GO:0072105,,,,,,,,,,,,,,Higher urine flow increases ureteral peristaltic frequency,cell,ureter,ureter,UBERON:0000056,smooth muscle cell,smooth muscle cell,CL:0000192,urine flow rate,,,increases,contraction X,frequency,,,,,,,,,,"peristaltic frequency approximately 2-6 waves per minute, rising with diuresis",minutes,intra-organ,intra-organ,urine flow rate,,,post-void residual volume,,,,,,,,,bladder filling,micturition,GO:0060073,autonomic nervous system,,,,,,,,,"Brenner & Rector's The Kidney, 11th Edition (2020)",ISBN:0323532662,25,,,,,,,,,,,,,,,,,,,,,,,
urinary system,renal system process,GO:0003014,homeostasis,homeostatic process,GO:0042592,waste excretion,excretion,GO:0007588,urine transport,ureteric peristalsis,GO:0072105,,,,,,,,,,,,,,Peristalsis propels urine from the renal pelvis to the bladder,organ,ureter,ureter,UBERON:0000056,ureter,,,,,,does,transport of X from Y to Z,urine,,,renal pelvis,,,urinary bladder,,,,peristaltic propulsion; the intramural ureteral segment acts as a one-way valve preventing reflux,minutes,,intra-organ,urine flow rate,,,post-void residual volume,,,,,,,,,bladder filling,micturition,GO:0060073,autonomic nervous system,,,,,,,,,"Brenner & Rector's The Kidney, 11th Edition (2020)",ISBN:0323532662,25,,,,,,,,,,,,,,,,,,,,,,,
urinary system,renal system process,GO:0003014,homeostasis,homeostatic process,GO:0042592,waste excretion,excretion,GO:0007588,urine transport,ureteric peristalsis,GO:0072105,,,,,,,,,,,,,,The umbrella cell layer prevents equilibration between stored urine and the interstitium,cell,urinary bladder,urinary bladder,UBERON:0001255,urothelial umbrella cell,,,,,,decreases,transport of X from Y to Z,water and solutes,,,urine,,,bladder interstitium,,,,uroplakin plaques and tight junctions make the urothelium the tightest barrier epithelium in the body,hours,,intra-organ,urine flow rate,,,post-void residual volume,,,,,,,,,bladder filling,micturition,GO:0060073,autonomic nervous system,,,,,,,,,"Brenner & Rector's The Kidney, 11th Edition (2020)",ISBN:0323532662,25,,,,,,,,,,,,,,,,,,,,,,,
urinary system,renal system process,GO:0003014,response to stimuli,response to stimulus,GO:0050896,urine storage and voiding,micturition,GO:0060073,bladder filling,micturition,GO:0060073,,,,,,,,,,,,,storage phase: sympathetic outflow relaxes the detrusor and contracts the internal sphincter,Sympathetic beta-3 stimulation relaxes the detrusor during bladder filling,cell,urinary bladder,urinary bladder,UBERON:0001255,detrusor smooth muscle cell,,,norepinephrine,,,decreases,contraction X,force,,,,,,,,,"[400, 500]",units = mL functional capacity; beta-3 adrenergic relaxation; first sensation of filling near 150 mL,seconds,systemic,systemic,bladder capacity,,,post-void residual volume,,,urine flow rate,,,,,,sympathetic nervous system,,,somatic motor control,,,central nervous system,,,,,,"Mulroney & Myers, Netter's Essential Physiology",ISBN 978-0-323-69463-8,19,,,,,,,,,,,,,,,,,,,,,,,
urinary system,renal system process,GO:0003014,response to stimuli,response to stimulus,GO:0050896,urine storage and voiding,micturition,GO:0060073,bladder filling,micturition,GO:0060073,,,,,,,,,,,,,,Sympathetic alpha-1 stimulation contracts the internal urethral sphincter,cell,urinary bladder,urinary bladder,UBERON:0001255,internal urethral sphincter smooth muscle cell,,,norepinephrine,,,increases,contraction X,force,,,,,,,,,,alpha-1 adrenergic,seconds,systemic,systemic,bladder capacity,,,post-void residual volume,,,urine flow rate,,,,,,sympathetic nervous system,,,somatic motor control,,,central nervous system,,,,,,"Mulroney & Myers, Netter's Essential Physiology",ISBN 978-0-323-69463-8,19,,,,,,,,,,,,,,,,,,,,,,,
urinary system,renal system process,GO:0003014,response to stimuli,response to stimulus,GO:0050896,urine storage and voiding,micturition,GO:0060073,bladder filling,micturition,GO:0060073,,,,,,,,,,,,,,Pudendal somatic innervation maintains external urethral sphincter tone,cell,urinary bladder,urinary bladder,UBERON:0001255,external urethral sphincter striated muscle cell,,,pudendal nerve activity,,,increases,contraction X,force,,,,,,,,,,"somatic, voluntary; maintains continence during the storage phase",seconds,systemic,systemic,bladder capacity,,,post-void residual volume,,,urine flow rate,,,,,,sympathetic nervous system,,,somatic motor control,,,central nervous system,,,,,,"Mulroney & Myers, Netter's Essential Physiology",ISBN 978-0-323-69463-8,19,,,,,,,,,,,,,,,,,,,,,,,
urinary system,renal system process,GO:0003014,response to stimuli,response to stimulus,GO:0050896,urine storage and voiding,micturition,GO:0060073,micturition reflex,micturition,GO:0060073,,,,,,,,,,,,,,Parasympathetic cholinergic input contracts the detrusor during voiding,cell,urinary bladder,urinary bladder,UBERON:0001255,detrusor smooth muscle cell,,,acetylcholine,,,increases,contraction X,force,,,,,,,,,,"parasympathetic M3 muscarinic; pelvic splanchnic nerves, S2-S4",seconds,systemic,intra-organ,urine flow rate,,,post-void residual volume,,,bladder capacity,,,,,,parasympathetic nervous system,,,somatic motor control,,,central nervous system,,,,,,"Mulroney & Myers, Netter's Essential Physiology",ISBN 978-0-323-69463-8,19,,,,,,,,,,,,,,,,,,,,,,,
urinary system,renal system process,GO:0003014,response to stimuli,response to stimulus,GO:0050896,urine storage and voiding,micturition,GO:0060073,micturition reflex,micturition,GO:0060073,,,,,,,,,,,,,,Bladder wall stretch triggers the afferent limb of the micturition reflex,cell,urinary bladder,urinary bladder,UBERON:0001255,detrusor smooth muscle cell,,,bladder wall stretch,,,increases,contraction X,frequency,,,,,,,,,,"afferent firing rises steeply above ~300 mL, driving the spinobulbospinal micturition reflex",seconds,intra-organ,intra-organ,urine flow rate,,,post-void residual volume,,,bladder capacity,,,,,,parasympathetic nervous system,,,somatic motor control,,,central nervous system,,,,,,"Mulroney & Myers, Netter's Essential Physiology",ISBN 978-0-323-69463-8,19,,,,,,,,,,,,,,,,,,,,,,,
urinary system,renal system process,GO:0003014,response to stimuli,response to stimulus,GO:0050896,urine storage and voiding,micturition,GO:0060073,micturition reflex,micturition,GO:0060073,,,,,,,,,,,,,,Parasympathetic activation relaxes the internal urethral sphincter during voiding,cell,urinary bladder,urinary bladder,UBERON:0001255,internal urethral sphincter smooth muscle cell,,,acetylcholine,,,decreases,contraction X,force,,,,,,,,,,,seconds,systemic,intra-organ,urine flow rate,,,post-void residual volume,,,bladder capacity,,,,,,parasympathetic nervous system,,,somatic motor control,,,central nervous system,,,,,,"Mulroney & Myers, Netter's Essential Physiology",ISBN 978-0-323-69463-8,19,,,,,,,,,,,,,,,,,,,,,,,
urinary system,renal system process,GO:0003014,response to stimuli,response to stimulus,GO:0050896,urine storage and voiding,micturition,GO:0060073,micturition reflex,micturition,GO:0060073,,,,,,,,,,,,,,Voluntary relaxation of the external sphincter permits voiding,cell,urinary bladder,urinary bladder,UBERON:0001255,external urethral sphincter striated muscle cell,,,voluntary cortical control,,,decreases,contraction X,force,,,,,,,,,,,seconds,systemic,systemic,urine flow rate,,,post-void residual volume,,,bladder capacity,,,,,,parasympathetic nervous system,,,somatic motor control,,,central nervous system,,,,,,"Mulroney & Myers, Netter's Essential Physiology",ISBN 978-0-323-69463-8,19,,,,,,,,,,,,,,,,,,,,,,,
urinary system,renal system process,GO:0003014,response to stimuli,response to stimulus,GO:0050896,urine storage and voiding,micturition,GO:0060073,micturition reflex,micturition,GO:0060073,,,,,,,,,,,,,,Coordinated detrusor contraction with sphincter relaxation empties the bladder,organ,urinary bladder,urinary bladder,UBERON:0001255,urinary bladder,,,,,,does,X export,urine,,,,,,,,,"[0, 50]",units = mL post-void residual; peak flow rate typically 15-25 mL/s in adults,seconds,,systemic,urine flow rate,,,post-void residual volume,,,bladder capacity,,,,,,parasympathetic nervous system,,,somatic motor control,,,central nervous system,,,,,,"Mulroney & Myers, Netter's Essential Physiology",ISBN 978-0-323-69463-8,19,,,,,,,,,,,,,,,,,,,,,,,