Whole Person Physiome Table for Urinary System,,,,,,,,,,,,,,,,,,,,,,,,,,,,,,,,,,,,,,,,,,,,,,,,,,,,,,,,,,,,,,,,,,,,,,,,,,,,,
,,,,,,,,,,,,,,,,,,,,,,,,,,,,,,,,,,,,,,,,,,,,,,,,,,,,,,,,,,,,,,,,,,,,,,,,,,,,,
Author Name(s):,Minyan Zhu,,,,,,,,,,,,,,,,,,,,,,,,,,,,,,,,,,,,,,,,,,,,,,,,,,,,,,,,,,,,,,,,,,,,,,,,,,,,
Author ORCID(s):,0000-0002-1868-3896,,,,,,,,,,,,,,,,,,,,,,,,,,,,,,,,,,,,,,,,,,,,,,,,,,,,,,,,,,,,,,,,,,,,,,,,,,,,
Reviewer Name(s):,Katalin Susztak,,,,,,,,,,,,,,,,,,,,,,,,,,,,,,,,,,,,,,,,,,,,,,,,,,,,,,,,,,,,,,,,,,,,,,,,,,,,
Reviewer ORCID(s):,0000‑0002‑1005‑3726,,,,,,,,,,,,,,,,,,,,,,,,,,,,,,,,,,,,,,,,,,,,,,,,,,,,,,,,,,,,,,,,,,,,,,,,,,,,
General Publication(s):,"Brenner & Rector’s The Kidney, 11th Edition (2020)","Mulroney & Myers, Netter’s Essential Physiology","High-Yield Physiology, 1st edition. Dudek, 2008.",,,,,,,,,,,,,,,,,,,,,,,,,,,,,,,,,,,,,,,,,,,,,,,,,,,,,,,,,,,,,,,,,,,,,,,,,,
Data DOI:,,,,,,,,,,,,,,,,,,,,,,,,,,,,,,,,,,,,,,,,,,,,,,,,,,,,,,,,,,,,,,,,,,,,,,,,,,,,,
Date:,9/23/2025,,,,,,,,,,,,,,,,,,,,,,,,,,,,,,,,,,,,,,,,,,,,,,,,,,,,,,,,,,,,,,,,,,,,,,,,,,,,
Version Number:,v1.0,,,,,,,,,,,,,,,,,,,,,,,,,,,,,,,,,,,,,,,,,,,,,,,,,,,,,,,,,,,,,,,,,,,,,,,,,,,,
"List physiological functions as a hierarchy, starting with the body system in Function/1 (this should be the same as the table name), a major life function in Function/2, and more specific functions in subsequent columns. Add more columns if needed. Place limited explanatory text if needed in FunctionNotes. Each function should include a ID from Gene Ontology (GO) if possible or another standard ontology. The LABEL column is the label for that ID as it appears in that ontology.",,,,,,,,,,,,,,,,,,,,,,,,,"Provide a very brief description (a few words) of the specific processes that occur during the corresponding function (e.g., a chemical reaction, physical change, feedback loop, etc.) in the Process column. Enter whether the Effector is a cell, tissue, or organ. Provide the anatomical location of the Effector in EffectorLocation along with the associated UBERON ID, if avaialble. Enter the Effector and its UBERON ID in the following columns. See Glossary for detailed instructions on tabulating the Signal, Effect, Behavior, Behavior X, Behavior Y, and X Target columns.",,,,,,,,,,,,,,"Indicate the signal scale category for this process: autocrine, paracrine, intra-organ, circulatory, systemic","Indicate the signal scale category for this process: autocrine, paracrine, intra-organ, circulatory, systemic","Indicate the time scale category for this process: milliseconds, seconds, minutes, hours, days, weeks, years.","OPTIONAL FOR NOW. List clinical measures, such as laboratory tests, vital signs, or radiology studies, related to the physiological function. These columns are simple lists and are NOT hierarchical. Include an ID for the measurement, such as a LOINC code, if known. Add more columns if needed.",,,,,,,,,,,,"OPTIONAL FOR NOW. List other interacting physiological functions. These columns are simple lists and NOT hierarchical. Add more columns if needed. For the LABEL and ID columns, use Gene Ontology (GO) if possible.",,,,,,,,,,,,"REQUIRED. Enter references in support of the information on this row. The ID column should include a standard identifier, such as a DOI or ISBN. The optional CHAPTER column should be used to list the relevant chapters in a book. The optional NOTES column can be used to clarify which part of the row the reference is for, such as a reference about the anatomical structures involved in the function rather than the interactions. Add more sets of reference columns if needed, making sure to include the ID column.",,,,,,,,,,,
Function/1,Function/1/LABEL,Function/1/ID,Function/2,Function/2/LABEL,Function/2/ID,Function/3,Function/3/LABEL,Function/3/ID,Function/4,Function/4/LABEL,Function/4/ID,Function/5,Function/5/LABEL,Function/5/ID,Function/6,Function/6/LABEL,Function/6/ID,Function/7,Function/7/LABEL,Function/7/ID,Function/8,Function/8/LABEL,Function/8/ID,FunctionNotes,Process,EffectorScale,EffectorLocation,EffectorLocation/LABEL,EffectorLocation/ID,Effector,Effector/LABEL,Effector/ID,Signal,Effect,Behavior,Behavior X,Behavior Y,EffectParameters (quantitative values),SignalScale,EffectScale,TimeScale,ClinicalMeasure/1,ClinicalMeasure/1/LABEL,ClinicalMeasure/1/ID,ClinicalMeasure/2,ClinicalMeasure/2/LABEL,ClinicalMeasure/2/ID,ClinicalMeasure/3,ClinicalMeasure/3/LABEL,ClinicalMeasure/3/ID,ClinicalMeasure/4,ClinicalMeasure/4/LABEL,ClinicalMeasure/4/ID,Interaction/1,Interaction/1/LABEL,Interaction/1/ID,Interaction/2,Interaction/2/LABEL,Interaction/2/ID,Interaction/3,Interaction/3/LABEL,Interaction/3/ID,Interaction/4,Interaction/4/LABEL,Interaction/4/ID,REF/1,REF/1/ID,REF/1/CHAPTER,REF/1/NOTES,REF/2,REF/2/ID,REF/2/CHAPTER,REF/2/NOTES,REF/3,REF/3/ID,REF/3/CHAPTER,REF/3/NOTES
urinary system,renal system process,GO:0003014,Homeostasis,homeostatic process,GO:0042592,Acid–base,renal absorption,GO:0070293,Bicarbonate reabsorption,bicarbonate transport,GO:0015701,,,,,,,,,,,,,"~80% PT, 15% TALH, 5% CD; role of CA",Filtered HCO₃⁻ reclaimed via luminal CA reaction and basolateral transport: Lumina tubular epithelial cell catalyzes filtered HCO₃⁻ into CO₂,Tissue,kidney,kidney,UBERON:0002113,renal tubule,renal tubule,UBERON:0009773,,does,X conversion to Y,HCO₃⁻,CO₂,,,Molecular,hours,Plasma HCO₃⁻ (mEq/L),Deprecated Bicarbonate [Moles/volume] in Plasma,1962-0,Urinary HCO₃⁻,Bicarbonate [Measurement] in Urine,110408-2,Blood pH,pH of Blood,11558-4,,,,Respiratory (CO₂),,,RAAS (Ang II ↑ NHE3),,,,,,,,,"Mulroney & Myers, Netter’s Essential Physiology",ISBN 978-0-323-69463-8,"18, 21",,,,,,,,,
urinary system,renal system process,GO:0003014,Homeostasis,homeostatic process,GO:0042592,Acid–base,renal absorption,GO:0070293,Bicarbonate reabsorption,bicarbonate transport,GO:0015701,,,,,,,,,,,,,,Filtered HCO₃⁻ reclaimed via luminal CA reaction and basolateral transport: Basolateral NBCe1 (Na⁺/HCO₃⁻ cotransporter) increases plasma HCO₃⁻ (reclamation),Tissue,kidney,kidney,UBERON:0002113,renal tubule,renal tubule,UBERON:0009773,,increases,X transport to Y,HCO₃⁻,plasma,,,Cellular,hours,Plasma HCO₃⁻ (mEq/L),Deprecated Bicarbonate [Moles/volume] in Plasma,1962-0,Urinary HCO₃⁻,Bicarbonate [Measurement] in Urine,110408-2,Blood pH,pH of Blood,11558-4,,,,Respiratory (CO₂),,,RAAS (Ang II ↑ NHE3),,,,,,,,,"Mulroney & Myers, Netter’s Essential Physiology",ISBN 978-0-323-69463-8,"18, 21",,,,,,,,,
urinary system,renal system process,GO:0003014,Homeostasis,homeostatic process,GO:0042592,Acid–base,renal absorption,GO:0070293,Bicarbonate reabsorption,bicarbonate transport,GO:0015701,,,,,,,,,,,,,,Filtered HCO₃⁻ reclaimed via luminal CA reaction and basolateral transport: Intracellular CA enzyme regenerates intracellular HCO₃⁻,Tissue,kidney,kidney,UBERON:0002113,renal tubule,renal tubule,UBERON:0009773,,does,X regeneration,intracellular HCO₃⁻ ,,,,Cellular,hours,Plasma HCO₃⁻ (mEq/L),Deprecated Bicarbonate [Moles/volume] in Plasma,1962-0,Urinary HCO₃⁻,Bicarbonate [Measurement] in Urine,110408-2,Blood pH,pH of Blood,11558-4,,,,Respiratory (CO₂),,,RAAS (Ang II ↑ NHE3),,,,,,,,,"Mulroney & Myers, Netter’s Essential Physiology",ISBN 978-0-323-69463-8,"18, 21",,,,,,,,,
urinary system,renal system process,GO:0003014,Homeostasis,homeostatic process,GO:0042592,Acid–base,renal absorption,GO:0070293,H⁺ secretion & HCO₃⁻ secretion,,,,,,,,,,,,,,,Urine pH floor ~4.4; TA & NH₄⁺ pathways,"α-IC: H⁺ secretion (H⁺-ATPase, H⁺/K⁺-ATPase): α-IC secretes H⁺ via H⁺-ATPase and H⁺/K⁺-ATPase",Cell,Collecting duct,kidney collecting duct epithelium,UBERON:0014388,kidney collecting duct epithelial cell,kidney collecting duct epithelial cell,CL:1000454,,does,X secretion,H⁺,,,,Cellular,hours,Urinary pH,pH of Urine,2756-5,Titratable acidity (mmol/d),Acidity.titratable [Measurement] in Urine,110318-3,Ammonium excretion (mmol/d),Fractional excretion of urea [Ratio] in Urine and Serum or Plasma collected for unspecified duration,59009-1,,,,Respiratory (CO₂),,,Phosphate buffer,,,,,,,,,"Mulroney & Myers, Netter’s Essential Physiology",ISBN 978-0-323-69463-8,21,,,,,,,,,
urinary system,renal system process,GO:0003014,Homeostasis,homeostatic process,GO:0042592,Acid–base,renal absorption,GO:0070293,H⁺ secretion & HCO₃⁻ secretion,,,,,,,,,,,,,,,,β-IC: HCO₃⁻ secretion: β-IC secretes HCO₃⁻,Cell,Collecting duct,kidney collecting duct epithelium,UBERON:0014388,kidney collecting duct epithelial cell,kidney collecting duct epithelial cell,CL:1000454,,does,X secretion,HCO₃⁻,,,,Cellular,hours,Urinary pH,pH of Urine,2756-5,Titratable acidity (mmol/d),Acidity.titratable [Measurement] in Urine,110318-3,Ammonium excretion (mmol/d),Fractional excretion of urea [Ratio] in Urine and Serum or Plasma collected for unspecified duration,59009-1,,,,Respiratory (CO₂),,,Phosphate buffer,,,,,,,,,"Mulroney & Myers, Netter’s Essential Physiology",ISBN 978-0-323-69463-8,21,,,,,,,,,
urinary system,renal system process,GO:0003014,Homeostasis,homeostatic process,GO:0042592,Acid–base,renal absorption,GO:0070293,Phosphate buffering,,,Titratable acid,,,,,,,,,,,,Key titratable acid pathway,H⁺ binds filtered HPO₄²⁻ → H₂PO₄⁻: H⁺ + HPO₄²⁻ forms H₂PO₄⁻,Cell,Collecting duct,kidney collecting duct epithelium,UBERON:0014388,kidney collecting duct epithelial cell,kidney collecting duct epithelial cell,CL:1000454,HPO₄²⁻,does,X formation to Y,H⁺ + HPO₄²⁻,H₂PO₄⁻,,Intra-organ,Molecular,hours,Urinary phosphate,Triple phosphate [Saturation Fraction] in 24 hour Urine,53811-6,Titratable acidity,Acidity.titratable [Measurement] in Urine,110318-3,Urine pH,pH of Urine,2756-5,,,,Acid secretion,,,Bone phosphate stores,,,,,,,,,"Mulroney & Myers, Netter’s Essential Physiology",ISBN 978-0-323-69463-8,21,,,,,,,,,
urinary system,renal system process,GO:0003014,Homeostasis,homeostatic process,GO:0042592,Acid–base,renal absorption,GO:0070293,Ammoniagenesis,regulation of ammonia assimilation cycle,GO:2001248,,,,,,,,,,,,,Main adaptive response to acidosis,Glutamine metabolism in PT generates NH₄⁺ and new HCO₃⁻: Glutamine metabolism in PT generates NH₄⁺,Cell,proximal straight tubule,proximal straight tubule,UBERON:0001290,kidney proximal straight tubule epithelial cell,kidney proximal straight tubule epithelial cell,CL:1000839,glutamine,does,X generation,NH₄⁺,,,Intra-organ,Segmental (intra-organ),hours-days,Urinary NH₄⁺,Ammonium [Presence] in Stone,14599-5,Urinary net acid excretion,Fractional excretion of urea [Ratio] in Urine and Serum or Plasma collected for unspecified duration,59009-1,Plasma bicarbonate,Deprecated Bicarbonate [Moles/volume] in Plasma,1962-0,,,,Acid–base,,,Resp compensation,,,,,,,,,"Mulroney & Myers, Netter’s Essential Physiology",ISBN 978-0-323-69463-8,21,,,,,,,,,
urinary system,renal system process,GO:0003014,Homeostasis,homeostatic process,GO:0042592,Acid–base,renal absorption,GO:0070293,Ammoniagenesis,regulation of ammonia assimilation cycle,GO:2001248,,,,,,,,,,,,,,Glutamine metabolism in PT generates NH₄⁺ and new HCO₃⁻: Glutamine metabolism in PT generates new HCO₃⁻,Cell,proximal straight tubule,proximal straight tubule,UBERON:0001290,kidney proximal straight tubule epithelial cell,kidney proximal straight tubule epithelial cell,CL:1000839,glutamine,does,X generation,HCO₃⁻,,,Intra-organ,Segmental (intra-organ),hours-days,Urinary NH₄⁺,Ammonium [Presence] in Stone,14599-5,Urinary net acid excretion,Fractional excretion of urea [Ratio] in Urine and Serum or Plasma collected for unspecified duration,59009-1,Plasma bicarbonate,Deprecated Bicarbonate [Moles/volume] in Plasma,1962-0,,,,Acid–base,,,Resp compensation,,,,,,,,,"Mulroney & Myers, Netter’s Essential Physiology",ISBN 978-0-323-69463-8,21,,,,,,,,,
urinary system,renal system process,GO:0003014,Homeostasis,homeostatic process,GO:0042592,Acid–base,renal absorption,GO:0070293,Bicarbonate regeneration,,,,,,,,,,,,,,,New bicarbonate formation,New HCO₃⁻ generated via NH₄⁺ excretion: NH₄⁺ excretion generates new HCO₃⁻,Cell,proximal straight tubule,proximal straight tubule,UBERON:0001290,kidney proximal straight tubule epithelial cell,kidney proximal straight tubule epithelial cell,CL:1000839,NH₄⁺,does,X generation,HCO₃⁻,,,Intra-organ,Segmental (intra-organ),hours-days,Plasma bicarbonate,Deprecated Bicarbonate [Moles/volume] in Plasma,1962-0,Net acid excretion,Fractional excretion of urea [Ratio] in Urine and Serum or Plasma collected for unspecified duration,59009-1,Blood pH,pH of Blood,11558-4,,,,Resp,,,GI buffering,,,,,,,,,"Mulroney & Myers, Netter’s Essential Physiology",ISBN 978-0-323-69463-8,21,,,,,,,,,
urinary system,renal system process,GO:0003014,Homeostasis,homeostatic process,GO:0042592,BP regulation,renal response to blood flow involved in circulatory renin-angiotensin regulation of systemic arterial blood pressure,GO:0001999,Renin secretion (RAAS),renal response to blood flow involved in circulatory renin-angiotensin regulation of systemic arterial blood pressure,GO:0001999,,,,,,,,,,,,,"TGF, baroreceptor, sympathetic control of renin",Macula densa NaCl sensing; JG cell renin release: Macula densa senses NaCl,Cell,juxtaglomerular apparatus,juxtaglomerular apparatus,UBERON:0002303,Macula densa cells,macula densa epithelial cell,CL:1000850,,does,X sensation,NaCl,,,,Segmental (intra-organ),minutes,Plasma renin activity,Complement functional activity [Units/volume] in Serum or Plasma by Immunoassay,58462-3,BP (mmHg),First Blood pressure Set,18684-1,Serum aldosterone,Aldosterone [Measurement] in Serum or Plasma,110770-5,,,,Cardiovascular (BP),,,Endocrine (Aldosterone),,,,,,,,,"Mulroney & Myers, Netter’s Essential Physiology",ISBN 978-0-323-69463-8,"17, 20",,,,,,,,,
urinary system,renal system process,GO:0003014,Homeostasis,homeostatic process,GO:0042592,BP regulation,renal response to blood flow involved in circulatory renin-angiotensin regulation of systemic arterial blood pressure,GO:0001999,Renin secretion (RAAS),renal response to blood flow involved in circulatory renin-angiotensin regulation of systemic arterial blood pressure,GO:0001999,,,,,,,,,,,,,"TGF, baroreceptor, sympathetic control of renin",Macula densa NaCl sensing; JG cell renin release: JG cell releases renin,Cell,juxtaglomerular apparatus,juxtaglomerular apparatus,UBERON:0002303,Juxtaglomerular (granular) cells,kidney granular cell,CL:0000648,NaCl,does,X release,renin,,,Intra-organ,Segmental (intra-organ),minutes,Plasma renin activity,Complement functional activity [Units/volume] in Serum or Plasma by Immunoassay,58462-3,BP (mmHg),First Blood pressure Set,18684-1,Serum aldosterone,Aldosterone [Measurement] in Serum or Plasma,110770-5,,,,Cardiovascular (BP),,,Endocrine (Aldosterone),,,,,,,,,"Mulroney & Myers, Netter’s Essential Physiology",ISBN 978-0-323-69463-8,"17, 20",,,,,,,,,
urinary system,renal system process,GO:0003014,Homeostasis,homeostatic process,GO:0042592,Buffering,,,Net acid excretion,,,,,,,,,,,,,,,Defines renal acid excretion,NAE = NH₄⁺ + TA − HCO₃⁻ excreted: NH₄⁺ contributes to NAE,Cell,proximal straight tubule,proximal straight tubule,UBERON:0001290,kidney proximal straight tubule epithelial cell,kidney proximal convoluted tubule epithelial cell,CL:1000838,NH₄⁺,increases,X production,NAE,,,Intra-organ,Segmental (intra-organ),hours-days,Urinary NH₄⁺,Ammonium [Presence] in Stone,14599-5,Titratable acid (mmol/d),Acidity.titratable [Measurement] in Urine,110318-3,Urinary HCO₃⁻,Bicarbonate [Measurement] in Urine,110408-2,,,,Respiratory system,,,Diet acids,,,,,,,,,"Mulroney & Myers, Netter’s Essential Physiology",ISBN 978-0-323-69463-8,21,,,,,,,,,
urinary system,renal system process,GO:0003014,Homeostasis,homeostatic process,GO:0042592,Buffering,,,Net acid excretion,,,,,,,,,,,,,,,Defines renal acid excretion,NAE = NH₄⁺ + TA − HCO₃⁻ excreted: TA (titratable acid) contributes to NAE,Cell,proximal straight tubule,proximal straight tubule,UBERON:0001290,kidney proximal straight tubule epithelial cell,kidney proximal convoluted tubule epithelial cell,CL:1000838,TA (titratable acid),increases,X production,NAE,,,Intra-organ,Segmental (intra-organ),hours-days,Urinary NH₄⁺,Ammonium [Presence] in Stone,14599-5,Titratable acid (mmol/d),Acidity.titratable [Measurement] in Urine,110318-3,Urinary HCO₃⁻,Bicarbonate [Measurement] in Urine,110408-2,,,,Respiratory system,,,Diet acids,,,,,,,,,"Mulroney & Myers, Netter’s Essential Physiology",ISBN 978-0-323-69463-8,21,,,,,,,,,
urinary system,renal system process,GO:0003014,Homeostasis,homeostatic process,GO:0042592,Buffering,,,Net acid excretion,,,,,,,,,,,,,,,Defines renal acid excretion,NAE = NH₄⁺ + TA − HCO₃⁻ excreted: HCO₃⁻ reduces NAE,Cell,proximal straight tubule,proximal straight tubule,UBERON:0001290,kidney proximal straight tubule epithelial cell,kidney proximal convoluted tubule epithelial cell,CL:1000838,HCO₃⁻,reduces,X production,NAE,,,Intra-organ,Segmental (intra-organ),hours-days,Urinary NH₄⁺,Ammonium [Presence] in Stone,14599-5,Titratable acid (mmol/d),Acidity.titratable [Measurement] in Urine,110318-3,Urinary HCO₃⁻,Bicarbonate [Measurement] in Urine,110408-2,,,,Respiratory system,,,Diet acids,,,,,,,,,"Mulroney & Myers, Netter’s Essential Physiology",ISBN 978-0-323-69463-8,21,,,,,,,,,
urinary system,renal system process,GO:0003014,Homeostasis,homeostatic process,GO:0042592,Buffering,,,Type A vs. B intercalated cell polarity,,,,,,,,,,,,,,,Polarity of IC cells,"α cells secrete H⁺, β cells secrete HCO₃⁻: α-IC secretes H⁺",Cell,Collecting duct,kidney collecting duct epithelium,UBERON:0014388,kidney collecting duct epithelial cell,kidney collecting duct epithelial cell,CL:1000454,,does,X secretion,H⁺,,,,Cellular,minutes-hours,Urine pH,pH of Urine,2756-5,Urinary bicarbonate,Bicarbonate [Measurement] in Urine,110408-2,,,,,,,Acid–base,,,Resp,,,,,,,,,"Mulroney & Myers, Netter’s Essential Physiology",ISBN 978-0-323-69463-8,21,,,,,,,,,
urinary system,renal system process,GO:0003014,Homeostasis,homeostatic process,GO:0042592,Buffering,,,Type A vs. B intercalated cell polarity,,,,,,,,,,,,,,,Polarity of IC cells,"α cells secrete H⁺, β cells secrete HCO₃⁻: β-IC secretes HCO₃⁻",Cell,Collecting duct,kidney collecting duct epithelium,UBERON:0014388,kidney collecting duct epithelial cell,kidney collecting duct epithelial cell,CL:1000454,,does,X secretion,HCO₃⁻,,,,Cellular,minutes-hours,Urine pH,pH of Urine,2756-5,Urinary bicarbonate,Bicarbonate [Measurement] in Urine,110408-2,,,,,,,Acid–base,,,Resp,,,,,,,,,"Mulroney & Myers, Netter’s Essential Physiology",ISBN 978-0-323-69463-8,21,,,,,,,,,
urinary system,renal system process,GO:0003014,Homeostasis,homeostatic process,GO:0042592,Chloride handling,,,Cl⁻ reabsorption,,,,,,,,,,,,,,,Coupled to Na⁺ movement,"Paracellular in PT, NKCC2 in TAL, NaCl cotransporter in DCT: Paracellular pathway mediates transport in PT",Cell,proximal straight tubule,proximal straight tubule,UBERON:0001290,kidney proximal straight tubule epithelial cell,kidney proximal convoluted tubule epithelial cell,CL:1000838,,mediates,X transport to Y,solutes,blood,,,Cellular,minutes,Serum Cl⁻,Chloride [Moles/volume] in Serum or Plasma,2075-0,Urine Cl⁻,Vinyl chloride [Mass/volume] in Urine,13640-8,Plasma osmolality,	Osmolality of Serum or Plasma,	2692-2,,,,Na⁺ transport,,,RAAS,,,,,,,,,"Mulroney & Myers, Netter’s Essential Physiology",ISBN 978-0-323-69463-8,18,,,,,,,,,
urinary system,renal system process,GO:0003014,Homeostasis,homeostatic process,GO:0042592,Chloride handling,,,Cl⁻ reabsorption,,,,,,,,,,,,,,,Coupled to Na⁺ movement,"Paracellular in PT, NKCC2 in TAL, NaCl cotransporter in DCT: NKCC2 mediates ion reabsorption in TAL",Cell,proximal straight tubule,proximal straight tubule,UBERON:0001290,kidney proximal straight tubule epithelial cell,kidney proximal convoluted tubule epithelial cell,CL:1000838,,mediates,X reabsorption to Y,ions,blood,,,Cellular,minutes,Serum Cl⁻,Chloride [Moles/volume] in Serum or Plasma,2075-0,Urine Cl⁻,Vinyl chloride [Mass/volume] in Urine,13640-8,Plasma osmolality,	Osmolality of Serum or Plasma,	2692-2,,,,Na⁺ transport,,,RAAS,,,,,,,,,"Mulroney & Myers, Netter’s Essential Physiology",ISBN 978-0-323-69463-8,18,,,,,,,,,
urinary system,renal system process,GO:0003014,Homeostasis,homeostatic process,GO:0042592,Chloride handling,,,Cl⁻ reabsorption,,,,,,,,,,,,,,,Coupled to Na⁺ movement,"Paracellular in PT, NKCC2 in TAL, NaCl cotransporter in DCT: NaCl cotransporter mediates NaCl reabsorption in DCT",Cell,proximal straight tubule,proximal straight tubule,UBERON:0001290,kidney proximal straight tubule epithelial cell,kidney proximal convoluted tubule epithelial cell,CL:1000838,,mediates,X reabsorption to Y,NaCl,blood,,,Cellular,minutes,Serum Cl⁻,Chloride [Moles/volume] in Serum or Plasma,2075-0,Urine Cl⁻,Vinyl chloride [Mass/volume] in Urine,13640-8,Plasma osmolality,	Osmolality of Serum or Plasma,	2692-2,,,,Na⁺ transport,,,RAAS,,,,,,,,,"Mulroney & Myers, Netter’s Essential Physiology",ISBN 978-0-323-69463-8,18,,,,,,,,,
urinary system,renal system process,GO:0003014,Homeostasis,homeostatic process,GO:0042592,Dilution mechanisms,,,Free water excretion,renal water homeostasis,GO:0003091,,,,,,,,,,,,,Gradient disruption with volume expansion; diuresis,Low ADH; high DTL/TAL flow washes out gradient (diuresis): Low ADH reduces water reabsorption,Cell,kidney loop of Henle epithelial cell,loop of Henle,UBERON:0001288,kidney loop of Henle epithelial cell,kidney loop of Henle epithelial cell,CL:1000909,ADH,decreases,X reabsorption to Y,water,blood,,Systemic,Systemic,hours,Uosm/Posm ratio,Osmolality.urine/Osmolality.serum,48149-9,Free water clearance (CH₂O),Free water Clearance in Urine and Serum or Plasma,99063-0,Urine flow (mL/min),	Mean urine flow by Uroflowmetry,	80522-6,,,,ANP,,,Decreased ADH,,,,,,,,,"Mulroney & Myers, Netter’s Essential Physiology",ISBN 978-0-323-69463-8,"19, 20",,,,,,,,,
urinary system,renal system process,GO:0003014,Homeostasis,homeostatic process,GO:0042592,Dilution mechanisms,,,Free water excretion,renal water homeostasis,GO:0003091,,,,,,,,,,,,,Gradient disruption with volume expansion; diuresis,Low ADH; high DTL/TAL flow washes out gradient (diuresis): High DTL flow washes out medullary gradient,Cell,kidney loop of Henle epithelial cell,loop of Henle,UBERON:0001288,kidney loop of Henle epithelial cell,kidney loop of Henle epithelial cell,CL:1000909,,decreases,X formation,medullary osmotic gradient,,,,Systemic,hours,Uosm/Posm ratio,Osmolality.urine/Osmolality.serum,48149-9,Free water clearance (CH₂O),Free water Clearance in Urine and Serum or Plasma,99063-0,Urine flow (mL/min),	Mean urine flow by Uroflowmetry,	80522-6,,,,ANP,,,Decreased ADH,,,,,,,,,"Mulroney & Myers, Netter’s Essential Physiology",ISBN 978-0-323-69463-8,"19, 20",,,,,,,,,
urinary system,renal system process,GO:0003014,Homeostasis,homeostatic process,GO:0042592,Dilution mechanisms,,,Free water excretion,renal water homeostasis,GO:0003091,,,,,,,,,,,,,Gradient disruption with volume expansion; diuresis,Low ADH; high DTL/TAL flow washes out gradient (diuresis): High TAL flow washes out medullary gradient,Cell,kidney loop of Henle epithelial cell,loop of Henle,UBERON:0001288,kidney loop of Henle epithelial cell,kidney loop of Henle epithelial cell,CL:1000909,,decreases,,medullary osmotic gradient,,,,Systemic,hours,Uosm/Posm ratio,Osmolality.urine/Osmolality.serum,48149-9,Free water clearance (CH₂O),Free water Clearance in Urine and Serum or Plasma,99063-0,Urine flow (mL/min),	Mean urine flow by Uroflowmetry,	80522-6,,,,ANP,,,Decreased ADH,,,,,,,,,"Mulroney & Myers, Netter’s Essential Physiology",ISBN 978-0-323-69463-8,"19, 20",,,,,,,,,
urinary system,renal system process,GO:0003014,Homeostasis,homeostatic process,GO:0042592,Electrolyte Balance,,,Na⁺ reabsorption (bulk),renal sodium ion absorption,GO:0070294,,,,,,,,,,,,,65–70% of filtered Na⁺ and water reabsorbed,Na⁺/H⁺ exchange and Na⁺-solute cotransport; water follows osmotically: Na⁺/H⁺ exchanger exchanges ions,Cell,proximal straight tubule,proximal straight tubule,UBERON:0001290,kidney proximal straight tubule epithelial cell,kidney proximal convoluted tubule epithelial cell,CL:1000838,,does,X formation,Na⁺/H⁺,ions,,,Systemic,minutes,FENa (%),Fractional excretion of sodium [Ratio] in Urine and Serum or Plasma,49135-7,Urine osmolality (mOsm/kg),Osmolality of Urine,2695-5,Urine Na⁺ (mEq/L),Sodium [Measurement] in Urine,111466-9,,,,Acid–base (H⁺ secretion),,,RAAS (Ang II),,,,,,,,,"Mulroney & Myers, Netter’s Essential Physiology",ISBN 978-0-323-69463-8,18,,,,,,,,,
urinary system,renal system process,GO:0003014,Homeostasis,homeostatic process,GO:0042592,Electrolyte Balance,,,Na⁺ reabsorption (bulk),renal sodium ion absorption,GO:0070294,,,,,,,,,,,,,65–70% of filtered Na⁺ and water reabsorbed,Na⁺/H⁺ exchange and Na⁺-solute cotransport; water follows osmotically: Na⁺-solute cotransporter cotransports solutes,Cell,proximal straight tubule,proximal straight tubule,UBERON:0001290,kidney proximal straight tubule epithelial cell,kidney proximal convoluted tubule epithelial cell,CL:1000838,,does,X cotransportation with Y,Na⁺,solutes,,,Systemic,minutes,FENa (%),Fractional excretion of sodium [Ratio] in Urine and Serum or Plasma,49135-7,Urine osmolality (mOsm/kg),Osmolality of Urine,2695-5,Urine Na⁺ (mEq/L),Sodium [Measurement] in Urine,111466-9,,,,Acid–base (H⁺ secretion),,,RAAS (Ang II),,,,,,,,,"Mulroney & Myers, Netter’s Essential Physiology",ISBN 978-0-323-69463-8,18,,,,,,,,,
urinary system,renal system process,GO:0003014,Homeostasis,homeostatic process,GO:0042592,Electrolyte Balance,,,Na⁺ reabsorption (bulk),renal sodium ion absorption,GO:0070294,,,,,,,,,,,,,65–70% of filtered Na⁺ and water reabsorbed,Na⁺/H⁺ exchange and Na⁺-solute cotransport; water follows osmotically: Water follows osmotic gradient,Cell,proximal straight tubule,proximal straight tubule,UBERON:0001290,kidney proximal straight tubule epithelial cell,kidney proximal convoluted tubule epithelial cell,CL:1000838,,does,X reabsorption to Y,water,tubule,,,Systemic,minutes,FENa (%),Fractional excretion of sodium [Ratio] in Urine and Serum or Plasma,49135-7,Urine osmolality (mOsm/kg),Osmolality of Urine,2695-5,Urine Na⁺ (mEq/L),Sodium [Measurement] in Urine,111466-9,,,,Acid–base (H⁺ secretion),,,RAAS (Ang II),,,,,,,,,"Mulroney & Myers, Netter’s Essential Physiology",ISBN 978-0-323-69463-8,18,,,,,,,,,
urinary system,renal system process,GO:0003014,Homeostasis,homeostatic process,GO:0042592,Electrolyte balance,,,H⁺/K⁺ exchange,renal potassium excretion,GO:0036359,,,,,,,,,,,,,H⁺/K⁺ ATPase physiology,α-IC cells secrete H⁺ while reabsorbing K⁺: α-IC cell secretes H⁺,Cell,Collecting duct,kidney collecting duct epithelium,UBERON:0014388,kidney collecting duct epithelial cell,kidney collecting duct epithelial cell,CL:1000454,,does,X secretion to Y,H⁺,urine,,,Systemic,minutes,Plasma K⁺,Potassium [Measurement] in Serum or Plasma,108797-2,Blood pH,pH of Blood,	11558-4,Urine K⁺,Potassium [Measurement] in Urine,111459-4,,,,Acid–base,,,Aldosterone,,,,,,,,,"Mulroney & Myers, Netter’s Essential Physiology",ISBN 978-0-323-69463-8,21,,,,,,,,,
urinary system,renal system process,GO:0003014,Homeostasis,homeostatic process,GO:0042592,Electrolyte balance,,,H⁺/K⁺ exchange,renal potassium excretion,GO:0036359,,,,,,,,,,,,,H⁺/K⁺ ATPase physiology,α-IC cells secrete H⁺ while reabsorbing K⁺: α-IC cell reabsorbs K⁺,Cell,Collecting duct,kidney collecting duct epithelium,UBERON:0014388,kidney collecting duct epithelial cell,kidney collecting duct epithelial cell,CL:1000454,,does,X reabsorption to Y,K⁺,blood,,,Systemic,minutes,Plasma K⁺,Potassium [Measurement] in Serum or Plasma,108797-2,Blood pH,pH of Blood,	11558-4,Urine K⁺,Potassium [Measurement] in Urine,111459-4,,,,Acid–base,,,Aldosterone,,,,,,,,,"Mulroney & Myers, Netter’s Essential Physiology",ISBN 978-0-323-69463-8,21,,,,,,,,,
urinary system,renal system process,GO:0003014,Homeostasis,homeostatic process,GO:0042592,Electrolyte balance,,,Organic anion secretion,,,,,,,,,,,,,,,Organic acid handling,"PAH, oxalate, sulfate secreted in PT: PAH is secreted by PT",Cell,Proximal tubule,renal cortex tubule,UBERON:0006853,proximal tubule epithelial cell,epithelial cell of proximal tubule,CL:0002306,,does,X secretion to Y,PAH,urine,,,Systemic,minutes,PAH clearance,Para aminohippurate renal clearance in 24 hour Urine and Serum or Plasma,2723-5,,,,,,,,,,"Other organic anions (e.g., penicillin, probenecid) compete for OAT",,,,,,,,,,,,"Mulroney & Myers, Netter’s Essential Physiology",ISBN 978-0-323-69463-8,18,,,,,,,,,
urinary system,renal system process,GO:0003014,Homeostasis,homeostatic process,GO:0042592,Electrolyte balance,,,Organic anion secretion,,,,,,,,,,,,,,,Organic acid handling,"PAH, oxalate, sulfate secreted in PT: PAH is secreted by PT",Cell,Proximal tubule,renal cortex tubule,UBERON:0006853,proximal tubule epithelial cell,epithelial cell of proximal tubule,CL:0002306,,does,X extraction from Y,PAH,blood,80%–90% of PAH,,Systemic,minutes,PAH clearance,Para aminohippurate renal clearance in 24 hour Urine and Serum or Plasma,2723-5,,,,,,,,,,"Other organic anions (e.g., penicillin, probenecid) compete for OAT",,,,,,,,,,,,"Mulroney & Myers, Netter’s Essential Physiology",ISBN 978-0-323-69463-8,18,,,,,,,,,
urinary system,renal system process,GO:0003014,Homeostasis,homeostatic process,GO:0042592,Electrolyte balance,,,Organic anion secretion,,,,,,,,,,,,,,,Organic acid handling,"PAH, oxalate, sulfate secreted in PT: Oxalate is secreted by PT",Cell,Proximal tubule,renal cortex tubule,UBERON:0006853,proximal tubule epithelial cell,epithelial cell of proximal tubule,CL:0002306,,does,X secretion,Oxalate,urine,Coupled with Na⁺-SO₄²⁻ cotransport,,Systemic,minutes,Urinary oxalate,Oxalate [Measurement] in Urine,111445-3,,,,,,,,,,NHE3 activity,,,SLC26A6 binding to PDZK1,,,,,,,,,"Mulroney & Myers, Netter’s Essential Physiology",ISBN 978-0-323-69463-8,18,,,,,,,,,
urinary system,renal system process,GO:0003014,Homeostasis,homeostatic process,GO:0042592,Electrolyte balance,,,Organic anion secretion,,,,,,,,,,,,,,,Organic acid handling,"PAH, oxalate, sulfate secreted in PT: Oxalate is secreted by PT",Cell,Proximal tubule,renal cortex tubule,UBERON:0006853,proximal tubule epithelial cell,epithelial cell of proximal tubule,CL:0002306,α-ketoglutarate gradient,does,X secretion,Oxalate,blood,α-ketoglutarate exchange,Intra-organ,Segmental (intra-organ),minutes,Urinary oxalate,Oxalate [Measurement] in Urine,111445-3,,,,,,,,,,,,,,,,,,,,,,"Mulroney & Myers, Netter’s Essential Physiology",ISBN 978-0-323-69463-8,18,,,,,,,,,
urinary system,renal system process,GO:0003014,Homeostasis,homeostatic process,GO:0042592,Electrolyte balance,,,Organic anion secretion,,,,,,,,,,,,,,,Organic acid handling,"PAH, oxalate, sulfate secreted in PT: Sulfate is secreted by PT",Cell,Proximal tubule,renal cortex tubule,UBERON:0006853,proximal tubule epithelial cell,epithelial cell of proximal tubule,CL:0002306,,does,X secretion,Sulfate,urine,,,Segmental (intra-organ),minutes,urinary sulfate,Heparan sulfate [Presence] in Urine,2405-9,,,,,,,,,,,,,,,,,,,,,,"Mulroney & Myers, Netter’s Essential Physiology",ISBN 978-0-323-69463-8,18,,,,,,,,,
urinary system,renal system process,GO:0003014,Homeostasis,homeostatic process,GO:0042592,Electrolyte balance,,,Organic anion secretion,,,,,,,,,,,,,,,Organic acid handling,"PAH, oxalate, sulfate secreted in PT: Sulfate is secreted by PT",Cell,Proximal tubule,renal cortex tubule,UBERON:0006853,proximal tubule epithelial cell,epithelial cell of proximal tubule,CL:0002306,Na⁺ gradient,does,X extraction from Y,Sulfate,blood,,Intra-organ,Cellular,minutes,urinary sulfate,Heparan sulfate [Presence] in Urine,2405-9,,,,,,,,,,,,,,,,,,,,,,"Mulroney & Myers, Netter’s Essential Physiology",ISBN 978-0-323-69463-8,18,,,,,,,,,
urinary system,renal system process,GO:0003014,Homeostasis,homeostatic process,GO:0042592,Electrolyte balance,,,Intrarenal dopamine,,,,,,,,,,,,,,,Local natriuretic factor,Dopamine promotes natriuresis in PT/CD: Dopamine promotes natriuresis in PT/CD,Cell,Proximal tubule,renal cortex tubule,UBERON:0006853,proximal tubule epithelial cell,kidney collecting duct epithelial cell,CL:1000454,Dopamine,increases,X excretion,Na⁺,,,Intra-organ,Organ (intra-organ),minutes-hours,Plasma dopamine,DOPamine [Moles/volume] in Serum or Plasma,14703-3,Urine Na⁺,Sodium [Measurement] in Urine,111466-9,,,,,,,CV,,,SNS,,,,,,,,,"Mulroney & Myers, Netter’s Essential Physiology",ISBN 978-0-323-69463-8,20,,,,,,,,,
urinary system,renal system process,GO:0003014,Homeostasis,homeostatic process,GO:0042592,Electrolyte balance,,,ROMK recycling in TAL,,,,,,,,,,,,,,,Provides driving force,K⁺ recycling drives lumen +ve voltage: K⁺ recycling drives lumen +ve voltage,Cell,kidney loop of Henle epithelial cell,loop of Henle,UBERON:0001288,kidney loop of Henle epithelial cell,kidney loop of Henle epithelial cell,CL:1000909,K⁺,increases,X generation,lumen-positive voltage ,,,Intra-organ,Segmental (intra-organ),seconds-minutes,Urinary K⁺,Potassium [Measurement] in Urine,111459-4,Plasma K⁺,Potassium [Measurement] in Serum or Plasma,108797-2,,,,,,,Mg²⁺ paracellular,,,Ca²⁺ paracellular,,,,,,,,,"Mulroney & Myers, Netter’s Essential Physiology",ISBN 978-0-323-69463-8,19,,,,,,,,,
urinary system,renal system process,GO:0003014,Homeostasis,homeostatic process,GO:0042592,Electrolyte fine-tuning,,,NaCl reabsorption (DCT),,,,,,,,,,,,,,,~4% Na⁺; pharmacology and regulation,Thiazide-sensitive NaCl cotransporter mediates NaCl reabsorption: Thiazide-sensitive NaCl cotransporter mediates NaCl reabsorption,Cell,DCT,distal convoluted tubule,UBERON:0001292,epithelial cell of distal tubule,epithelial cell of distal tubule,CL:0002305,,mediates,X reabsorption,NaCl,,,,Segmental (intra-organ),minutes,Plasma Na⁺,Potassium [Measurement] in Serum or Plasma,108797-2,Urinary Na⁺,Sodium [Measurement] in Urine,111466-9,BP,First Blood pressure Set,18684-1,,,,Aldosterone (late distal),,,ANP,,,,,,,,,"Mulroney & Myers, Netter’s Essential Physiology",ISBN 978-0-323-69463-8,"18, 20",,,,,,,,,
urinary system,renal system process,GO:0003014,Growth & Maintenance,metabolic process,GO:0008152,Endocrine conversion,,,"1,25(OH)₂D synthesis",,,,,,,,,,,,,,,Links to bone and intestinal Ca/PO₄ balance,"Proximal tubule 1α-hydroxylase converts 25(OH)D→1,25(OH)₂D: Proximal tubule converts 25(OH)D – leads to – 1,25(OH)₂D",Cell,proximal straight tubule,proximal straight tubule,UBERON:0001290,kidney proximal straight tubule epithelial cell,kidney proximal convoluted tubule epithelial cell,CL:1000838,,does,X convertion to Y,25(OH)D,"1,25(OH)₂D",,,Segmental (intra-organ),days,"1,25(OH)₂D (pg/mL)","1,25-Dihydroxyvitamin D [Mass/volume] in Serum or Plasma",	62290-2,"Calcium, phosphate",Calcium/Phosphate [Mass Ratio] in Serum or Plasma,16525-8,PTH,	Parathyrin related protein [Mass/volume] in Serum or Plasma,	2729-2,,,,Endocrine (PTH),,,GI absorption,,,,,,,,,"Mulroney & Myers, Netter’s Essential Physiology",ISBN 978-0-323-69463-8,"17, 18",,,,,,,,,
urinary system,renal system process,GO:0003014,Growth & Maintenance,metabolic process,GO:0008152,Endocrine production,,,Erythropoietin,,,,,,,,,,,,,,,Kidney endocrine roles overview,Cortical interstitial fibroblasts produce EPO under hypoxia: Cortical interstitial fibroblasts – produce – EPO,Cell,Cortex,cortex of kidney,UBERON:0001186,Cortical fibroblasts,renal cortical fibroblast,CL:4030025,,does,X production,EPO,,,,Organ (intra-organ),days,Serum EPO,Erythropoietin (EPO) [Measurement] in Serum or Plasma,108713-9,Hemoglobin/Hct,Hemoglobin and Hematocrit panel - Blood,24360-0,,,,,,,Hematopoiesis,,,,,,,,,,,,"Mulroney & Myers, Netter’s Essential Physiology",ISBN 978-0-323-69463-8,17,,,,,,,,,
urinary system,renal system process,GO:0003014,Growth & Maintenance,metabolic process,GO:0008152,Endocrine production,,,Erythropoietin,,,,,,,,,,,,,,,Kidney endocrine roles overview,Cortical interstitial fibroblasts produce EPO under hypoxia: Hypoxia – stimulates – EPO production,Cell,Cortex,cortex of kidney,UBERON:0001186,Cortical fibroblasts,renal cortical fibroblast,CL:4030025,Hypoxia,stimulates,X production,EPO,,,Intra-organ,Organ (intra-organ),days,Serum EPO,Erythropoietin (EPO) [Measurement] in Serum or Plasma,108713-9,Hemoglobin/Hct,Hemoglobin and Hematocrit panel - Blood,24360-0,,,,,,,Hematopoiesis,,,,,,,,,,,,"Mulroney & Myers, Netter’s Essential Physiology",ISBN 978-0-323-69463-8,17,,,,,,,,,
urinary system,renal system process,GO:0003014,Homeostasis,homeostatic process,GO:0042592,Endocrine regulation,,,ANP-mediated natriuresis,,,,,,,,,,,,,,,Volume expansion natriuresis,"ANP dilates afferent, constricts efferent → ↑ GFR & Na⁺ excretion: ANP dilates afferent– leads to – ↑ GFR & Na⁺ excretion",Cell,heart,heart,UBERON:0000948,Atrial  myocyte,regular atrial cardiac myocyte,CL:0002129,,does,regulation of X,ANP release,,,,Systemic,minutes-hours,Plasma ANP,Natriuretic peptide B [Measurement] in Serum or Plasma,108862-4,Urinary Na⁺,Sodium [Measurement] in Urine,111466-9,BP,First Blood pressure Set,18684-1,,,,CV (atria),,,RAAS (antagonism),,,,,,,,,"Mulroney & Myers, Netter’s Essential Physiology",ISBN 978-0-323-69463-8,20,,,,,,,,,
urinary system,renal system process,GO:0003014,Homeostasis,homeostatic process,GO:0042592,Endocrine regulation,,,ANP-mediated natriuresis,,,,,,,,,,,,,,,Volume expansion natriuresis,"ANP dilates afferent, constricts efferent → ↑ GFR & Na⁺ excretion: ANP dilates afferent– leads to – ↑ GFR & Na⁺ excretion",Cell,Afferent/efferent arterioles,kidney arterial blood vessel,UBERON:0003644,kidney arterial blood vessel cell,kidney arterial blood vessel cell,CL:1000891,ANP,does,regulation of X,afferent aterole dilation,,,Systemic,Systemic,minutes-hours,Plasma ANP,Natriuretic peptide B [Measurement] in Serum or Plasma,108862-4,Urinary Na⁺,Sodium [Measurement] in Urine,111466-9,BP,First Blood pressure Set,18684-1,,,,CV (atria),,,RAAS (antagonism),,,,,,,,,"Mulroney & Myers, Netter’s Essential Physiology",ISBN 978-0-323-69463-8,20,,,,,,,,,
urinary system,renal system process,GO:0003014,Homeostasis,homeostatic process,GO:0042592,Endocrine regulation,,,ANP-mediated natriuresis,,,,,,,,,,,,,,,Volume expansion natriuresis,"ANP dilates afferent, constricts efferent → ↑ GFR & Na⁺ excretion: ANP constricts efferent – leads to – ↑ GFR & Na⁺ excretion",Organ,kidney,kidney,UBERON:0002113,kidney,kidney,UBERON:0002113,ANP,does,X constriction,efferent aterole,,,Systemic,Systemic,minutes-hours,Plasma ANP,Natriuretic peptide B [Measurement] in Serum or Plasma,108862-4,Urinary Na⁺,Sodium [Measurement] in Urine,111466-9,BP,First Blood pressure Set,18684-1,,,,CV (atria),,,RAAS (antagonism),,,,,,,,,"Mulroney & Myers, Netter’s Essential Physiology",ISBN 978-0-323-69463-8,20,,,,,,,,,
urinary system,renal system process,GO:0003014,Homeostasis,homeostatic process,GO:0042592,Endocrine regulation,,,ANP-mediated natriuresis,,,,,,,,,,,,,,,Volume expansion natriuresis,"ANP dilates afferent, constricts efferent → ↑ GFR & Na⁺ excretion: ANP dilates afferent– leads to – ↑ GFR & Na⁺ excretion",Organ,kidney,kidney,UBERON:0002113,kidney,kidney,UBERON:0002113,ANP,increases,X filtration,blood,,,Systemic,Systemic,minutes-hours,Plasma ANP,Natriuretic peptide B [Measurement] in Serum or Plasma,108862-4,Urinary Na⁺,Sodium [Measurement] in Urine,111466-9,BP,First Blood pressure Set,18684-1,,,,CV (atria),,,RAAS (antagonism),,,,,,,,,"Mulroney & Myers, Netter’s Essential Physiology",ISBN 978-0-323-69463-8,20,,,,,,,,,
urinary system,renal system process,GO:0003014,Homeostasis,homeostatic process,GO:0042592,Endocrine regulation,,,ANP-mediated natriuresis,,,,,,,,,,,,,,,Volume expansion natriuresis,"ANP dilates afferent, constricts efferent → ↑ GFR & Na⁺ excretion: ANP constricts efferent – leads to – ↑ GFR & Na⁺ excretion",Organ,kidney,kidney,UBERON:0002113,kidney,kidney,UBERON:0002113,ANP,increases,X excretion to Y,Na⁺,urine,,Systemic,Systemic,minutes-hours,Plasma ANP,Natriuretic peptide B [Measurement] in Serum or Plasma,108862-4,Urinary Na⁺,Sodium [Measurement] in Urine,111466-9,BP,First Blood pressure Set,18684-1,,,,CV (atria),,,RAAS (antagonism),,,,,,,,,"Mulroney & Myers, Netter’s Essential Physiology",ISBN 978-0-323-69463-8,20,,,,,,,,,
urinary system,renal system process,GO:0003014,Homeostasis,homeostatic process,GO:0042592,Filtration regulation,negative regulation of glomerular filtration,GO:0003105,Autoregulation,negative regulation of glomerular filtration,GO:0003105,Myogenic response,,,,,,,,,,,,Maintains GFR across 80–180 mmHg,Afferent arteriole constricts when pressure ↑: Afferent arteriole – constricts – in response to pressure ↑,Tissue,kidney,kidney,UBERON:0002113,renal glomerulus vasculature,renal glomerulus vasculature,UBERON:0004190,pressure,increases,X constriction,Afferent arteriole,,,Circulatory,Circulatory,seconds,Renal blood flow (RBF),Blood flow rate Renal replacement therapy circuit,99711-4,MAP (mmHg),Mean arterial pressure formula Narrative,107142-2,,,,,,,CV (BP control),,,,,,,,,,,,"Mulroney & Myers, Netter’s Essential Physiology",ISBN 978-0-323-69463-8,17,,,,,,,,,
urinary system,renal system process,GO:0003014,Homeostasis,homeostatic process,GO:0042592,Filtration regulation,negative regulation of glomerular filtration,GO:0003105,Tubuloglomerular feedback,negative regulation of glomerular filtration,GO:0003105,,,,,,,,,,,,,Key autoregulatory loop,"Macula densa senses NaCl, adjusts afferent tone: Macula densa – senses – NaCl",Cell,juxtaglomerular apparatus,juxtaglomerular apparatus,UBERON:0002303,Macula densa cells,macula densa epithelial cell,CL:1000850,,does,X sensation,NaCl,,,,Segmental (intra-organ),seconds-minutes,GFR,"Glomerular filtration rate [Volume Rate/Area] in Serum, Plasma or Blood by Creatinine, Cystatin C and Urea-based formula (CKiD)/1.73 sq M",102097-3,Plasma renin activity,Complement functional activity [Units/volume] in Serum or Plasma by Immunoassay,58462-3,,,,,,,RAAS,,,Sympathetic nerves,,,,,,,,,"Mulroney & Myers, Netter’s Essential Physiology",ISBN 978-0-323-69463-8,17,,,,,,,,,
urinary system,renal system process,GO:0003014,Homeostasis,homeostatic process,GO:0042592,Filtration regulation,negative regulation of glomerular filtration,GO:0003105,Tubuloglomerular feedback,negative regulation of glomerular filtration,GO:0003105,,,,,,,,,,,,,Key autoregulatory loop,"Macula densa senses NaCl, adjusts afferent tone: Macula densa – adjusts – afferent tone",Organ,kidney,kidney,UBERON:0002113,kidney,kidney,UBERON:0002113,,does,X adjustion,afferent arteriole tone,,,,Segmental (intra-organ),seconds-minutes,GFR,"Glomerular filtration rate [Volume Rate/Area] in Serum, Plasma or Blood by Creatinine, Cystatin C and Urea-based formula (CKiD)/1.73 sq M",102097-3,Plasma renin activity,Complement functional activity [Units/volume] in Serum or Plasma by Immunoassay,58462-3,,,,,,,RAAS,,,Sympathetic nerves,,,,,,,,,"Mulroney & Myers, Netter’s Essential Physiology",ISBN 978-0-323-69463-8,17,,,,,,,,,
urinary system,renal system process,GO:0003014,Homeostasis,homeostatic process,GO:0042592,Filtration regulation,negative regulation of glomerular filtration,GO:0003105,Mesangial cell contractility,negative regulation of glomerular filtration,GO:0003105,,,,,,,,,,,,,Mesangial cell role in Kf,Alters surface area available for filtration: Mesangial cells – alter – filtration surface area,Organ,kidney,kidney,UBERON:0002113,kidney,kidney,UBERON:0002113,,does,X alteration,glomerular capillaries,,,,Organ (intra-organ),seconds-minutes,,,,,,,,,,,,,,,,,,,,,,,,,"Mulroney & Myers, Netter’s Essential Physiology",ISBN 978-0-323-69463-8,17,,,,,,,,,
urinary system,renal system process,GO:0003014,Homeostasis,homeostatic process,GO:0042592,Filtration regulation,negative regulation of glomerular filtration,GO:0003105,Glomerulotubular Balance,negative regulation of glomerular filtration,GO:0003105,,,,,,,,,,,,,GTB Sense filtered load change,Glomerulotubular Balance: GTB Sense filtered load change,Organ,kidney,kidney,UBERON:0002113,kidney,kidney,UBERON:0002113,↑Filtered load (↑GFR),increases,X reabsorption,Proximal Na & water ,,,Circulatory,Circulatory,milliseconds,GFR,"Glomerular filtration rate [Volume Rate/Area] in Serum, Plasma or Blood by Creatinine, Cystatin C and Urea-based formula (CKiD)/1.73 sq M",102097-3,FeNa,Fractional excretion of sodium [Ratio] in Urine and Serum or Plasma,49135-7,,,,,,,,,,,,,,,,,,,"Mulroney & Myers, Netter’s Essential Physiology",ISBN 978-0-323-69463-8,17,,,,,,,,,
urinary system,renal system process,GO:0003014,Homeostasis,homeostatic process,GO:0042592,Filtration regulation,negative regulation of glomerular filtration,GO:0003105,Glomerulotubular Balance,negative regulation of glomerular filtration,GO:0003105,,,,,,,,,,,,,GTB Increase gradient for reabsorption,Acute saline expansion blunts GTB: GTB Increase gradient for reabsorption,Organ,kidney,kidney,UBERON:0002113,kidney,kidney,UBERON:0002113,↓Plasma protein,decreases,X reabsorption,Proximal Na & water ,,,Circulatory,Circulatory,seconds,UNa,Sodium [Measurement] in Stool,111263-0,FeNa,Fractional excretion of sodium [Ratio] in Urine and Serum or Plasma,49135-7,,,,,,,,,,,,,,,,,,,"Mulroney & Myers, Netter’s Essential Physiology",ISBN 978-0-323-69463-8,17,,,,,,,,,
urinary system,renal system process,GO:0003014,Homeostasis,homeostatic process,GO:0042592,Filtration regulation,negative regulation of glomerular filtration,GO:0003105,Glomerulotubular Balance,negative regulation of glomerular filtration,GO:0003105,,,,,,,,,,,,,GTB Favor fluid reuptake to capillaries,Iso-oncotic expansion: GTB Favor fluid reuptake to capillaries,Organ,kidney,kidney,UBERON:0002113,kidney,kidney,UBERON:0002113,↑Pc,decreases,X reabsorption,Proximal Na & water ,,,Circulatory,Circulatory,seconds,UNa,Sodium [Measurement] in Stool,111263-0,FeNa,Fractional excretion of sodium [Ratio] in Urine and Serum or Plasma,49135-7,,,,,,,,,,,,,,,,,,,"Mulroney & Myers, Netter’s Essential Physiology",ISBN 978-0-323-69463-8,17,,,,,,,,,
urinary system,renal system process,GO:0003014,Homeostasis,homeostatic process,GO:0042592,Filtration regulation,negative regulation of glomerular filtration,GO:0003105,Glomerulotubular Balance,negative regulation of glomerular filtration,GO:0003105,,,,,,,,,,,,,GTB Drive water & Na⁺ back into blood,Hyperoncotic expansion: GTB Drive water & Na⁺ back into blood,Organ,kidney,kidney,UBERON:0002113,kidney,kidney,UBERON:0002113,↑πc,increases,X reabsorption,Proximal Na & water ,,,Circulatory,Circulatory,seconds-minutes,UNa,Sodium [Measurement] in Stool,111263-0,FeNa,Fractional excretion of sodium [Ratio] in Urine and Serum or Plasma,49135-7,,,,,,,Albumin,,,,,,,,,,,,"Mulroney & Myers, Netter’s Essential Physiology",ISBN 978-0-323-69463-8,17,,,,,,,,,
urinary system,renal system process,GO:0003014,Homeostasis,homeostatic process,GO:0042592,Filtration regulation,negative regulation of glomerular filtration,GO:0003105,Glomerulotubular Balance,negative regulation of glomerular filtration,GO:0003105,,,,,,,,,,,,,GTB Increase passive Na⁺ & water return,Interstitial pressure ↑: GTB Increase passive Na⁺ & water return,Organ,kidney,kidney,UBERON:0002113,kidney,kidney,UBERON:0002113,↑Pi,decreases,X reabsorption,Proximal Na & water ,,,Circulatory,Circulatory,minutes,UNa,Sodium [Measurement] in Stool,111263-0,FeNa,Fractional excretion of sodium [Ratio] in Urine and Serum or Plasma,49135-7,,,,,,,,,,,,,,,,,,,"Mulroney & Myers, Netter’s Essential Physiology",ISBN 978-0-323-69463-8,17,,,,,,,,,
urinary system,renal system process,GO:0003014,Homeostasis,homeostatic process,GO:0042592,Filtration regulation,negative regulation of glomerular filtration,GO:0003105,Glomerulotubular Balance,negative regulation of glomerular filtration,GO:0003105,,,,,,,,,,,,,GTB Maintain constant proportion reabsorption,Paracellular transport modulation: GTB Maintain constant proportion reabsorption,Organ,kidney,kidney,UBERON:0002113,kidney,kidney,UBERON:0002113,Starling force changes,mediates,X bidirectional paracellular transport adjustion,Proximal Na & water ,,,Circulatory,Circulatory,minutes,,,,,,,,,,,,,,,,,,,,,,,,,"Mulroney & Myers, Netter’s Essential Physiology",ISBN 978-0-323-69463-8,17,,,,,,,,,
urinary system,renal system process,GO:0003014,Homeostasis,homeostatic process,GO:0042592,Filtration regulation,negative regulation of glomerular filtration,GO:0003105,Transport Maximun,negative regulation of glomerular filtration,GO:0003105,,,,,,,,,,,,,Active reabsorption of glucose by renal tubules,"Carrier-mediated glucose transport in proximal tubule; limited by saturation (Transport Maximum, Tm): Carrier-mediated transporter limited glucose transport by saturation ",Organ,kidney,kidney,UBERON:0002113,kidney,kidney,UBERON:0002113,transport maximum,decreases,X reabsorption to Y,glucose,blood,transport threshold =350mg/fl,Intra-organ,Organ (intra-organ),minutes-hours,Plasma glucose (mg/dL),Glucose [Measurement] in Serum or Plasma,110283-9,,,,,,,,,,,,,,,,,,,,,,"High-Yield Physiology, 1st edition. Dudek, 2008.",ISBN: 978-0781745871,16,,,,,,,,,
urinary system,renal system process,GO:0003014,Homeostasis,homeostatic process,GO:0042592,Fluid & Electrolyte Balance,glomerular filtration,GO:0003094,Glomerular filtration,glomerular filtration,GO:0003094,,,,,,,,,,,,,"Overview of RBF, filtration fraction, Starling forces",Size- and charge-selective filtration of plasma water/solutes into Bowman’s space: Glomerular filtration barrier – filters – plasma water/solutes,Organ,kidney,kidney,UBERON:0002113,kidney,kidney,UBERON:0002113,,does,X filteration to Y,plasma water and solutes,urine,,,Circulatory,seconds,GFR (mL/min),"Glomerular filtration rate [Volume Rate/Area] in Serum, Plasma or Blood by Creatinine, Cystatin C and Urea-based formula (CKiD)/1.73 sq M",102097-3,Serum creatinine (mg/dL),Creatinine [Moles/volume] in Serum or Plasma by LC/MS/MS,103616-9,Cystatin C (mg/L),Cystatin C [Measurement] in Urine,108408-6,,,,Cardiovascular (renal blood flow),,,RAAS,,,,,,,,,"Mulroney & Myers, Netter’s Essential Physiology",ISBN 978-0-323-69463-8,17,,,,,,,,,
urinary system,renal system process,GO:0003014,Homeostasis,homeostatic process,GO:0042592,Fluid & Electrolyte Balance,glomerular filtration,GO:0003094,Glomerular filtration,glomerular filtration,GO:0003094,,,,,,,,,,,,,"Overview of RBF, filtration fraction, Starling forces",Size- and charge-selective filtration of plasma water/solutes into Bowman’s space: Filtration – selective for – size and charge,Cell,Glomerulus,renal glomerulus,UBERON:0000074,Podocytes,podocyte,CL:0000653,,does,X filtration selectivity,solutes,,,,Circulatory,seconds,GFR (mL/min),"Glomerular filtration rate [Volume Rate/Area] in Serum, Plasma or Blood by Creatinine, Cystatin C and Urea-based formula (CKiD)/1.73 sq M",102097-3,Serum creatinine (mg/dL),Creatinine [Moles/volume] in Serum or Plasma by LC/MS/MS,103616-9,Cystatin C (mg/L),Cystatin C [Measurement] in Urine,108408-6,,,,Cardiovascular (renal blood flow),,,RAAS,,,,,,,,,"Mulroney & Myers, Netter’s Essential Physiology",ISBN 978-0-323-69463-8,17,,,,,,,,,
urinary system,renal system process,GO:0003014,Homeostasis,homeostatic process,GO:0042592,Fluid & Electrolyte Balance,glomerular filtration,GO:0003094,Filtration dynamics,glomerular filtration,GO:0003094,Starling forces,,,,,,,,,,,,Starling forces & Kf govern filtration,"Balance of glomerular capillary hydrostatic pressure (P_gc), P_bs(Bowman’s space hydrostatic pressure), π_gc(glomerular capillary oncotic pressure) determines GFR: P_gc determine GFR; GFR=Kf​[(PGC​−PBS​)−(πGC​−πBS​)]",Organ,kidney,kidney,UBERON:0002113,renal afferent arteriole,renal afferent arteriole,UBERON:0004639,,does,regulation of X,Hydrostatic pressures stabilization,,,,Circulatory,milliseconds,GFR,"Glomerular filtration rate [Volume Rate/Area] in Serum, Plasma or Blood by Creatinine, Cystatin C and Urea-based formula (CKiD)/1.73 sq M",102097-3,Plasma oncotic pressure,Colloid oncotic pressure [Partial pressure] in Plasma,12186-3,,,,,,,"CV (BP, CO)",,,RAAS,,,,,,,,,"Mulroney & Myers, Netter’s Essential Physiology",ISBN 978-0-323-69463-8,17,,,,,,,,,
urinary system,renal system process,GO:0003014,Homeostasis,homeostatic process,GO:0042592,Fluid & Electrolyte Balance,glomerular filtration,GO:0003094,Filtration dynamics,glomerular filtration,GO:0003094,Starling forces,,,,,,,,,,,,Starling forces & Kf govern filtration,"Balance of glomerular capillary hydrostatic pressure (P_gc), P_bs(Bowman’s space hydrostatic pressure), π_gc(glomerular capillary oncotic pressure) determines GFR: P_gc determine GFR; GFR=Kf​[(PGC​−PBS​)−(πGC​−πBS​)]",Organ,kidney,kidney,UBERON:0002113,glomerular capillary,glomerular capillary,UBERON:0004212,Glomerular capillary hydrostatic pressure,increases,X filtration from Y,solutes,blood,Hydrostatic pressures,Circulatory,Circulatory,milliseconds,GFR,"Glomerular filtration rate [Volume Rate/Area] in Serum, Plasma or Blood by Creatinine, Cystatin C and Urea-based formula (CKiD)/1.73 sq M",102097-3,Plasma oncotic pressure,Colloid oncotic pressure [Partial pressure] in Plasma,12186-3,,,,,,,"CV (BP, CO)",,,RAAS,,,,,,,,,"Mulroney & Myers, Netter’s Essential Physiology",ISBN 978-0-323-69463-8,17,,,,,,,,,
urinary system,renal system process,GO:0003014,Homeostasis,homeostatic process,GO:0042592,Fluid & Electrolyte Balance,glomerular filtration,GO:0003094,Filtration dynamics,glomerular filtration,GO:0003094,Starling forces,,,,,,,,,,,,Starling forces & Kf govern filtration,"Balance of P_gc, P_bs, π_gc determines GFR: P_bs determine GFR; GFR=Kf​[(PGC​−PBS​)−(πGC​−πBS​)]",Organ,kidney,kidney,UBERON:0002113,glomerular capillary,glomerular capillary,UBERON:0004212,Bowman’s space hydrostatic pressure,decreases,X transport to Y,blood,glomerulus,Hydrostatic pressures,Circulatory,Circulatory,milliseconds,GFR,"Glomerular filtration rate [Volume Rate/Area] in Serum, Plasma or Blood by Creatinine, Cystatin C and Urea-based formula (CKiD)/1.73 sq M",102097-3,Plasma oncotic pressure,Colloid oncotic pressure [Partial pressure] in Plasma,12186-3,,,,,,,"CV (BP, CO)",,,RAAS,,,,,,,,,"Mulroney & Myers, Netter’s Essential Physiology",ISBN 978-0-323-69463-8,17,,,,,,,,,
urinary system,renal system process,GO:0003014,Homeostasis,homeostatic process,GO:0042592,Fluid & Electrolyte Balance,glomerular filtration,GO:0003094,Filtration dynamics,glomerular filtration,GO:0003094,Starling forces,,,,,,,,,,,,Starling forces & Kf govern filtration,"Balance of P_gc, P_bs, π_gc determines GFR: π_gc determine GFR; GFR=Kf​[(PGC​−PBS​)−(πGC​−πBS​)]",Organ,kidney,kidney,UBERON:0002113,glomerular capillary,glomerular capillary,UBERON:0004212,Glomerular capillary oncotic (colloid osmotic) pressure,decreases,X transport to Y,blood,glomerulus,oncotic pressure ,Circulatory,Circulatory,milliseconds,GFR,"Glomerular filtration rate [Volume Rate/Area] in Serum, Plasma or Blood by Creatinine, Cystatin C and Urea-based formula (CKiD)/1.73 sq M",102097-3,Plasma oncotic pressure,Colloid oncotic pressure [Partial pressure] in Plasma,12186-3,,,,,,,"CV (BP, CO)",,,RAAS,,,,,,,,,"Mulroney & Myers, Netter’s Essential Physiology",ISBN 978-0-323-69463-8,17,,,,,,,,,
urinary system,renal system process,GO:0003014,Homeostasis,homeostatic process,GO:0042592,Fluid regulation,glomerular filtration,GO:0003094,Filtration fraction,glomerular filtration,GO:0003094,,,,,,,,,,,,,Filtration fraction concept,fraction of renal plasma flow filtered by the glomeruli (~20%): Filtration fraction (FF)= glomerular filtration rate (GFR) / renal plasma flow (RPF),Organ,kidney,kidney,UBERON:0002113,kidney,kidney,UBERON:0002113,Renal plasma flow,determines,X transport to Y,plasma,glomerulus,,Circulatory,Circulatory,seconds,GFR (mL/min),"Glomerular filtration rate [Volume Rate/Area] in Serum, Plasma or Blood by Creatinine, Cystatin C and Urea-based formula (CKiD)/1.73 sq M",102097-3,RPF (mL/min),Renal clearance & Renal plasma flow panel,96403-1,Filtration fraction (%),Filtration Fraction in Urine and Serum or Plasma,96405-6,,,,CV system,,,RAAS,,,,,,,,,"Mulroney & Myers, Netter’s Essential Physiology",ISBN 978-0-323-69463-8,17,,,,,,,,,
urinary system,renal system process,GO:0003014,Homeostasis,homeostatic process,GO:0042592,Fluid regulation,glomerular filtration,GO:0003094,Filtration fraction,glomerular filtration,GO:0003094,,,,,,,,,,,,,Filtration fraction concept,Fraction of RPF filtered (∼20%) = GFR/RPF: GFR – equals – 20% of RPF; GFR=Kf​[(PGC​−PBS​)−(πGC​−πBS​)],Organ,kidney,kidney,UBERON:0002113,kidney,kidney,UBERON:0002113,filtrarion fractions,determines,X transport to Y,blood,efferent arteriole,,Circulatory,Circulatory,seconds,GFR (mL/min),"Glomerular filtration rate [Volume Rate/Area] in Serum, Plasma or Blood by Creatinine, Cystatin C and Urea-based formula (CKiD)/1.73 sq M",102097-3,RPF (mL/min),Renal clearance & Renal plasma flow panel,96403-1,Filtration fraction (%),Filtration Fraction in Urine and Serum or Plasma,96405-6,,,,CV system,,,RAAS,,,,,,,,,"Mulroney & Myers, Netter’s Essential Physiology",ISBN 978-0-323-69463-8,17,,,,,,,,,
urinary system,renal system process,GO:0003014,Homeostasis,homeostatic process,GO:0042592,Hemodynamics,regulation of blood volume by renal aldosterone,GO:0002017,Renal plasma flow,,,,,,,,,,,,,,,RPF measurement,Clearance of PAH approximates eRPF: PAH clearance – approximates – effective renal plasma flow (eRPF),Organ,kidney,kidney,UBERON:0002113,kidney,kidney,UBERON:0002113,,does,X clearance to Y,PAH,urine,,,Circulatory,minutes,RPF (mL/min),Renal clearance & Renal plasma flow panel,96403-1,PAH clearance,Para aminohippurate renal clearance in 24 hour Urine and Serum or Plasma,2723-5,Hematocrit (%),Hematocrit/Hemoglobin [Ratio] of Blood by Automated count,16931-8,,,,CV (CO),,,Liver metabolism,,,,,,,,,"Mulroney & Myers, Netter’s Essential Physiology",ISBN 978-0-323-69463-8,17,,,,,,,,,
urinary system,renal system process,GO:0003014,Homeostasis,homeostatic process,GO:0042592,Hemodynamics,,,Afferent vs. efferent constriction,,,,,,,,,,,,,,,Hemodynamic impact,Afferent constriction ↓GFR; efferent constriction ↑GFR: Afferent arteriole – constriction – decreases GFR,Organ,kidney,kidney,UBERON:0002113,kidney,kidney,UBERON:0002113,,decreases,X transport to Y,blood,glomerulus,,,Circulatory,seconds,MAP,Mean arterial pressure formula Narrative,107142-2,GFR,"Glomerular filtration rate [Volume Rate/Area] in Serum, Plasma or Blood by Creatinine, Cystatin C and Urea-based formula (CKiD)/1.73 sq M",102097-3,,,,,,,CV,,,RAAS,,,,,,,,,"Mulroney & Myers, Netter’s Essential Physiology",ISBN 978-0-323-69463-8,17,,,,,,,,,
urinary system,renal system process,GO:0003014,Homeostasis,homeostatic process,GO:0042592,Hemodynamics,,,Afferent vs. efferent constriction,,,,,,,,,,,,,,,Hemodynamic impact,Afferent constriction ↓GFR; efferent constriction ↑GFR: Efferent arteriole – constriction – increases GFR,Organ,kidney,kidney,UBERON:0002113,kidney,kidney,UBERON:0002113,,increases,X transport to Y,blood,glomerulus,,,Circulatory,seconds,MAP,Mean arterial pressure formula Narrative,107142-2,GFR,"Glomerular filtration rate [Volume Rate/Area] in Serum, Plasma or Blood by Creatinine, Cystatin C and Urea-based formula (CKiD)/1.73 sq M",102097-3,,,,,,,CV (BP),,,Adrenal cortex,,,,,,,,,"Mulroney & Myers, Netter’s Essential Physiology",ISBN 978-0-323-69463-8,20,,,,,,,,,
urinary system,renal system process,GO:0003014,Response to stimuli,response to stimulus,GO:0050896,Hormone signaling,,,Aldosterone action,,,,,,,,,,,,,,,RAAS effector hormone,"Increases ENaC, Na⁺ reabs, K⁺ secretion: Aldosterone – increases – ENaC activity",Cell,Collecting duct,kidney collecting duct epithelium,UBERON:0014388,kidney collecting duct principal cell,kidney collecting duct principal cell,CL:1001431,Aldosterone,increases,X activity,Epithelial Na⁺ Channel,,,Systemic,Systemic,hours,Plasma aldosterone,Aldosterone [Measurement] in Serum or Plasma,110770-5,Serum K⁺,Sodium/Potassium [Molar ratio] in Serum or Plasma,28003-2,Urine Na⁺,Sodium [Measurement] in Urine,111466-9,,,,CV (BP),,,Adrenal cortex,,,,,,,,,"Mulroney & Myers, Netter’s Essential Physiology",ISBN 978-0-323-69463-8,20,,,,,,,,,
urinary system,renal system process,GO:0003014,Response to stimuli,response to stimulus,GO:0050896,Hormone signaling,,,Aldosterone action,,,,,,,,,,,,,,,RAAS effector hormone,"Increases ENaC, Na⁺ reabs, K⁺ secretion: Aldosterone – increases – ENaC activity",Cell,Collecting duct,kidney collecting duct epithelium,UBERON:0014388,kidney collecting duct principal cell,kidney collecting duct principal cell,CL:1001431,Aldosterone,does,X reabsorption to Y,Na+,cell,,Systemic,Systemic,hours,Plasma aldosterone,Aldosterone [Measurement] in Serum or Plasma,110770-5,Serum K⁺,Sodium/Potassium [Molar ratio] in Serum or Plasma,28003-2,Urine Na⁺,Sodium [Measurement] in Urine,111466-9,,,,CV (BP),,,Adrenal cortex,,,,,,,,,"Mulroney & Myers, Netter’s Essential Physiology",ISBN 978-0-323-69463-8,20,,,,,,,,,
urinary system,renal system process,GO:0003014,Homeostasis,homeostatic process,GO:0042592,Integration,,,Kidney–lung acid–base synergy,,,,,,,,,,,,,,,Integrated physiology,"Lung regulates CO₂, kidney regulates HCO₃⁻: kidney regulates HCO₃⁻",Organ,kidney,kidney,UBERON:0002113,kidney,kidney,UBERON:0002113,,regulates,X concentration in Y,bicarbonate ,plasma/extracellular fluid,,,Systemic,hours-days,Blood pH,pH of Blood,	11558-4,PCO₂ (mmHg),Carbon dioxide [Partial pressure] in Central venous blood	Carbon dioxide,	97538-3,,,,,,,Resp system,,,Acid–base,,,,,,,,,"Mulroney & Myers, Netter’s Essential Physiology",ISBN 978-0-323-69463-8,21,,,,,,,,,
urinary system,renal system process,GO:0003014,Homeostasis,homeostatic process,GO:0042592,Magnesium handling,,,Mg²⁺ reabsorption,,,,,,,,,,,,,,,TAL critical for Mg²⁺,"TAL paracellular; DCT via TRPM6: TAL – paracellular transport – ions (Na⁺, Mg²⁺, Ca²⁺)",Organ,kidney,kidney,UBERON:0002113,kidney,kidney,UBERON:0002113,,does,X paracellular transport,"ions (Na⁺, Mg²⁺, Ca²⁺) ",,,,Segmental (intra-organ),hours,Serum Mg²⁺,Magnesium [Measurement] in Serum or Plasma,108834-3,Urinary Mg²⁺,Magnesium [Measurement] in Urine,111465-1,,,,,,,PTH,response to parathyroid hormone,GO:0071107,Loop diuretics (↓ Mg²⁺),,,,,,,,,"Mulroney & Myers, Netter’s Essential Physiology",ISBN 978-0-323-69463-8,18,,,,,,,,,
urinary system,renal system process,GO:0003014,Growth & Maintenance,metabolic process,GO:0008152,Metabolism,,,Gluconeogenesis,,,,,,,,,,,,,,,Renal cortex contributes during fasting,Renal cortex generates glucose from substrates (esp. fasting): DCT – TRPM6 – Mg²⁺ reabsorption,Cell,distal convoluted tubule,distal convoluted tubule,UBERON:0001292,Distal Convoluted Tubule epithelial cell,kidney distal convoluted tubule epithelial cell,CL:1000849,TRPM6 activity,does,X reabsorption,Mg²⁺,,,Autocrine,Cellular,hours-days,Plasma glucose,Glucose [Measurement] in Serum or Plasma,110283-9,Glucose production rate,Milk production [Mass/time] 24 hour,29555-0,,,,,,,Liver (gluconeogenesis),,,,,,,,,,,,"Mulroney & Myers, Netter’s Essential Physiology",ISBN 978-0-323-69463-8,17,,,,,,,,,
urinary system,renal system process,GO:0003014,Growth & Maintenance,metabolic process,GO:0008152,Metabolism,,,Gluconeogenesis,,,,,,,,,,,,,,,Cortical contribution,Renal cortex produces glucose (fasting): Renal cortex – generates – glucose from substrates (esp. fasting),Cell,proximal straight tubule,proximal straight tubule,UBERON:0001290,kidney proximal straight tubule epithelial cell,kidney proximal straight tubule epithelial cell,CL:1000839,,does,X generation,glucose,,,,Cellular,hours,Plasma glucose,Glucose [Measurement] in Serum or Plasma,110283-9,Endogenous glucose production,Endogenous thrombin potential [Area under the curve] in Platelet poor plasma by Chromogenic method,97910-4,,,,,,,Liver (gluconeogenesis),,,Muscle (substrates),,,,,,,,,"Mulroney & Myers, Netter’s Essential Physiology",ISBN 978-0-323-69463-8,17,,,,,,,,,
urinary system,renal system process,GO:0003014,Homeostasis,homeostatic process,GO:0042592,Metabolism,,,Renal lymphatics,,,,,,,,,,,,,,,Drainage and edema prevention,Lymphatic drainage maintains interstitial volume & immune surveillance: Lymphatic system – drains – interstitial fluid & supports immune surveillance,Tissue,kidney,kidney,UBERON:0002113,renal lymph node,renal lymph node,UBERON:0003425,,does,X drain,interstitial fluid,,,,Cellular,hours-days,Lymph flow,Abnormal lymphocytes [#/volume] in Body fluid,35046-2,,,,,,,,,,Immune system,,,CV,,,,,,,,,"Mulroney & Myers, Netter’s Essential Physiology",ISBN 978-0-323-69463-8,17,,,,,,,,,
urinary system,renal system process,GO:0003014,Homeostasis,homeostatic process,GO:0042592,Nitrogen excretion,,,Uric acid handling,,,,,,,,,,,,,,,UA balance,"Filtered, partially reabsorbed & secreted: Substance – filtered, partially reabsorbed & secreted – renal tubule",Organ,kidney,kidney,UBERON:0002113,kidney,kidney,UBERON:0002113,,does,X partial reabsorption and secretion,solutes,,,,Cellular,hours,Serum uric acid (mg/dL),Dog serum albumin IgE Ab [Presence] in Serum by Radioallergosorbent test (RAST),102872-9,Urinary uric acid (mmol/d),Organic acids [Measurement] in Urine,108502-6,,,,,,,Purine metabolism,,,GI excretion,,,,,,,,,"Mulroney & Myers, Netter’s Essential Physiology",ISBN 978-0-323-69463-8,18,,,,,,,,,
urinary system,renal system process,GO:0003014,Homeostasis,homeostatic process,GO:0042592,Nitrogen metabolism,,,Creatinine clearance,,,,,,,,,,,,,,,Clinical GFR estimate,Endogenous marker approximating GFR: Endogenous marker – approximates – GFR,Organ,kidney,kidney,UBERON:0002113,kidney,kidney,UBERON:0002113,Endogenous marker clearance,does,X filtration approximation from Y,blood,glomerulus,,Circulatory,Organ (circulatory-based),minutes-hours,Plasma creatinine (mg/dL),Amylase/Creatinine [Mass Ratio] in Serum or Plasma,1810-1,Creatinine clearance,Creatinine renal clearance in 4 hour Urine and Serum or Plasma,13441-1,eGFR (mL/min/1.73m²),"Glomerular filtration rate [Volume Rate/Area] in Serum, Plasma or Blood by Creatinine, Cystatin C and Urea-based formula (CKiD)/1.73 sq M",102097-3,,,,Muscle metabolism,,,CV perfusion,,,,,,,,,"Mulroney & Myers, Netter’s Essential Physiology",ISBN 978-0-323-69463-8,17,,,,,,,,,
urinary system,renal system process,GO:0003014,Homeostasis,homeostatic process,GO:0042592,Nutrient handling,,,Glucose reabsorption,,,,,,,,,,,,,,,Threshold/Tm and “splay”; glucosuria when Tm exceeded,SGLT2 (S1/S2) and SGLT1 (S3); basolateral GLUT2: SGLT2 (S1/S2) and SGLT1 (S3) – reabsorb – glucose,Cell,proximal straight tubule,proximal straight tubule,UBERON:0001290,kidney proximal straight tubule epithelial cell,kidney proximal straight tubule epithelial cell,CL:1000839,SGLT2/SGLT1 activity,does,X reabsorption to Y,glucose,cell,,Autocrine,Cellular,minutes,Plasma glucose (mg/dL),Glucose [Measurement] in Serum or Plasma,110283-9,Urine glucose,Glucose [Measurement] in Urine,108027-4,HbA1c (%),Hemoglobin A1c [Mass/volume] in Blood,41995-2,,,,Endocrine (insulin-independent at SGLT),,,,,,,,,,,,"Mulroney & Myers, Netter’s Essential Physiology",ISBN 978-0-323-69463-8,18,,,,,,,,,
urinary system,renal system process,GO:0003014,Homeostasis,homeostatic process,GO:0042592,Nutrient handling,,,Glucose reabsorption,,,,,,,,,,,,,,,Threshold/Tm and “splay”; glucosuria when Tm exceeded,SGLT2 (S1/S2) and SGLT1 (S3); basolateral GLUT2: GLUT2 – transports – glucose to interstitium,Cell,proximal straight tubule,proximal straight tubule,UBERON:0001290,kidney proximal straight tubule epithelial cell,kidney proximal straight tubule epithelial cell,CL:1000839,GLUT2 activity,does,X transport to Y,glucose,interstitium,,Autocrine,Cellular,minutes,Plasma glucose (mg/dL),Glucose [Measurement] in Serum or Plasma,110283-9,Urine glucose,Glucose [Measurement] in Urine,108027-4,HbA1c (%),Hemoglobin A1c [Mass/volume] in Blood,41995-2,,,,Endocrine (insulin-independent at SGLT),,,,,,,,,,,,"Mulroney & Myers, Netter’s Essential Physiology",ISBN 978-0-323-69463-8,18,,,,,,,,,
urinary system,renal system process,GO:0003014,Homeostasis,homeostatic process,GO:0042592,Nutrient handling,,,Amino acid reabsorption,,,,,,,,,,,,,,,Aminoaciduria if transporters defective,Proximal tubule cotransporters reclaim nearly all amino acids: Proximal tubule cotransporters – reclaim – amino acids,Cell,Proximal tubule,renal cortex tubule,UBERON:0006853,proximal tubule epithelial cell,kidney proximal straight tubule epithelial cell,CL:1000839,,does,X reclamation to Y,amino acids,blood,,,Cellular,minutes,Plasma amino acids,Amino acids [Moles/volume] in Serum or Plasma,12176-4,Urinary amino acids,Amino acids [Identifier] in Urine,12467-7,,,,,,,Liver metabolism,,,,,,,,,,,,"Mulroney & Myers, Netter’s Essential Physiology",ISBN 978-0-323-69463-8,18,,,,,,,,,
urinary system,renal system process,GO:0003014,Homeostasis,homeostatic process,GO:0042592,Nutrient handling,,,Lactate reabsorption,,,,,,,,,,,,,,,Coupled with gluconeogenesis,Lactate reclaimed with H⁺ and Na⁺ in PT: Lactate – reabsorbed – with H⁺ and Na⁺ in proximal tubule,Cell,PCT,proximal convoluted tubule,UBERON:0001287,kidney proximal convoluted tubule epithelial cell,kidney proximal straight tubule epithelial cell,CL:1000839,,does,X reabsorption to Y,lactate,cell,,,Cellular,minutes,Serum lactate,Lactate [Measurement] in Serum or Plasma,108827-7,Urine lactate,Lactate [Measurement] in Urine,110582-4,,,,,,,Liver metabolism,,,CV,,,,,,,,,"Mulroney & Myers, Netter’s Essential Physiology",ISBN 978-0-323-69463-8,18,,,,,,,,,
urinary system,renal system process,GO:0003014,Homeostasis,homeostatic process,GO:0042592,Organic base handling,,,Creatinine secretion,,,,,,,,,,,,,,,Explains clearance > GFR,~10% of creatinine secreted in PT: Creatinine – secreted – in proximal tubule,Cell,Proximal tubule,renal cortex tubule,UBERON:0006853,proximal tubule epithelial cell,epithelial cell of proximal tubule,CL:0002306,,does,X secretion into Y,creatinine,proximal tubule lumen,,,Cellular,minutes,Plasma creatinine,Amylase/Creatinine [Mass Ratio] in Serum or Plasma,1810-1,Urine creatinine,Creatinine [Measurement] in Urine,	108024-1,Creatinine clearance,Creatinine renal clearance in 4 hour Urine and Serum or Plasma,13441-1,,,,CV,,,Liver,,,,,,,,,"Mulroney & Myers, Netter’s Essential Physiology",ISBN 978-0-323-69463-8,17,,,,,,,,,
urinary system,renal system process,GO:0003014,Homeostasis,homeostatic process,GO:0042592,Organic cation secretion,,,Creatinine & drugs,,,,,,,,,,,,,,,Explains clearance > GFR,OCTs secrete cations into PT lumen: Organic cation transporters (OCTs) – secrete – cations into proximal tubule lumen,Cell,Proximal tubule,renal cortex tubule,UBERON:0006853,proximal tubule epithelial cell,epithelial cell of proximal tubule,CL:0002306,OCTs activity,does,X secretion into Y,cations,proximal tubule lumen,,Autocrine,Cellular,minutes,Creatinine clearance,Creatinine renal clearance in 4 hour Urine and Serum or Plasma,13441-1,Drug clearance,Busulfan clearance from plasma over study,93475-2,,,,,,,CV,,,Liver,,,,,,,,,"Mulroney & Myers, Netter’s Essential Physiology",ISBN 978-0-323-69463-8,18,,,,,,,,,
urinary system,renal system process,GO:0003014,Homeostasis,homeostatic process,GO:0042592,Organic ion clearance,,,Organic acid secretion,,,,,,,,,,,,,,,Basis for RPF measurement,"PAH, creatinine, penicillin secreted to lumen: PAH, creatinine, penicillin – secreted – into proximal tubule lumen",Cell,proximal straight tubule,proximal straight tubule,UBERON:0001290,kidney proximal straight tubule epithelial cell,,,,does,X secretion into Y,PAH/creatinine/penicillin,proximal tubule lumen,,,Cellular,minutes,PAH clearance,Para aminohippurate renal clearance in 24 hour Urine and Serum or Plasma,2723-5,Creatinine clearance,Creatinine renal clearance in 4 hour Urine and Serum or Plasma,13441-1,Drug clearance,Busulfan clearance from plasma over study,93475-2,,,,CV (drug levels),,,Liver metabolism,,,,,,,,,"Mulroney & Myers, Netter’s Essential Physiology",ISBN 978-0-323-69463-8,17,,,,,,,,,
urinary system,renal system process,GO:0003014,Homeostasis,homeostatic process,GO:0042592,Organic solute handling,,,Peptide/protein reabsorption,,,,,,,,,,,,,,,Explains low-molecular weight proteinuria,Megalin/cubilin endocytosis of filtered peptides: Megalin/cubilin – mediate – endocytosis of filtered peptides,Cell,kidney,kidney,UBERON:0002113,proximal tubule epithelial cell,epithelial cell of proximal tubule,CL:0002306,Megalin/cubilin activity,does,X endocytosis to Y,peptides,cell,,Autocrine,Cellular,minutes,Urine protein (mg/dL),Creatinine/Protein [Mass Ratio] in Urine,16285-9,Plasma β2-microglobulin,Beta-2-Microglobulin [Measurement] in Serum or Plasma,110111-2,,,,,,,Immune,,,Liver,,,,,,,,,"Mulroney & Myers, Netter’s Essential Physiology",ISBN 978-0-323-69463-8,18,,,,,,,,,
urinary system,renal system process,GO:0003014,Homeostasis,homeostatic process,GO:0042592,Osmoregulation,,,Countercurrent multiplier,,,,,,,,,,,,,,,Establishes 300→1200 mOsm/L medullary gradient,Descending limb water-permeable; thick ascending limb solute export (NKCC2): Descending limb – permeable – to water,Cell,Loop of Henle,Loop of Henle,UBERON:0001288,Descending limb cell,kidney loop of Henle short descending thin limb epithelial cell,CL:4030012,,does,X diffusion,water,,,,Cellular,hours,Urine osmolality (50–1200),Osmolality of Urine,2695-5,Serum osmolality (mOsm/kg),Osmolality of Serum or Plasma,	2692-2,Urine specific gravity,Specific gravity of Urine,2965-2,,,,ADH,,,Vasa recta,,,,,,,,,"Mulroney & Myers, Netter’s Essential Physiology",ISBN 978-0-323-69463-8,19,,,,,,,,,
urinary system,renal system process,GO:0003014,Homeostasis,homeostatic process,GO:0042592,Osmoregulation,,,Thin descending limb,,,,,,,,,,,,,,,Obligatory water flux,"Water only via AQP1, no solute transport: Thick ascending limb – exports – solutes via NKCC2",Cell,TALH,thick ascending limb of loop of Henle,UBERON:0001291,Thick ascending limb cell,kidney loop of Henle thick ascending limb epithelial cell,CL:1001106,NKCC2 activity,increases,X export to Y,solutes,interstitium,,Autocrine,Cellular,seconds-minutes,Urine osmolality,Osmolality of Urine,2695-5,Plasma osmolality,Osmolality of Serum or Plasma,	2692-2,,,,,,,ADH,,,Countercurrent,,,,,,,,,"Mulroney & Myers, Netter’s Essential Physiology",ISBN 978-0-323-69463-8,19,,,,,,,,,
urinary system,renal system process,GO:0003014,Homeostasis,homeostatic process,GO:0042592,Osmoregulation,,,Thin ascending limb,,,,,,,,,,,,,,,Passive salt reabsorption,"Passive NaCl reabsorption, impermeable to water: Thin ascending limb – reabsorbs – NaCl passively",Cell,TALH,thick ascending limb of loop of Henle,UBERON:0001291,Thin ascending limb cell,kidney loop of Henle thin ascending limb epithelial cell,CL:1001107,,increases,X reabsorption,NaCl,cell,,,Cellular,minutes,Urine osmolality,Osmolality of Urine,2695-5,,,,,,,,,,ADH,,,Countercurrent,,,,,,,,,"Mulroney & Myers, Netter’s Essential Physiology",ISBN 978-0-323-69463-8,19,,,,,,,,,
urinary system,renal system process,GO:0003014,Homeostasis,homeostatic process,GO:0042592,Osmoregulation,,,Thin ascending limb,,,,,,,,,,,,,,,Passive salt reabsorption,"Passive NaCl reabsorption, impermeable to water: Thin ascending limb is impermeable – to water",Cell,TALH,thick ascending limb of loop of Henle,UBERON:0001291,Thin ascending limb cell,kidney loop of Henle thin ascending limb epithelial cell,CL:1001107,,does,X impermeability in Y,water,ascending limb,,,Cellular,minutes,Urine osmolality,Osmolality of Urine,2695-5,,,,,,,,,,ADH,,,Countercurrent,,,,,,,,,"Mulroney & Myers, Netter’s Essential Physiology",ISBN 978-0-323-69463-8,19,,,,,,,,,
urinary system,renal system process,GO:0003014,Homeostasis,homeostatic process,GO:0042592,Phosphate handling,,,Pi reabsorption (Na⁺–Pi),,,,,,,,,,,,,,,~75–80% proximal Pi reabsorption; diet & PTH control,PTH reduces proximal Na⁺-Pi cotransporters: PTH – reduces – Na⁺-Pi cotransporters in proximal tubule,Cell,proximal straight tubule,proximal straight tubule,UBERON:0001290,kidney proximal straight tubule epithelial cell,kidney proximal convoluted tubule epithelial cell,CL:1000838,PTH,decreases,X reduction in Y,Na⁺–Pi cotransporters,proximal tubule,,Systemic,Systemic,hours,Serum phosphate,Phosphate [Measurement] in Serum or Plasma,108801-2,Urine phosphate,Phosphate [Measurement] in Urine,108011-8,PTH (intact),MR Parathyroid gland,36053-7,,,,"Endocrine (PTH, FGF23)",,,Skeletal,,,,,,,,,"Mulroney & Myers, Netter’s Essential Physiology",ISBN 978-0-323-69463-8,18,,,,,,,,,
urinary system,renal system process,GO:0003014,Homeostasis,homeostatic process,GO:0042592,Potassium balance,,,"K⁺ reabsorption (PT, TAL)",,,,,,,,,,,,,,,"~70% PT, ~20% TAL K⁺ reabsorption; determinants",PT paracellular (solvent drag/diffusion); TAL via NKCC2 cycle: Proximal tubule – reabsorbs – solutes via paracellular transport,Tissue,kidney,kidney,UBERON:0002113,renal lymph node,renal lymph node,UBERON:0003425,,increases,X reabsorption,solutes,cell,,,Systemic,minutes,Plasma K⁺ (mEq/L),Potassium [Measurement] in Serum or Plasma,108797-2,Urine K⁺,Potassium [Measurement] in Urine,111459-4,,,,,,,Aldosterone (distal effects),,,Flow rate,,,,,,,,,"Mulroney & Myers, Netter’s Essential Physiology",ISBN 978-0-323-69463-8,18,,,,,,,,,
urinary system,renal system process,GO:0003014,Homeostasis,homeostatic process,GO:0042592,Potassium balance,,,"K⁺ reabsorption (PT, TAL)",,,,,,,,,,,,,,,"~70% PT, ~20% TAL K⁺ reabsorption; determinants",PT paracellular (solvent drag/diffusion); TAL via NKCC2 cycle: Thick ascending limb – reabsorbs – solutes via NKCC2,Tissue,kidney,kidney,UBERON:0002113,renal lymph node,renal lymph node,UBERON:0003425,NKCC2,increases,X reabsorption,solutes,cell,,Autocrine,Cellular,minutes,,,,,,,,,,,,,,,,,,,,,,,,,"Mulroney & Myers, Netter’s Essential Physiology",ISBN 978-0-323-69463-8,18,,,,,,,,,
urinary system,renal system process,GO:0003014,Homeostasis,homeostatic process,GO:0042592,Potassium balance,,,K⁺ secretion (late DT/CD),,,,,,,,,,,,,,,"BK/ROMK channels; diet, aldosterone, acid–base effects",Principal cells secrete K⁺; ↑ by aldosterone and high tubular flow: Principal cells – secrete – K⁺,Cell,CD,kidney collecting duct epithelium,UBERON:0014388,Principal cells,epithelial cell of distal tubule,CL:0002305,,increases,X secretion to Y,K⁺,principal cells lumen,,,Cellular,minutes,Plasma K⁺,Potassium [Measurement] in Serum or Plasma,108797-2,Urine K⁺,Potassium [Measurement] in Urine,111459-4,,,,,,,Aldosterone,,,Tubular flow rate,,,,,,,,,"Mulroney & Myers, Netter’s Essential Physiology",ISBN 978-0-323-69463-8,18,,,,,,,,,
urinary system,renal system process,GO:0003014,Homeostasis,homeostatic process,GO:0042592,Pressure control,,,Pressure natriuresis,,,,,,,,,,,,,,,Long-term BP control,↑ arterial pressure → ↑ Na⁺ excretion independent of hormones: High arterial pressure – leads to – ↑ Na⁺ excretion,Organ,kidney,kidney,UBERON:0002113,kidney,kidney,UBERON:0002113,Arterial pressure,increases,X excretion to Y,Na⁺,urine,,Circulatory,Circulatory,hours,Urinary sodium excretion,Fractional excretion of urea [Ratio] in Urine and Serum or Plasma collected for unspecified duration,59009-1,MAP,Mean arterial pressure formula Narrative,107142-2,,,,,,,CV,,,RAAS,,,,,,,,,"Mulroney & Myers, Netter’s Essential Physiology",ISBN 978-0-323-69463-8,20,,,,,,,,,
urinary system,renal system process,GO:0003014,Homeostasis,homeostatic process,GO:0042592,Renal circulation,,,Vasa recta countercurrent exchange,,,,,,,,,,,,,,,Countercurrent exchange principle,Preserves medullary osmotic gradient: Vasa recta – preserves – medullary osmotic gradient,Organ,kidney,kidney,UBERON:0002113,kidney,kidney,UBERON:0002113,,does,X maintenance ,medullary osmotic gradient,,,,Circulatory,minutes-hours,Renal blood flow (mL/min),Blood flow rate Renal replacement therapy circuit,99711-4,Urine osmolality,Osmolality of Urine,2695-5,,,,,,,CV,,,ADH,,,,,,,,,"Mulroney & Myers, Netter’s Essential Physiology",ISBN 978-0-323-69463-8,19,,,,,,,,,
urinary system,renal system process,GO:0003014,Response to stimuli,response to stimulus,GO:0050896,Sympathetic control,,,Renal vasoconstriction,,,,,,,,,,,,,,,Neural control,Sympathetic activity reduces RBF/GFR: Sympathetic activity – reduces – renal blood flow (RBF) and glomerular filtration rate (GFR),Organ system,kidney; Sympathetic nervous system,kidney,UBERON:0002113,Sympathetic nervous system,Sympathetic nervous system,UBERON:0000013,Sympathetic activity,decreases,X transport to Y,blood,kidney and glomerulus,,Systemic,Systemic,seconds,MAP (mmHg),Mean arterial pressure formula Narrative,107142-2,Plasma norepinephrine,Norepinephrine [Moles/volume] in Plasma,14852-8,RBF,Blood flow rate Renal replacement therapy circuit,99711-4,,,,CV system,,,RAAS,,,,,,,,,"Mulroney & Myers, Netter’s Essential Physiology",ISBN 978-0-323-69463-8,20,,,,,,,,,
urinary system,renal system process,GO:0003014,Homeostasis,homeostatic process,GO:0042592,Urea handling,,,Urea recycling (IMCD),,,,,,,,,,,,,,,Supports medullary gradient for water reabsorption,ADH increases UT-A1/3; recycles urea to inner medulla: ADH – increases – UT-A1/UT-A3 expression; urea – recycled – to inner medulla,Cell,CD,kidney collecting duct epithelium,UBERON:0014388,collecting duct epithelium,kidney collecting duct epithelial cell,CL:1000454,ADH,increases,X expression,UT-A1/UT-A3,,,Systemic,Systemic,minutes,BUN (mg/dL),Urea nitrogen [Measurement] in Serum or Plasma,108689-1,Urine urea (mmol/L),Urea [Measurement] in Urine,111460-2,Serum osmolality,Calcium/Osmolality [Ratio] in Serum or Plasma,13448-6,,,,ADH,,,Countercurrent system,,,,,,,,,"Mulroney & Myers, Netter’s Essential Physiology",ISBN 978-0-323-69463-8,19,,,,,,,,,
urinary system,renal system process,GO:0003014,Homeostasis,homeostatic process,GO:0042592,Urea handling,,,Urea recycling (IMCD),,,,,,,,,,,,,,,Supports medullary gradient for water reabsorption,ADH increases UT-A1/3; recycles urea to inner medulla: urea – recycled – inner medulla,Organ,kidney,kidney,UBERON:0002113,kidney,kidney,UBERON:0002113,UT-A1/UT-A3 expression,increases,X recycling to Y,urea,inner medulla,,Intra-organ,Segmental (intra-organ),minutes,BUN (mg/dL),Urea nitrogen [Measurement] in Serum or Plasma,108689-1,Urine urea (mmol/L),Urea [Measurement] in Urine,111460-2,Serum osmolality,Calcium/Osmolality [Ratio] in Serum or Plasma,13448-6,,,,ADH,,,Countercurrent system,,,,,,,,,"Mulroney & Myers, Netter’s Essential Physiology",ISBN 978-0-323-69463-8,19,,,,,,,,,
urinary system,renal system process,GO:0003014,Homeostasis,homeostatic process,GO:0042592,Vasoactive mediator,,,Endothelin,,,,,,,,,,,,,,,Endothelin role,Strong intrarenal vasoconstrictor: Endothelin – acts as – strong intrarenal vasoconstrictor,Tissue,kidney,kidney,UBERON:0002113,kidney vasculature,kidney vasculature,UBERON:0006544,Endothelin,increases,X vasoconstriction,arterioles,,,Intra-organ,Organ (intra-organ),minutes,Plasma endothelin,Endothelin [Measurement] in Serum or Plasma,108742-8,RBF,NM Views for blood flow and kidney function,81546-4,,,,,,,CV,,,RAAS,,,,,,,,,"Mulroney & Myers, Netter’s Essential Physiology",ISBN 978-0-323-69463-8,20,,,,,,,,,
urinary system,renal system process,GO:0003014,Homeostasis,homeostatic process,GO:0042592,Vasoactive mediators,,,Prostaglandins & NO,,,,,,,,,,,,,,,Local modulators,Counteract Ang II–mediated constriction: Vasodilatory mechanisms counteract Ang II–mediated vasoconstriction,Tissue,kidney,kidney,UBERON:0002113,kidney vasculature,kidney vasculature,UBERON:0006544,Vasodilatory mechanisms,decreases,X vasoconstriction,renal arterioles,,,Intra-organ,Organ (intra-organ),minutes,Plasma renin,Plasma given [Type],10410-9,GFR,"Glomerular filtration rate [Volume Rate/Area] in Serum, Plasma or Blood by Creatinine, Cystatin C and Urea-based formula (CKiD)/1.73 sq M",102097-3,Urine Na⁺,Sodium [Measurement] in Urine,111466-9,,,,CV,,,Endocrine,,,,,,,,,"Mulroney & Myers, Netter’s Essential Physiology",ISBN 978-0-323-69463-8,20,,,,,,,,,
urinary system,renal system process,GO:0003014,Homeostasis,homeostatic process,GO:0042592,Volume/osmolarity,,,Natriuresis & diuresis,,,,,,,,,,,,,,,Natriuretic mechanisms,Volume expansion → ↑Na⁺/water excretion: Volume expansion promotes natriuresis and diuresis,Organ,kidney,kidney,UBERON:0002113,kidney,kidney,UBERON:0002113,Volume expansion,increases,X excretion to Y,Na⁺/H₂O,urine,,Systemic,Systemic,hours,Urinary sodium,Sodium [Measurement] in Urine,111466-9,Urine volume,Volume of 5 hour Urine,12255-6,Plasma ANP,Natriuretic peptide B [Measurement] in Serum or Plasma,108862-4,,,,CV,,,Endocrine,,,,,,,,,"Mulroney & Myers, Netter’s Essential Physiology",ISBN 978-0-323-69463-8,20,,,,,,,,,
urinary system,renal system process,GO:0003014,Homeostasis,homeostatic process,GO:0042592,Water balance,renal water homeostasis,GO:0003091,ADH-dependent water reabsorption,,,,,,,,,,,,,,,Max urine concentration to ~1200 mOsm/L; DI pathophysiology,Principal cells insert AQP2 via V2 receptor signalling: V2 receptor signaling promotes AQP2 insertion in principal cells,Cell,CD,kidney collecting duct epithelium,UBERON:0014388,kidney collecting duct epithelial cell,kidney collecting duct epithelial cell,CL:1000454,V2 receptor signaling,increases,X insertion promotion in Y,AQP2,principal cells cell membrane,,Systemic,Systemic,minutes,Urine osmolality,Osmolality of Urine,2695-5,Plasma ADH (pg/mL),,,Serum Na⁺,Sodium [Moles/volume] in Serum or Plasma,2951-2,,,,Endocrine (ADH),,,Urea recycling,,,,,,,,,"Mulroney & Myers, Netter’s Essential Physiology",ISBN 978-0-323-69463-8,"19, 20",,,,,,,,,
urinary system,renal system process,GO:0003014,Homeostasis,homeostatic process,GO:0042592,Water regulation,renal water homeostasis,GO:0003091,AQP1-mediated water reabsorption,,,,,,,,,,,,,,,Obligatory water reabsorption,"Always active in PT, descending thin limb: Na⁺ reabsorption always active in proximal tubule (PT) and descending thin limb",Tissue,kidney,kidney,UBERON:0002113,renal tubule,renal tubule,UBERON:0009773,,does,X reabsorption,Na⁺,,,,Segmental (intra-organ),seconds-minutes,Urine osmolality,Osmolality of Urine,2695-5,Plasma osmolality,Osmolality of Serum or Plasma,	2692-2,Free water clearance,Free water Clearance in Urine and Serum or Plasma,99063-0,,,,ADH-independent,,,Countercurrent,,,,,,,,,"Mulroney & Myers, Netter’s Essential Physiology",ISBN 978-0-323-69463-8,19,,,,,,,,,
urinary system,renal system process,GO:0003014,homeostasis,homeostatic process,GO:0042592,blood filtration,regulation of blood volume by renal aldosterone,GO:0002017,Renal blood flow,,,,,,,,,,,,,,,,Renal blood flow (RBF) ≈ 1.1 L/min (~25% of cardiac output): renal blood flow – delivers – cardiac output,Organ,kidney,kidney,UBERON:0002113,kidney,kidney,UBERON:0002113,,does,X delivery,cardiac output blood ,,≈25%,,Circulatory,milliseconds,PAH clearance,Para aminohippurate renal clearance in 24 hour Urine and Serum or Plasma,2723-5,,,,,,,,,,myogenic mechanism (stretch),,,adenosine(Na+ anc Cl- ion concentrations),,,,,,,,,"High-Yield Physiology, 1st edition. Dudek, 2008.",ISBN: 978-0781745871,16,,,,,,,,,
urinary system,renal system process,GO:0003014,homeostasis,homeostatic process,GO:0042592,blood filtration,regulation of blood volume by renal aldosterone,GO:0002017,Renal blood flow,,,,,,,,,,,,,,,,"~1.1 L/min or ~25% of the cardic output (5L/min); RBF=∆P/R: RBF = ΔP / R(ΔP,Pressure difference = (Renal arterial pressure − Renal venous pressure)",Organ,kidney,kidney,UBERON:0002113,kidney,kidney,UBERON:0002113,Renal arterial pressure − Renal venous pressure,increases,X transport to Y,blood,kidney,,Circulatory,Circulatory,milliseconds,PAH clearance,Para aminohippurate renal clearance in 24 hour Urine and Serum or Plasma,2723-5,,,,,,,,,,myogenic mechanism (stretch),,,adenosine(Na+ anc Cl- ion concentrations),,,,,,,,,"High-Yield Physiology, 1st edition. Dudek, 2008.",ISBN: 978-0781745871,16,,,,,,,,,
urinary system,renal system process,GO:0003014,homeostasis,homeostatic process,GO:0042592,blood filtration,regulation of blood volume by renal aldosterone,GO:0002017,Renal blood flow,,,,,,,,,,,,,,,,"~1.1 L/min or ~25% of the cardic output (5L/min); RBF=∆P/R: RBF = ΔP / R(R, Total renal vascular resistance)",Organ,kidney,kidney,UBERON:0002113,kidney,kidney,UBERON:0002113,Total renal vascular resistance,decreases,X transport to Y,blood,kidney,,Circulatory,Circulatory,milliseconds,PAH clearance,Para aminohippurate renal clearance in 24 hour Urine and Serum or Plasma,2723-5,,,,,,,,,,myogenic mechanism (stretch),,,adenosine(Na+ anc Cl- ion concentrations),,,,,,,,,"High-Yield Physiology, 1st edition. Dudek, 2008.",ISBN: 978-0781745871,16,,,,,,,,,
urinary system,renal system process,GO:0003014,homeostasis,homeostatic process,GO:0042592,blood filtration,regulation of blood volume by renal aldosterone,GO:0002017,pump-leak systems,,,,,,,,,,,,,,,,establish a diffusion gradient in epithelial cells: Solute transport establishes diffusion gradient in epithelial cells,Tissue,kidney,kidney,UBERON:0002113,renal tubule,renal tubule,UBERON:0009773,solute transport,does,X formation,diffusion gradient,,,Intra-organ,Segmental (intra-organ),seconds-minutes,Urine glucose,Glucose [Measurement] in Urine,108027-4,Urine amino acid,Amino acids [Identifier] in Urine,12467-7,,,,,,,"aldosterone, ADH",,,Endocrine (PTH),,,,,,,,,"High-Yield Physiology, 1st edition. Dudek, 2008.",ISBN: 978-0781745871,16,,,,,,,,,
urinary system,renal system process,GO:0003014,homeostasis,homeostatic process,GO:0042592,blood filtration,regulation of blood volume by renal aldosterone,GO:0002017,fluid uptake,,,,,,,,,,,,,,,,bulk-flow of interstital fluid: Bulk flow of interstitial fluid supports peritubular capillary reabsorption,Tissue,kidney,kidney,UBERON:0002113,Peritubular capillaries,peritubular capillary,UBERON:0005272,,does,X reabsorption,interstitial fluid,,,,Segmental (intra-organ),minutes-hours,FeNa%,Fractional excretion of sodium [Ratio] in Urine and Serum or Plasma,49135-7,Serum Albumin,Dog serum albumin IgE Ab [Presence] in Serum by Radioallergosorbent test (RAST),102872-9,,,,,,,sympathetic nerves,,,RAAS(AngII),,,,,,,,,"High-Yield Physiology, 1st edition. Dudek, 2008.",ISBN: 978-0781745871,16,,,,,,,,,
urinary system,renal system process,GO:0003014,homeostasis,homeostatic process,GO:0042592,Organic base handling,,,"Organic Nutrients[VitB&C, Acetate, ketones, Kreb cycle intermediates]",,,,,,,,,,,,,,,,reabsorption of 100% of filtered organic nutrient: Reabsorption of 100% of filtered organic nutrients in the proximal tubule (PCT),Cell,Proximal tubule,renal cortex tubule,UBERON:0006853,epithelial cell of proximal tubule,epithelial cell of proximal tubule,CL:0002306,,does,X reabsorption,nutrient,,,,Segmental (intra-organ),minutes-hours,Urine ketone,Ketones [Measurement] in Urine,111413-1,Urine VitB/VitC test,Urine tube Vendor model number,10297-0,,,,,,,acid-base status,,,transporter saturation (genetics),,,,,,,,,"High-Yield Physiology, 1st edition. Dudek, 2008.",ISBN: 978-0781745871,17,,,,,,,,,
urinary system,renal system process,GO:0003014,homeostasis,homeostatic process,GO:0042592,Organic base handling,,,Urea,,,,,,,,,,,,,,,,"50% of filtered urea by PCT, 10% inner medullary CD: Urea reabsorption occurs in PCT (50%) and IMCD (10%) contributing to medullary osmotic gradient",Tissue,kidney,kidney,UBERON:0002113,renal tubule,renal tubule,UBERON:0009773,urea reabsorption,increases,X formation,medullary osmotic gradient,,,Intra-organ,Segmental (intra-organ),hours-days,Urine urea,Urea [Measurement] in Urine,111460-2,BUN(mg/dl),Urea nitrogen [Measurement] in Serum or Plasma,108689-1,,,,,,,liver function,,,ADH,,,,,,,,,"High-Yield Physiology, 1st edition. Dudek, 2008.",ISBN: 978-0781745871,17,,,,,,,,,
urinary system,renal system process,GO:0003014,homeostasis,homeostatic process,GO:0042592,Water balance,renal water homeostasis,GO:0003091,water reabsorption,renal water absorption,GO:0070295,,,,,,,,,,,,,,"PCT reabsorb 65%, PST 5%, DTL 5%, CD 5-25%: Segmental reabsorption of Na⁺ and water: PCT 65%, PST 5%, DTL 5%, CD 5–25%",Tissue,kidney,kidney,UBERON:0002113,renal tubule,renal tubule,UBERON:0009773,,does,X segmental reabsorption,Na⁺/water,,,,Segmental (intra-organ),seconds-minutes,Urine osmolality,Osmolality of Urine,2695-5,24h urine volume,Volume of 5 hour Urine,12255-6,Plasma ADH (pg/mL),Vasopressin [Moles/volume] in Plasma,	14949-2,,,,ADH (CD part),,,,,,,,,,,,"High-Yield Physiology, 1st edition. Dudek, 2008.",ISBN: 978-0781745871,17,,,,,,,,,
urinary system,renal system process,GO:0003014,Homeostasis,homeostatic process,GO:0042592,Water balance,renal water homeostasis,GO:0003091,urine concentration and volume regulation,renal water homeostasis,GO:0003091,concentration of urine,,,,,,,,,,,,,"CD reabsorb H2O(isosmotic tubular fluid-300 mOsm/L,hyperosmotic medullary interstitial fluid-1400 mOsm/L): CD reabsorbs H₂O due to osmotic gradient (300 → 1400 mOsm/L)",Cell,CD,kidney collecting duct epithelium,UBERON:0014388,kidney collecting duct epithelial cell,kidney collecting duct epithelial cell,CL:1000454,osmotic gradient,does,X reabsorption,H₂O,,,Intra-organ,Organ (intra-organ),hours,Urine osmolality,Osmolality of Urine,2695-5,24h urine volume,Volume of 5 hour Urine,12255-6,,,,,,,ADH,,,Countercurrent,,,,,,,,,"High-Yield Physiology, 1st edition. Dudek, 2008.",ISBN: 978-0781745871,17,,,,,,,,,
urinary system,renal system process,GO:0003014,Homeostasis,homeostatic process,GO:0042592,Water balance,renal water homeostasis,GO:0003091,urine concentration and volume regulation,renal water homeostasis,GO:0003091,Countercurrent multiplier system,,,,,,,,,,,,,"maintain a hyperosmotic gradient of 300-1400 mOsm (PST,DTL impereable to Na+ & Cl-, but permeable to H2O; ATL, DST opposite ): PST & DTL permeable to H₂O, impermeable to Na⁺/Cl⁻",Tissue,kidney,kidney,UBERON:0002113,renal tubule,renal tubule,UBERON:0009773,,does,X formation,H₂O permeability,,,,Organ (intra-organ),hours,24h urine volume,	Volume of 24 hour Urine,3167-4,,,,,,,,,,ADH,,,Countercurrent,,,,,,,,,"High-Yield Physiology, 1st edition. Dudek, 2008.",ISBN: 978-0781745871,19,,,,,,,,,
urinary system,renal system process,GO:0003014,Homeostasis,homeostatic process,GO:0042592,Water balance,renal water homeostasis,GO:0003091,urine concentration and volume regulation,renal water homeostasis,GO:0003091,Countercurrent multiplier system,,,,,,,,,,,,,"maintain a hyperosmotic gradient of 300-1400 mOsm (PST,DTL impereable to Na+ & Cl-, but permeable to H2O; ATL, DST opposite ): ATL & DST opposite → maintain corticomedullary gradient",Tissue,kidney,kidney,UBERON:0002113,renal tubule,renal tubule,UBERON:0009773,,does,X maintenance,corticomedullary gradient,,,,Organ (intra-organ),hours,24h urine volume,	Volume of 24 hour Urine,3167-4,,,,,,,,,,ADH,,,Countercurrent,,,,,,,,,"High-Yield Physiology, 1st edition. Dudek, 2008.",ISBN: 978-0781745871,19,,,,,,,,,
urinary system,renal system process,GO:0003014,Homeostasis,homeostatic process,GO:0042592,Water balance,renal water homeostasis,GO:0003091,urine concentration and volume regulation,renal water homeostasis,GO:0003091,balancing of urea,,,,,,,,,,,,,maintain 50% of the hyperosmolarity of the medullary interstitial fluid at the tip of medulla: medullary interstitium – maintains – hyperosmolarity,Tissue,kidney,kidney,UBERON:0002113,renal tubule,renal tubule,UBERON:0009773,,does,X maintenance,medullary interstitial hyperosmolarity,,,,Organ (intra-organ),hours-days,24h urine volume,	Volume of 24 hour Urine,3167-4,,,,,,,,,,ADH,,,Countercurrent,,,,,,,,,"High-Yield Physiology, 1st edition. Dudek, 2008.",ISBN: 978-0781745871,19,,,,,,,,,
urinary system,renal system process,GO:0003014,Homeostasis,homeostatic process,GO:0042592,Water balance,renal water homeostasis,GO:0003091,urine concentration and volume regulation,renal water homeostasis,GO:0003091,Countercurrent exchange system,,,,,,,,,,,,,maintains the hyperosmolarity gradient: medullary interstitium – maintains – hyperosmolarity,Organ,kidney,kidney,UBERON:0002113,kidney,kidney,UBERON:0002113,,does,X maintenance,medullary interstitium hyperosmolarity,,,,Organ (intra-organ),minutes-hours,24h urine volume,	Volume of 24 hour Urine,3167-4,,,,,,,,,,ADH,,,Countercurrent,,,,,,,,,"High-Yield Physiology, 1st edition. Dudek, 2008.",ISBN: 978-0781745871,19,,,,,,,,,
urinary system,renal system process,GO:0003014,homeostasis,homeostatic process,GO:0042592,Water balance,renal water homeostasis,GO:0003091,Control of Na+ and H2O,,,Control of H20 Excretion in the Urine,,,,,,,,,,,,,H2O excretion = H2O filtered-H2O reabsorbed= (GFR × [P]H2O) - H2O reabsorbed; Na accounts for 90% of all osmotically osmotically active extracellular solutes.: GFR – determines – water excretion,Tissue,kidney,kidney,UBERON:0002113,Glomerulus,renal glomerulus,UBERON:0000074,,increases,X excretion,water,,,,Organ (intra-organ),minutes-hours,24h urine volume,	Volume of 24 hour Urine,3167-4,Plasma Na+,Sodium [Measurement] in Serum/plasma/blood,77139-4,,,,,,,ADH,,,AngII,,,,,,,,,"High-Yield Physiology, 1st edition. Dudek, 2008.",ISBN: 978-0781745871,20,,,,,,,,,
urinary system,renal system process,GO:0003014,homeostasis,homeostatic process,GO:0042592,Water balance,renal water homeostasis,GO:0003091,Control of Na+ and H2O,,,Control of H20 Excretion in the Urine,,,,,,,,,,,,,H2O excretion = H2O filtered-H2O reabsorbed= (GFR × [P]H2O) - H2O reabsorbed; Na accounts for 90% of all osmotically osmotically active extracellular solutes.: sodium – accounts – extracellular osmotic activity,Tissue,Kidney,kidney,UBERON:0002113,renal tubule,renal tubule,UBERON:0009773,Na⁺,does ,X contibution,extracellular osmotic activity ,,,Intra-organ,Cellular,minutes-hours,24h urine volume,	Volume of 24 hour Urine,3167-4,Plasma Na+,Sodium [Measurement] in Serum/plasma/blood,77139-4,,,,,,,ADH,,,AngII,,,,,,,,,"High-Yield Physiology, 1st edition. Dudek, 2008.",ISBN: 978-0781745871,20,,,,,,,,,
urinary system,renal system process,GO:0003014,homeostasis,homeostatic process,GO:0042592,Water balance,renal water homeostasis,GO:0003091,Control of Na+ and H2O,,,Physiological Reactions to a Decreased Plasma Volume Due to Low Body Na+ Levels and Loss of H2O,,,,,,,,,,,,,"↓ Na levels in the tubular fluid will be monitored by the macula densa cells (MD) of the distal straight tubule (DST); ↓blood pressure will be monitored by baroreceptors and JG cells->RAAS->↑Na+ reabsorbtion
  ↑plasma osmolarity monitered by hypothalamic osmpreceptors,↓blood pressure monitored by baroreceptors ->neurons within the supraoptic and paraventricular nuclei-> ↑ADH(neurohypophysis)->↑H2O reabsorption by collecting ducts: LOW Na⁺ in DST sensed by macula densa → RAAS activation → HIGH Na⁺ reabsorption",Organ,kidney,kidney,UBERON:0002113,kidney,kidney,UBERON:0002113,Na⁺,increases,X reabsorption,Na⁺,,,Intra-organ,Cellular,minutes-hours,24h urine volume,	Volume of 24 hour Urine,3167-4,Plasma Na+,Sodium [Measurement] in Serum/plasma/blood,77139-4,,,,,,,ADH,,,AngII,,,,,,,,,"High-Yield Physiology, 1st edition. Dudek, 2008.",ISBN: 978-0781745871,20,,,,,,,,,
urinary system,renal system process,GO:0003014,homeostasis,homeostatic process,GO:0042592,Water balance,renal water homeostasis,GO:0003091,Control of Na+ and H2O,,,Physiological Reactions to a Decreased Plasma Volume Due to Low Body Na+ Levels and Loss of H2O,,,,,,,,,,,,,"↓ Na levels in the tubular fluid will be monitored by the macula densa cells (MD) of the distal straight tubule (DST); ↓blood pressure will be monitored by baroreceptors and JG cells->RAAS->↑Na+ reabsorbtion
  ↑plasma osmolarity monitered by hypothalamic osmpreceptors,↓blood pressure monitored by baroreceptors ->neurons within the supraoptic and paraventricular nuclei-> ↑ADH(neurohypophysis)->↑H2O reabsorption by collecting ducts: HIGH plasma osmolarity or IS LOW BP → HIGH ADH → HIGH H₂O reabsorption in CD",Organ system,kidney; Circulatory,kidney,UBERON:0002113,circulatory system,circulatory system,"
UBERON:0001009",ADH,increases,X reabsorption to Y,H₂O,CD,,Systemic,Systemic,minutes-hours,24h urine volume,	Volume of 24 hour Urine,3167-4,Plasma Na+,Sodium [Measurement] in Serum/plasma/blood,77139-4,,,,,,,ADH,,,AngII,,,,,,,,,"High-Yield Physiology, 1st edition. Dudek, 2008.",ISBN: 978-0781745871,20,,,,,,,,,
urinary system,renal system process,GO:0003014,homeostasis,homeostatic process,GO:0042592,Water balance,renal water homeostasis,GO:0003091,Control of Na+ and H2O,,,Physiological Reactions to an Increased Plasma Volume Due to High Body Na+ Levels and Gain of H2O,,,,,,,,,,,,,"↑ Na levels in the tubular fluid will be monitored by the macula densa cells (MD) of the distal straight tubule (DST); ↑ blood pressure will be monitored by baroreceptors and JG cells->↑ANP->↓RAAS,↑GFR,↓ADH->↓Na+ reabsorbtion, 
  ↓plasma osmolarity monitered by hypothalamic osmpreceptors,↑blood pressure monitored by baroreceptors ->neurons within the supraoptic and paraventricular nuclei-> ↓ADH(neurohypophysis)->↓H2O reabsorption by collecting ducts: HIGH Na⁺ in DST or HIGH BP → HIGH ANP → LOW RAAS, HIGH GFR, LOW ADH → LOW Na⁺ reabsorption",Organ system,kidney; Circulatory,kidney,UBERON:0002113,circulatory system,circulatory system,"
UBERON:0001009",ANP,decreases,X reabsorption,Na⁺,,,Systemic,Systemic,minutes-hours,24h urine volume,	Volume of 24 hour Urine,3167-4,Plasma Na+,Sodium [Measurement] in Serum/plasma/blood,77139-4,Urine Na+,Sodium [Measurement] in Urine,111466-9,,,,"ADH, ANP",,,AngII,,,,,,,,,"High-Yield Physiology, 1st edition. Dudek, 2008.",ISBN: 978-0781745871,20,,,,,,,,,
urinary system,renal system process,GO:0003014,homeostasis,homeostatic process,GO:0042592,Water balance,renal water homeostasis,GO:0003091,Control of Na+ and H2O,,,Physiological Reactions to an Increased Plasma Volume Due to High Body Na+ Levels and Gain of H2O,,,,,,,,,,,,,"↑ Na levels in the tubular fluid will be monitored by the macula densa cells (MD) of the distal straight tubule (DST); ↑ blood pressure will be monitored by baroreceptors and JG cells->↑ANP->↓RAAS,↑GFR,↓ADH->↓Na+ reabsorbtion, 
  ↓plasma osmolarity monitered by hypothalamic osmpreceptors,↑blood pressure monitored by baroreceptors ->neurons within the supraoptic and paraventricular nuclei-> ↓ADH(neurohypophysis)->↓H2O reabsorption by collecting ducts: LOW plasma osmolarity or HIGH BP → LOW ADH → LOW H₂O reabsorption in CD",Organ system,kidney; Circulatory,kidney,UBERON:0002113,circulatory system,circulatory system,"
UBERON:0001009",ADH,decreases,X reabsorption to Y,H₂O,CD,,Systemic,Systemic,minutes-hours,24h urine volume,	Volume of 24 hour Urine,3167-4,Plasma Na+,Sodium [Measurement] in Serum/plasma/blood,77139-4,,,,,,,"ADH, ANP",,,AngII,,,,,,,,,"High-Yield Physiology, 1st edition. Dudek, 2008.",ISBN: 978-0781745871,20,,,,,,,,,
urinary system,renal system process,GO:0003014,homeostasis,homeostatic process,GO:0042592,Electrolyte Balance,,,Control of K+,,,Renal Handingof K+,,,,,,,,,,,,,"PCT absorb 55%, DST absorb 30%, DCT&corCD reabsorb and secretes, medCD reabsorb, regulates [ECF]K+ (2% of body's K+): proximal tubule – reabsorbs – solutes",Tissue,kidney,kidney,UBERON:0002113,renal tubule,renal tubule,UBERON:0009773,Proximal tubule (PCT),increases,X reabsorption ,solute,,,Intra-organ,Segmental (intra-organ),milliseconds,Plasma K+,Potassium [Measurement] in Serum or Plasma,108797-2,Urine K+,Potassium [Measurement] in Urine,111459-4,,,,,,,Epinephrine,,,Insulin,,,,,,,,,"High-Yield Physiology, 1st edition. Dudek, 2008.",ISBN: 978-0781745871,21,,,,,,,,,
urinary system,renal system process,GO:0003014,homeostasis,homeostatic process,GO:0042592,Electrolyte Balance,,,Control of K+,,,Physiological Reactions to Low K+ Diet,,,,,,,,,,,,Na+-K+-ATPase: 1 ATP transports 3 Na+ out and 2 K+ in per ATP hydrolyzed; primary active transport,↓[P]K+ monitored by zona glomerulosa (ZG) cells of the adrenal cortex->↓ALD->↓K+ secretion by CD; monitered by PC of Cortical CD (CorCD)->↓ Na+-K+ ATPase activity->↓K+ secretion: LOW [P]K⁺ sensed by ZG cells → LOW aldosterone → LOW K⁺ secretion by CD,Organ system,kidney; Endocrine,kidney,UBERON:0002113,endocrine system,endocrine system,UBERON:0000949,aldosterone,increases,X secretion,K⁺,,,Systemic,Systemic,Days,Plasma K+,Potassium [Measurement] in Serum or Plasma,108797-2,Urine K+,Potassium [Measurement] in Urine,111459-4,,,,,,,Acid-base,,,,,,,,,,,,"High-Yield Physiology, 1st edition. Dudek, 2008.",ISBN: 978-0781745871,21,,,,,,,,,
urinary system,renal system process,GO:0003014,homeostasis,homeostatic process,GO:0042592,Electrolyte Balance,,,Control of K+,,,Physiological Reactions to High K+ Diet.,,,,,,,,,,,,Na+-K+-ATPase: 1 ATP transports 3 Na+ out and 2 K+ in per ATP hydrolyzed; primary active transport,↑ [P]K+ monitored by zona glomerulosa (ZG) cells of the adrenal cortex->↑ ALD->↑ K+ secretion by CD; monitered by PC of Cortical CD (CorCD)->↑ Na+-K+ ATPase activity->↑ K+ secretion: HIGH [P]K⁺ monitored by zona glomerulosa (ZG) cells → HIGH aldosterone → HIGH K⁺ secretion by CD,Cell,CD,kidney collecting duct epithelium,UBERON:0014388,kidney collecting duct epithelial cell,kidney collecting duct epithelial cell,CL:1000454,ENaC/Na⁺-K⁺ ATPase activity,increases,X secretion,K⁺,,,Autocrine,Cellular,hours-days,Plasma K+,Potassium [Measurement] in Serum or Plasma,108797-2,Urine K+,Potassium [Measurement] in Urine,111459-4,,,,,,,Acid-base,,,,,,,,,,,,"High-Yield Physiology, 1st edition. Dudek, 2008.",ISBN: 978-0781745871,21,,,,,,,,,
urinary system,renal system process,GO:0003014,homeostasis,homeostatic process,GO:0042592,Electrolyte Balance,,,Renal Handling of Ca2+,,,,,,,,,,,,,,,,"Of 10 g of calcium filtered by the kidney daily, only approximately 200 mg is excreted in the urine: ",Organ,Kidney,kidney,UBERON:0002113,kidney,kidney,UBERON:0002113,,does,X excretion to Y,Ca²⁺,urine,20% of intake Ca²⁺,,Organ (intra-organ),hours-days,Urinary phosphate,Phosphate [Measurement] in Urine,108011-8,,,,,,,,,,"digestive system, bone",digestive system process,GO:0022600,PTH,response to parathyroid hormone,GO:0071107,VitD,vitamin D binding,GO:0005499,,,,"Brenner & Rector’s The Kidney, 11th Edition (2020)",ISBN:0323532662,7,,,,,,,,,
urinary system,renal system process,GO:0003014,homeostasis,homeostatic process,GO:0042592,Electrolyte Balance,,,Renal Handling of Ca2+,,,,,,,,,,,,,,,,"Of 10 g of calcium filtered by the kidney daily, only approximately 200 mg is excreted in the urine: ",Organ,Kidney,kidney,UBERON:0002113,kidney,kidney,UBERON:0002113,,does,X reabsorption to Y,Ca²⁺,blood,98–99% of filtered calcium,,Organ (intra-organ),hours-days,Plasma phosphate,Phosphate [Measurement] in Serum or Plasma,108801-2,,,,,,,,,,"digestive system, bone",digestive system process,GO:0022600,PTH,response to parathyroid hormone,GO:0071107,VitD,vitamin D binding,GO:0005499,Calcitonin,calcitonin receptor binding,GO:0031716,"Brenner & Rector’s The Kidney, 11th Edition (2020)",ISBN:0323532662,7,,,,,,,,,
urinary system,renal system process,GO:0003014,homeostasis,homeostatic process,GO:0042592,Electrolyte Balance,,,Renal Handling of Ca2+,,,,,,,,,,,,,,,,PCT absorb 60-70%:  reabsorb or secrete – calcium,Cell,PT,renal cortex tubule,UBERON:0006853,epithelial cell of proximal tubule,kidney epithelial cell,CL:0002518,,does,X reabsorption ,Ca²⁺,,65% of kidney absorption,,Cellular,seconds-minutes,Urine Ca2+,Creatinine/Calcium [Mass Ratio] in Urine,44716-9,,,,,,,,,,,,,,,,,,,,,,"High-Yield Physiology, 1st edition. Dudek, 2008.",ISBN: 978-0781745871,24,,,,,,,,,
urinary system,renal system process,GO:0003014,homeostasis,homeostatic process,GO:0042592,Electrolyte Balance,,,Renal Handling of Ca2+,,,,,,,,,,,,,,,,TAL absorb 20%:  reabsorb or secrete – calcium,Cell,TALH,thick ascending limb of loop of Henle,UBERON:0001291,epithelial cell of thick ascending loop of henle,kidney epithelial cell,CL:0002518,,does,X reabsorption ,Ca²⁺,,20% of kidney absorption,,Cellular,minutes-hours,Urine Ca2+,Creatinine/Calcium [Mass Ratio] in Urine,44716-9,,,,,,,,,,PTH,response to parathyroid hormone,GO:0071107,,,,,,,,,,"High-Yield Physiology, 1st edition. Dudek, 2008.",ISBN: 978-0781745871,24,,,,,,,,,
urinary system,renal system process,GO:0003014,homeostasis,homeostatic process,GO:0042592,Electrolyte Balance,,,Renal Handling of Ca2+,,,,,,,,,,,,,,,,CD reabsorb 5%:  reabsorb or secrete – calcium,Cell,CD,kidney collecting duct epithelium,UBERON:0014388,epithelial cell of collecting duct,kidney epithelial cell,CL:0002518,,does,X reabsorption ,Ca²⁺,,5% of kidney absorption,,Cellular,minutes-hours,Urine Ca2+,Creatinine/Calcium [Mass Ratio] in Urine,44716-9,,,,,,,,,,PTH,response to parathyroid hormone,GO:0071107,VitD,vitamin D binding,GO:0005499,,,,,,,"High-Yield Physiology, 1st edition. Dudek, 2008.",ISBN: 978-0781745871,24,,,,,,,,,
urinary system,renal system process,GO:0003014,Homeostasis,homeostatic process,GO:0042592,Electrolyte Balance,,,Renal Handling of Ca2+,,,,,,,,,,,,,,,"~8–9% distal, hormonally regulated; thiazides reduce calciuria",TRPV5 channels mediate distal Ca²⁺ reabsorption: TRPV5 channels mediate distal Ca²⁺ reabsorption,Cell,distal tubule,distal tubule,UBERON:0004135,epithelial cell of distal tubule,kidney epithelial cell,CL:0002518,,does,X reabsorption ,Ca²⁺,,8% of kidney absorption,,Cellular,minutes-hours,Urine Ca²⁺,Creatinine/Calcium [Mass Ratio] in Urine,44716-9,,,,,,,,,,PTH,response to parathyroid hormone,GO:0071107,VitD,vitamin D binding,GO:0005499,,,,,,,"Mulroney & Myers, Netter’s Essential Physiology",ISBN 978-0-323-69463-8,18,,,,,,,,,
urinary system,renal system process,GO:0003014,Homeostasis,homeostatic process,GO:0042592,Electrolyte Balance,,,Renal Handling of Ca2+,,,Control of Ca2+: PTH,,,,,,,,,,,,"~8–9% distal, hormonally regulated; thiazides reduce calciuria",PTH increases distal Ca²⁺ reabsorption: PTH increases distal Ca²⁺ reabsorption,Cell,renal tubule,renal tubule,UBERON:0009773,epithelial cell of tubule,kidney epithelial cell,CL:0002518,PTH,increases,X reabsorption ,Ca²⁺,,,Systemic,Systemic,minutes,PTH (pg/mL),	Parathyrin related protein [Mass/volume] in Serum or Plasma,	2729-2,MR Parathyroid gland,MR Parathyroid gland,36053-7,,,,,,,PTH,response to parathyroid hormone,GO:0071107,,,,,,,,,,"Mulroney & Myers, Netter’s Essential Physiology",ISBN 978-0-323-69463-8,18,,,,,,,,,
urinary system,renal system process,GO:0003014,Homeostasis,homeostatic process,GO:0042592,Electrolyte Balance,,,Renal Handling of Ca2+,,,Control of Ca2+: PTH,,,,,,,,,,,,"~8–9% distal, hormonally regulated; thiazides reduce calciuria",High serum phosphate ↓ Ca²⁺ → ↑ PTH → ↑ phosphaturia; PTH also ↑ Ca²⁺ reabsorption: High serum phosphate increases Ca²⁺ reabsorption,Cell,renal tubule,renal tubule,UBERON:0009773,epithelial cell of tubule,kidney epithelial cell,CL:0002518,plasma P,increases,X reabsorption ,Ca²⁺,,,Systemic,Systemic,minutes,PTH (pg/mL),	Parathyrin related protein [Mass/volume] in Serum or Plasma,	2729-2,MR Parathyroid gland,MR Parathyroid gland,36053-7,,,,,,,PTH,response to parathyroid hormone,GO:0071107,,,,,,,,,,"Mulroney & Myers, Netter’s Essential Physiology",ISBN 978-0-323-69463-8,18,,,,,,,,,
urinary system,renal system process,GO:0003014,homeostasis,homeostatic process,GO:0042592,Electrolyte Balance,,,Renal Handling of Ca2+,,,Control of Ca2+: VitD,,,,,,,,,,,,,[P]Ca2+ controlled by VitD (liver&PCT hydroxylate): [P]Ca²⁺ controlled by Vitamin D (liver & PCT hydroxylation),Cell,renal tubule,renal tubule,UBERON:0009773,epithelial cell of tubule,kidney epithelial cell,CL:0002518,Vitamin D,increases,X reabsorption ,Ca²⁺,,,Systemic,Systemic,hours-days,25-Hydroxyvitamin D (25-OH-D),"1,25-Dihydroxyvitamin D [Mass/volume] in Serum or Plasma",62290-2,,,,,,,,,,VitD,vitamin D binding,GO:0005499,Calcitonin,calcitonin receptor binding,GO:0031716,,,,,,,"High-Yield Physiology, 1st edition. Dudek, 2008.",ISBN: 978-0781745871,24,,,,,,,,,
urinary system,renal system process,GO:0003014,homeostasis,homeostatic process,GO:0042592,Electrolyte Balance,,,Renal Handling of Ca2+,,,Control of Ca2+ Excretion in the Urine,,,,,,,,,,,,,Ca2+ excretion = Ca2+ filtered-Ca2+ reabsorbed = (GFR x [P]Ca2+) - Ca2+ reabsorbed: calcium – excreted – urine,Organ,kidney,kidney,UBERON:0002113,kidney,kidney,UBERON:0002113,blood flow into glomerulus,increases,X excretion to Y,Ca²⁺,urine,,Circulatory,Circulatory,days-weeks,Urine Ca2+,Creatinine/Calcium [Mass Ratio] in Urine,44716-9,,,,,,,,,,AngII,,,,,,,,,,,,"High-Yield Physiology, 1st edition. Dudek, 2008.",ISBN: 978-0781745871,24,,,,,,,,,
urinary system,renal system process,GO:0003014,homeostasis,homeostatic process,GO:0042592,Electrolyte Balance,,,Renal Handling of Ca2+,,,Control of Ca2+ Excretion in the Urine,,,,,,,,,,,,,Ca2+ excretion = Ca2+ filtered-Ca2+ reabsorbed = (GFR x [P]Ca2+) - Ca2+ reabsorbed: calcium – reabsorbed – nephron,Organ,kidney,kidney,UBERON:0002113,kidney,kidney,UBERON:0002113,plasma Ca²⁺,decreases,X reabsorption ,Ca²⁺,,,Systemic,Systemic,days-weeks,Plasma Ca2+,Calcium [Measurement] in Serum or Plasma,108758-4,,,,,,,,,,,,,,,,,,,,,,"High-Yield Physiology, 1st edition. Dudek, 2008.",ISBN: 978-0781745871,24,,,,,,,,,
urinary system,renal system process,GO:0003014,homeostasis,homeostatic process,GO:0042592,Electrolyte Balance,,,Renal Handling of PO4 2-,,,,,,,,,,,,,,,,Approximately 85–90% of plasma phosphate is freely filtered at the glomerulus: ,Organ,Kidney,kidney,UBERON:0002113,kidney,kidney,UBERON:0002113,,does,X excretion to Y,PO4 2- ,urine,60% of intake P,,Organ (intra-organ),hours-days,Urinary phosphate,Phosphate [Measurement] in Urine,108011-8,,,,,,,,,,"digestive system, bone",digestive system process,GO:0022600,PTH,response to parathyroid hormone,GO:0071107,FGF23,ibroblast growth factor binding,GO:0017134,,,,"Brenner & Rector’s The Kidney, 11th Edition (2020)",ISBN:0323532662,7,,,,,,,,,
urinary system,renal system process,GO:0003014,homeostasis,homeostatic process,GO:0042592,Electrolyte Balance,,,Renal Handling of PO4 2-,,,,,,,,,,,,,,,,the kidney reabsorbs approximately 80% of the filtered phosphate load: ,Organ,Kidney,kidney,UBERON:0002113,kidney,kidney,UBERON:0002113,,does,X reabsorption to Y,PO4 2- ,blood,80% of the filtered phosphate load,,Organ (intra-organ),hours-days,Plasma phosphate,Phosphate [Measurement] in Serum or Plasma,108801-2,,,,,,,,,,"digestive system, bone",digestive system process,GO:0022600,PTH,response to parathyroid hormone,GO:0071107,FGF23,ibroblast growth factor binding,GO:0017134,,,,"Brenner & Rector’s The Kidney, 11th Edition (2020)",ISBN:0323532662,7,,,,,,,,,
urinary system,renal system process,GO:0003014,homeostasis,homeostatic process,GO:0042592,Electrolyte Balance,,,Renal Handling of PO4 2-,,,,,,,,,,,,,,,,"PCT absorb 80%,Distal Tubule & Collecting Duct Minor phosphate reabsorption, the remaining 15% is secreted: proximal tubule – reabsorbs – filtered solute",Cell,PCT,proximal convoluted tubule,UBERON:0001287,kidney proximal convoluted tubule epithelial cell,kidney proximal convoluted tubule epithelial cell,CL:1000838,,does,X reabsorption ,PO4 2- ,,85%,,Cellular,hours-days,Plasma phosphate,Phosphate [Measurement] in Serum or Plasma,108801-2,,,,,,,,,,PTH,response to parathyroid hormone,GO:0071107,FGF23,ibroblast growth factor binding,GO:0017134,,,,,,,"High-Yield Physiology, 1st edition. Dudek, 2008.",ISBN: 978-0781745871,24,,,,,,,,,
urinary system,renal system process,GO:0003014,homeostasis,homeostatic process,GO:0042592,Electrolyte Balance,,,Renal Handling of PO4 2-,,,,,,,,,,,,,,,,"PCT absorb 80%,Distal Tubule & Collecting Duct Minor phosphate reabsorption, the remaining 15% is secreted: proximal tubule – reabsorbs – filtered solute",Cell,PCT,proximal convoluted tubule,UBERON:0001287,kidney proximal convoluted tubule epithelial cell,kidney proximal convoluted tubule epithelial cell,CL:1000838,LOW PH,decreases,X reabsorption ,PO4 2- ,,,Intra-organ,Segmental (intra-organ),hours-days,Plasma phosphate,Phosphate [Measurement] in Serum or Plasma,108801-2,,,,,,,,,,PTH,response to parathyroid hormone,GO:0071107,FGF23,ibroblast growth factor binding,GO:0017134,,,,,,,"High-Yield Physiology, 1st edition. Dudek, 2008.",ISBN: 978-0781745871,24,,,,,,,,,
urinary system,renal system process,GO:0003014,homeostasis,homeostatic process,GO:0042592,Electrolyte Balance,,,Renal Handling of PO4 2-,,,Control of PO4 2-: PTH,,,,,,,,,,,,,"PCT absorb 80%,Distal Tubule & Collecting Duct Minor phosphate reabsorption, the remaining 15% is secreted: proximal tubule – reabsorbs – filtered solute",Cell,PCT,proximal convoluted tubule,UBERON:0001287,kidney proximal convoluted tubule epithelial cell,kidney proximal convoluted tubule epithelial cell,CL:1000838,PTH,decreases,X reabsorption ,PO4 2- ,,,Systemic,Systemic,hours-days,Plasma phosphate,Phosphate [Measurement] in Serum or Plasma,108801-2,,,,,,,,,,PTH,response to parathyroid hormone,GO:0071107,FGF23,ibroblast growth factor binding,GO:0017134,,,,,,,"High-Yield Physiology, 1st edition. Dudek, 2008.",ISBN: 978-0781745871,24,,,,,,,,,
urinary system,renal system process,GO:0003014,homeostasis,homeostatic process,GO:0042592,Electrolyte Balance,,,Renal Handling of PO4 2-,,,Control of PO4 2-: PTH,,,,,,,,,,,,,"PCT absorb 80%,Distal Tubule & Collecting Duct Minor phosphate reabsorption, the remaining 15% is secreted: proximal tubule – reabsorbs – filtered solute",Cell,PCT,proximal convoluted tubule,UBERON:0001287,kidney proximal convoluted tubule epithelial cell,kidney proximal convoluted tubule epithelial cell,CL:1000838,Vitamin D,increases,X reabsorption ,PO4 2- ,,,Systemic,Systemic,hours-days,Plasma phosphate,Phosphate [Measurement] in Serum or Plasma,108801-2,,,,,,,,,,PTH,response to parathyroid hormone,GO:0071107,FGF23,ibroblast growth factor binding,GO:0017134,,,,,,,"High-Yield Physiology, 1st edition. Dudek, 2008.",ISBN: 978-0781745871,24,,,,,,,,,
urinary system,renal system process,GO:0003014,homeostasis,homeostatic process,GO:0042592,Electrolyte Balance,,,Renal Handling of PO4 2-,,,Control of PO4 2-: VitD,,,,,,,,,,,,,"PCT absorb 80%,Distal Tubule & Collecting Duct Minor phosphate reabsorption, the remaining 15% is secreted: proximal tubule – reabsorbs – filtered solute",Cell,PCT,proximal convoluted tubule,UBERON:0001287,kidney proximal convoluted tubule epithelial cell,kidney proximal convoluted tubule epithelial cell,CL:1000838,FGF23,decreases,X reabsorption ,PO4 2- ,,,Systemic,Systemic,hours-days,Plasma phosphate,Phosphate [Measurement] in Serum or Plasma,108801-2,,,,,,,,,,PTH,response to parathyroid hormone,GO:0071107,FGF23,ibroblast growth factor binding,GO:0017134,,,,,,,"High-Yield Physiology, 1st edition. Dudek, 2008.",ISBN: 978-0781745871,24,,,,,,,,,
urinary system,renal system process,GO:0003014,homeostasis,homeostatic process,GO:0042592,Electrolyte Balance,,,Renal Handling of PO4 2-,,,,,,,,,,,,,,,,"PCT absorb 80%,Distal Tubule & Collecting Duct Minor phosphate reabsorption, the remaining 15% is secreted: proximal tubule – reabsorbs – filtered solute",Cell,PCT,proximal convoluted tubule,UBERON:0001287,kidney proximal convoluted tubule epithelial cell,kidney proximal convoluted tubule epithelial cell,CL:1000838,plasma Ca²⁺,increases,X reabsorption ,PO4 2- ,,,Systemic,Systemic,hours-days,Plasma phosphate,Phosphate [Measurement] in Serum or Plasma,108801-2,,,,,,,,,,PTH,response to parathyroid hormone,GO:0071107,FGF23,ibroblast growth factor binding,GO:0017134,,,,,,,"High-Yield Physiology, 1st edition. Dudek, 2008.",ISBN: 978-0781745871,24,,,,,,,,,
urinary system,renal system process,GO:0003014,homeostasis,homeostatic process,GO:0042592,Electrolyte Balance,,,Renal Handling of PO4 2-,,,,,,,,,,,,,,,,"PCT absorb 80%,Distal Tubule & Collecting Duct Minor phosphate reabsorption, the remaining 15% is secreted: proximal tubule – reabsorbs – filtered solute",Cell,PCT,proximal convoluted tubule,UBERON:0001287,kidney proximal convoluted tubule epithelial cell,kidney proximal convoluted tubule epithelial cell,CL:1000838,Mg²⁺ deficiency,increases,X reabsorption ,PO4 2- ,,,Systemic,Systemic,hours-days,Plasma phosphate,Phosphate [Measurement] in Serum or Plasma,108801-2,,,,,,,,,,PTH,response to parathyroid hormone,GO:0071107,FGF23,ibroblast growth factor binding,GO:0017134,,,,,,,"High-Yield Physiology, 1st edition. Dudek, 2008.",ISBN: 978-0781745871,24,,,,,,,,,
urinary system,renal system process,GO:0003014,homeostasis,homeostatic process,GO:0042592,Electrolyte Balance,,,Renal Handling of PO4 2-,,,,,,,,,,,,,,,,"PCT absorb 80%,Distal Tubule & Collecting Duct Minor phosphate reabsorption, the remaining 15% is secreted: tubular system – secretes – remaining solutes",Organ,kidney,kidney,UBERON:0002113,kidney,kidney,UBERON:0002113,blood flow into glomerulus,increases,X secretion to Y,PO4 2- ,urine,20%,Circulatory,Circulatory,hours-days,Urinary phosphate,Phosphate [Measurement] in Urine,108011-8,,,,,,,,,,PTH,response to parathyroid hormone,GO:0071107,,,,,,,,,,"High-Yield Physiology, 1st edition. Dudek, 2008.",ISBN: 978-0781745871,24,,,,,,,,,
urinary system,renal system process,GO:0003014,homeostasis,homeostatic process,GO:0042592,RAAS modulation,maintenance of blood vessel diameter homeostasis by renin-angiotensin,GO:0002034,angiotensin-activated signaling pathway,angiotensin-activated signaling pathway,GO:0038166,,,,,,,,,,,,,,"angiotensinogen, is converted to angiotensin I and angiotensin II by angiotensin- converting enzyme (ACE).: Angiotensinogen → Renin → Ang I → ACE → Ang II",Cell,kidney,kidney,UBERON:0002113,kidney afferent arteriole endothelial cell,kidney efferent arteriole endothelial cell,CL:1001099,Angiotensinogen,does,X production,Ang II,,,Systemic,Systemic,days,blood pressure,First Blood pressure Set,18684-1,,,,,,,,,,aldosterone production,,,renal production of vasodilatory prostaglandins,,,,,,,,,"Brenner & Rector’s The Kidney, 11th Edition (2020)",ISBN:0323532662,3,,,,,,,,,
urinary system,renal system process,GO:0003014,homeostasis,homeostatic process,GO:0042592,RAAS modulation,maintenance of blood vessel diameter homeostasis by renin-angiotensin,GO:0002034,angiotensin-activated signaling pathway,angiotensin-activated signaling pathway,GO:0038166,,,,,,,,,,,,,,"AT1 receptors are responsible for most of the classically recognized functions of the renin–angiotensin system (RAS), AT2 opposite
 including pressor effects and aldosterone release mediated
 through angiotensin: AT1 mediates classical RAAS effects",Cell,kidney,kidney,UBERON:0002113,kidney afferent arteriole endothelial cell,kidney efferent arteriole endothelial cell,CL:1001099,AT1 activity,does,X mediation,RAAS effects,,,Systemic,Systemic,minutes-hours,blood pressure,First Blood pressure Set,18684-1,,,,,,,,,,,,,,,,,,,,,,"Brenner & Rector’s The Kidney, 11th Edition (2020)",ISBN:0323532662,"1,3",,,,,,,,,
urinary system,renal system process,GO:0003014,homeostasis,homeostatic process,GO:0042592,RAAS modulation,maintenance of blood vessel diameter homeostasis by renin-angiotensin,GO:0002034,angiotensin-activated signaling pathway,angiotensin-activated signaling pathway,GO:0038166,,,,,,,,,,,,,,"AT1 receptors are responsible for most of the classically recognized functions of the renin–angiotensin system (RAS), AT2 opposite
 including pressor effects and aldosterone release mediated
 through angiotensin: AT2 opposes AT1",Cell,kidney,kidney,UBERON:0002113,kidney afferent arteriole endothelial cell,kidney efferent arteriole endothelial cell,CL:1001099,AT2 activity,decreases,X mediation,RAAS effects,,,Systemic,Systemic,minutes-hours,blood pressure,First Blood pressure Set,18684-1,,,,,,,,,,,,,,,,,,,,,,"Brenner & Rector’s The Kidney, 11th Edition (2020)",ISBN:0323532662,"1,3",,,,,,,,,
urinary system,renal system process,GO:0003014,homeostasis,homeostatic process,GO:0042592,waste excretion,renal water homeostasis,GO:0003091,peristalsis,ureteric peristalsis,GO:0072105,,,,,,,,,,,,,,Rhythmic contraction and diastole of the smooth muscle of the ureter propels urine from the renal pelvis to the bladder: Ureteral peristalsis propels urine from renal pelvis to bladder,Tissue,ureter,ureter,UBERON:0000056,ureter smooth muscle,ureter smooth muscle,UBERON:0009919,,does,X propulsion to Y,urine,bladder,,,Organ (intra-organ),minutes,,,,,,,,,,,,,ADH,,,Angiotensin II,,,,,,,,,"Brenner & Rector’s The Kidney, 11th Edition (2020)",ISBN:0323532662,25,,,,,,,,,
urinary system,renal system process,GO:0003014,homeostasis,homeostatic process,GO:0042592,waste excretion,renal water homeostasis,GO:0003091,flow adjustment,regulation of urine volume,GO:0035809,,,,,,,,,,,,,,urine flow adjustment: urinary tract – adjusts – urine flow,Organ,ureter,ureter,UBERON:0000056,ureter,ureter,UBERON:0000056,,does,X adjustment,urine flow,,,,Organ (intra-organ),hours,,,,,,,,,,,,,"RAAS (Ang II, Aldosterone)",,,ANP/BNP,,,,,,,,,"Brenner & Rector’s The Kidney, 11th Edition (2020)",ISBN:0323532662,3,,,,,,,,,
urinary system,renal system process,GO:0003014,homeostasis,homeostatic process,GO:0042592,waste excretion,renal water homeostasis,GO:0003091,tissue remodeling,,,,,,,,,,,,,,,,Structural adaptation of urinary tract tissues: Bladder wall stretch triggers micturition reflex,Tissue,Bladder,urinary bladder,UBERON:0001255,Bladder,urinary bladder,UBERON:0001255,,does,X reflex,micturition,,,,Organ (intra-organ),days,,,,,,,,,,,,,"TGF-β, FGF,",,,,,,,,,,,,"Brenner & Rector’s The Kidney, 11th Edition (2020)",ISBN:0323532662,6,,,,,,,,,
urinary system,renal system process,GO:0003014,Response to stimuli,response to stimulus,GO:0050896,Autonomic,,,Bladder filling reflex,micturition,GO:0060073,,,,,,,,,,,,,Storage phase,"Sympathetic inhibition of detrusor, contraction of internal sphincter: Sympathetic inhibits detrusor",Organ system,urinary bladder; Sympathetic nervous system,urinary bladder,UBERON:0001255,Sympathetic nervous system,Sympathetic nervous system,UBERON:0000013,Sympathetic β₂/β₃ ,decreases,X activity ,detrusor,,,Systemic,Systemic,seconds,Bladder capacity,Bladder control - functional ability,	96760-4,RF Urinary bladder Views W chain and contrast intra bladder,RF Urinary bladder Views W chain and contrast intra bladder,	38092-3,,,,,,,CV,,,CNS,,,,,,,,,"Mulroney & Myers, Netter’s Essential Physiology",ISBN 978-0-323-69463-8,19,,,,,,,,,
urinary system,renal system process,GO:0003014,Response to stimuli,response to stimulus,GO:0050896,Autonomic,,,Bladder filling reflex,micturition,GO:0060073,,,,,,,,,,,,,Storage phase,Sympathetic contracts internal sphincter: Sympathetic contracts internal sphincter,Organ system,urinary bladder; Sympathetic nervous system,urinary bladder,UBERON:0001255,Sympathetic nervous system,Sympathetic nervous system,UBERON:0000013,Sympathetic α₁ ,does,X contraction ,internal sphincter,,,Systemic,Systemic,seconds,Bladder capacity,Bladder control - functional ability,	96760-4,RF Urinary bladder Views W chain and contrast intra bladder,RF Urinary bladder Views W chain and contrast intra bladder,	38092-3,,,,,,,CV,,,CNS,,,,,,,,,"Mulroney & Myers, Netter’s Essential Physiology",ISBN 978-0-323-69463-8,19,,,,,,,,,
urinary system,renal system process,GO:0003014,Response to stimuli,response to stimulus,GO:0050896,Autonomic,,,Micturition reflex,micturition,GO:0060073,,,,,,,,,,,,,Coordinated voiding,"Parasympathetic → detrusor contraction, sphincter relaxation: Parasympathetic leads to detrusor contraction",Organ system,urinary bladder; Parasympathetic Sympathetic nervous system,urinary bladder,UBERON:0001255,Parasympathetic nervous system,parasympathetic nervous system,UBERON:0000011,Parasympathetic+Voluntary control,increases,X contraction ,detrusor,,,Systemic,Systemic,seconds,Uroflowmetry,Uroflowmetry study,80521-8,Residual volume,Residual volume,20146-7,,,,,,,CNS,,,ANS,,,,,,,,,"Mulroney & Myers, Netter’s Essential Physiology",ISBN 978-0-323-69463-8,19,,,,,,,,,
urinary system,renal system process,GO:0003014,Response to stimuli,response to stimulus,GO:0050896,Autonomic,,,Micturition reflex,micturition,GO:0060073,,,,,,,,,,,,,Coordinated voiding,"Parasympathetic → detrusor contraction, sphincter relaxation: Parasympathetic leads to sphincter relaxation",Organ system,urinary bladder; Parasympathetic Sympathetic nervous system,urinary bladder,UBERON:0001255,Parasympathetic nervous system,parasympathetic nervous system,UBERON:0000011,Parasympathetic +Voluntary control,increases,X relaxation,sphincter,,,Systemic,Systemic,seconds,Uroflowmetry,Uroflowmetry study,80521-8,Residual volume,Residual volume,20146-7,,,,,,,CNS,,,ANS,,,,,,,,,"Mulroney & Myers, Netter’s Essential Physiology",ISBN 978-0-323-69463-8,19,,,,,,,,,
urinary system,renal system process,GO:0003014,Response to stimuli,response to stimulus,GO:0050896,Voluntary control,,,External sphincter,,,,,,,,,,,,,,,Somatic voluntary control,Somatic (pudendal) innervation maintains continence: Pudendal nerve maintains external urethral sphincter tone,Organ system,urinary bladder; Somatic motor nervous system,urinary bladder,UBERON:0001255,Somatic motor nervous system,Somatic motor nervous system,UBERON:0003945,Pudendal nerve,does,X maintenance,external sphincter tone,,,Systemic,Systemic,seconds,Uroflow,Uroflowmetry study,80521-8,EMG,Electromyography panel,98716-4,,,,,,,CNS (cortex),,,ANS,,,,,,,,,"Mulroney & Myers, Netter’s Essential Physiology",ISBN 978-0-323-69463-8,19,,,,,,,,,