Whole Person Physiome Table for Digestive System,,,,,,,,,,,,,,,,,,,,,,,,,,,,,,,,,,,,,,,,,,,,,,,,,,,,,,,,,,,,,,,,,,,,,,,,,,,,,,,,,,,,,,,,,,,,,,,,,,,,,
,,,,,,,,,,,,,,,,,,,,,,,,,,,,,,,,,,,,,,,,,,,,,,,,,,,,,,,,,,,,,,,,,,,,,,,,,,,,,,,,,,,,,,,,,,,,,,,,,,,,,
Author Name(s):,Jacob C. Scherba,Minyan Zhu,,,,,,,,,,,,,,,,,,,,,,,,,,,,,,,,,,,,,,,,,,,,,,,,,,,,,,,,,,,,,,,,,,,,,,,,,,,,,,,,,,,,,,,,,,,,,,,,,,,
Author ORCID(s):,0000-0001-8187-0507,0000-0002-1868-3896,,,,,,,,,,,,,,,,,,,,,,,,,,,,,,,,,,,,,,,,,,,,,,,,,,,,,,,,,,,,,,,,,,,,,,,,,,,,,,,,,,,,,,,,,,,,,,,,,,,
Reviewer Name(s):,Rebecca Wells,Katalin Susztak,,,,,,,,,,,,,,,,,,,,,,,,,,,,,,,,,,,,,,,,,,,,,,,,,,,,,,,,,,,,,,,,,,,,,,,,,,,,,,,,,,,,,,,,,,,,,,,,,,,
Reviewer ORCID(s):,0000-0002-6988-4102,0000‑0002‑1005‑3726,,,,,,,,,,,,,,,,,,,,,,,,,,,,,,,,,,,,,,,,,,,,,,,,,,,,,,,,,,,,,,,,,,,,,,,,,,,,,,,,,,,,,,,,,,,,,,,,,,,
General Publication(s):,,,,,,,,,,,,,,,,,,,,,,,,,,,,,,,,,,,,,,,,,,,,,,,,,,,,,,,,,,,,,,,,,,,,,,,,,,,,,,,,,,,,,,,,,,,,,,,,,,,,,
Data DOI:,,,,,,,,,,,,,,,,,,,,,,,,,,,,,,,,,,,,,,,,,,,,,,,,,,,,,,,,,,,,,,,,,,,,,,,,,,,,,,,,,,,,,,,,,,,,,,,,,,,,,
Date:,8/6/2026,,,,,,,,,,,,,,,,,,,,,,,,,,,,,,,,,,,,,,,,,,,,,,,,,,,,,,,,,,,,,,,,,,,,,,,,,,,,,,,,,,,,,,,,,,,,,,,,,,,,
Version Number:,v1.0,,,,,,,,,,,,,,,,,,,,,,,,,,,,,,,,,,,,,,,,,,,,,,,,,,,,,,,,,,,,,,,,,,,,,,,,,,,,,,,,,,,,,,,,,,,,,,,,,,,,
Physiological Function,,,,,,,,,,,,,,,,,,,,,,,,,Physiological Process,,,,,,,,,,,,,,,,,,,,,,,,Scales of Effect,,,Clinical Metrics,,,,,,,,,,,,Interacting Functions,,,,,,,,,,,,Reference Material,,,,,,,,,,,,Common Data Elements,,,,,,,,,,,,,
"List physiological functions as a hierarchy, starting with the body system in Function/1 (this should be the same as the table name), a major life function in Function/2, and more specific functions in subsequent columns. Add more columns if needed. Place limited explanatory text if needed in FunctionNotes. Each function should include a ID from Gene Ontology (GO) if possible or another standard ontology. The LABEL column is the label for that ID as it appears in that ontology.",,,,,,,,,,,,,,,,,,,,,,,,,"Provide a very brief description (a few words) of the specific processes that occur during the corresponding function (e.g., a chemical reaction, physical change, feedback loop, etc.) in the Process column. Enter whether the Effector is a cell, tissue, or organ. Provide the anatomical location of the Effector in EffectorLocation along with the associated UBERON ID, if avaialble. Enter the Effector and its UBERON ID in the following columns. See Glossary for detailed instructions on tabulating the Signal, Effect, Behavior, Behavior X, Behavior Y, and X Target columns.",,,,,,,,,,,,,,,,,,,,,,,Enter notes here from primary texts on quantitative information available for the processes denoted to the left,"Indicate the time scale category for this process: milliseconds, seconds, minutes, hours, days, weeks, years.","Indicate the signal scale category for this process: autocrine, paracrine, intra-organ, circulatory, systemic","Indicate the signal scale category for this process: autocrine, paracrine, intra-organ, circulatory, systemic","OPTIONAL FOR NOW. List clinical measures, such as laboratory tests, vital signs, or radiology studies, related to the physiological function. These columns are simple lists and are NOT hierarchical. Include an ID for the measurement, such as a LOINC code, if known. Add more columns if needed.",,,,,,,,,,,,"OPTIONAL FOR NOW. List other interacting physiological functions. These columns are simple lists and NOT hierarchical. Add more columns if needed. For the LABEL and ID columns, use Gene Ontology (GO) if possible.",,,,,,,,,,,,"REQUIRED. Enter references in support of the information on this row. The ID column should include a standard identifier, such as a DOI or ISBN. The optional CHAPTER column should be used to list the relevant chapters in a book. The optional NOTES column can be used to clarify which part of the row the reference is for, such as a reference about the anatomical structures involved in the function rather than the interactions. Add more sets of reference columns if needed, making sure to include the ID column.",,,,,,,,,,,,"REQUIRED IF AVAILABLE. For each row, enter any corresponding common data elements (CDEs) that relate to the process.  Add more sets of CDE columns if needed, making sure to include the ID column.",,,,,,,,,,,,,
Function/1,Function/1/LABEL,Function/1/ID,Function/2,Function/2/LABEL,Function/2/ID,Function/3,Function/3/LABEL,Function/3/ID,Function/4,Function/4/LABEL,Function/4/ID,Function/5,Function/5/LABEL,Function/5/ID,Function/6,Function/6/LABEL,Function/6/ID,Function/7,Function/7/LABEL,Function/7/ID,Function/8,Function/8/LABEL,Function/8/ID,FunctionNotes,Process,EffectorScale,EffectorLocation,EffectorLocation/LABEL,EffectorLocation/ID,Effector,Effector/LABEL,Effector/ID,Signal,Signal/LABEL,Signal/ID,Effect,Behavior,Behavior X,Behavior X/LABEL,Behavior X/ID,Behavior Y,Behavior Y/LABEL,Behavior Y/ID,Behavior Z,Behavior Z/LABEL,Behavior Z/ID,X Target,QuantitativeNotes,TimeScale,SignalScale,EffectScale,ClinicalMeasure/1,ClinicalMeasure/1/LABEL,ClinicalMeasure/1/ID,ClinicalMeasure/2,ClinicalMeasure/2/LABEL,ClinicalMeasure/2/ID,ClinicalMeasure/3,ClinicalMeasure/3/LABEL,ClinicalMeasure/3/ID,ClinicalMeasure/4,ClinicalMeasure/4/LABEL,ClinicalMeasure/4/ID,Interaction/1,Interaction/1/LABEL,Interaction/1/ID,Interaction/2,Interaction/2/LABEL,Interaction/2/ID,Interaction/3,Interaction/3/LABEL,Interaction/3/ID,Interaction/4,Interaction/4/LABEL,Interaction/4/ID,REF/1,REF/1/ID,REF/1/CHAPTER,REF/1/NOTES,REF/2,REF/2/ID,REF/2/CHAPTER,REF/2/NOTES,REF/3,REF/3/ID,REF/3/CHAPTER,REF/3/NOTES,CDE/1,CDE/1/ID,CDE/2,CDE/2/ID,CDE/3,CDE/3/ID,CDE/4,CDE/4/ID,CDE/5,CDE/5/ID,CDE/6,CDE/6/ID,CDE/7,CDE/7/ID
digestive system,digestive system process,GO:0022602,motility,digestive tract motility,,smooth muscle excitability,smooth muscle contraction,GO:0006939,slow wave generation and tone,,,,,,,,,,,,,,,"GRAMMAR NOTE: slow-wave pacemaking by interstitial cells of Cajal is represented as a signal on smooth muscle rather than as a behavior of the ICC, because generating a rhythm is not an act in the current term set",Gastrointestinal smooth muscle maintains baseline tone,cell,intestine,intestine,UBERON:0000160,smooth muscle cell,smooth muscle cell,CL:0000192,,,,does,contraction,,,,,,,,,,,resting tone; contraction occurs only when slow-wave depolarisation reaches threshold,seconds-minutes,,intra-organ,antroduodenal manometry,,,gastric emptying scintigraphy,,,whole gut transit time,,,,,,interstitial cells of Cajal,,,enteric nervous system,,,vagal parasympathetic input,,,sympathetic nervous system,,,"High-Yield Physiology, 1st edition. Dudek, 2008.",ISBN: 978-0781745871,28,,,,,,,,,,,,,,,,,,,,,,,
digestive system,digestive system process,GO:0022602,motility,digestive tract motility,,smooth muscle excitability,smooth muscle contraction,GO:0006939,slow wave generation and tone,,,,,,,,,,,,,,,,Slow waves set the maximum frequency of phasic contraction in each region,cell,intestine,intestine,UBERON:0000160,smooth muscle cell,smooth muscle cell,CL:0000192,slow wave depolarisation,,,increases,contraction X,frequency,,,,,,,,,,"region-specific: stomach ~3/min, duodenum ~12/min, ileum ~8/min, colon 3-12/min",seconds,intra-organ,intra-organ,antroduodenal manometry,,,gastric emptying scintigraphy,,,whole gut transit time,,,,,,interstitial cells of Cajal,,,enteric nervous system,,,vagal parasympathetic input,,,sympathetic nervous system,,,"High-Yield Physiology, 1st edition. Dudek, 2008.",ISBN: 978-0781745871,28,,,,,,,,,,,,,,,,,,,,,,,
digestive system,digestive system process,GO:0022602,motility,digestive tract motility,,smooth muscle excitability,smooth muscle contraction,GO:0006939,slow wave generation and tone,,,,,,,,,,,,,,,,Enteric excitatory motor neurons increase contractile force through acetylcholine,cell,intestine,intestine,UBERON:0000160,smooth muscle cell,smooth muscle cell,CL:0000192,acetylcholine,,,increases,contraction X,force,,,,,,,,,,muscarinic M3; depolarises the slow-wave plateau and increases spike-burst number,seconds,paracrine,intra-organ,antroduodenal manometry,,,gastric emptying scintigraphy,,,whole gut transit time,,,,,,interstitial cells of Cajal,,,enteric nervous system,,,vagal parasympathetic input,,,sympathetic nervous system,,,"High-Yield Physiology, 1st edition. Dudek, 2008.",ISBN: 978-0781745871,28,,,,,,,,,,,,,,,,,,,,,,,
digestive system,digestive system process,GO:0022602,motility,digestive tract motility,,smooth muscle excitability,smooth muscle contraction,GO:0006939,slow wave generation and tone,,,,,,,,,,,,,,,,Substance P co-transmits with acetylcholine at excitatory motor endings,cell,intestine,intestine,UBERON:0000160,smooth muscle cell,smooth muscle cell,CL:0000192,substance P,,,increases,contraction X,force,,,,,,,,,,,seconds,paracrine,intra-organ,antroduodenal manometry,,,gastric emptying scintigraphy,,,whole gut transit time,,,,,,interstitial cells of Cajal,,,enteric nervous system,,,vagal parasympathetic input,,,sympathetic nervous system,,,"High-Yield Physiology, 1st edition. Dudek, 2008.",ISBN: 978-0781745871,28,,,,,,,,,,,,,,,,,,,,,,,
digestive system,digestive system process,GO:0022602,motility,digestive tract motility,,smooth muscle excitability,smooth muscle contraction,GO:0006939,slow wave generation and tone,,,,,,,,,,,,,,,"nitrergic, VIPergic and purinergic transmission together constitute the NANC inhibitory pathway",Inhibitory motor neurons relax smooth muscle through nitric oxide,cell,intestine,intestine,UBERON:0000160,smooth muscle cell,smooth muscle cell,CL:0000192,nitric oxide,,,decreases,contraction X,force,,,,,,,,,,,seconds,paracrine,intra-organ,antroduodenal manometry,,,gastric emptying scintigraphy,,,whole gut transit time,,,,,,interstitial cells of Cajal,,,enteric nervous system,,,vagal parasympathetic input,,,sympathetic nervous system,,,"High-Yield Physiology, 1st edition. Dudek, 2008.",ISBN: 978-0781745871,28,,,,,,,,,,,,,,,,,,,,,,,
digestive system,digestive system process,GO:0022602,motility,digestive tract motility,,smooth muscle excitability,smooth muscle contraction,GO:0006939,slow wave generation and tone,,,,,,,,,,,,,,,,VIP mediates sustained NANC inhibition,cell,intestine,intestine,UBERON:0000160,smooth muscle cell,smooth muscle cell,CL:0000192,vasoactive intestinal peptide,,,decreases,contraction X,force,,,,,,,,,,,seconds,paracrine,intra-organ,antroduodenal manometry,,,gastric emptying scintigraphy,,,whole gut transit time,,,,,,interstitial cells of Cajal,,,enteric nervous system,,,vagal parasympathetic input,,,sympathetic nervous system,,,"High-Yield Physiology, 1st edition. Dudek, 2008.",ISBN: 978-0781745871,28,,,,,,,,,,,,,,,,,,,,,,,
digestive system,digestive system process,GO:0022602,motility,digestive tract motility,,smooth muscle excitability,smooth muscle contraction,GO:0006939,slow wave generation and tone,,,,,,,,,,,,,,,,Purinergic transmission hyperpolarises smooth muscle and reduces contraction,cell,intestine,intestine,UBERON:0000160,smooth muscle cell,smooth muscle cell,CL:0000192,adenosine triphosphate,,,decreases,contraction X,force,,,,,,,,,,purinergic P2Y1-mediated hyperpolarisation,seconds,paracrine,intra-organ,antroduodenal manometry,,,gastric emptying scintigraphy,,,whole gut transit time,,,,,,interstitial cells of Cajal,,,enteric nervous system,,,vagal parasympathetic input,,,sympathetic nervous system,,,"High-Yield Physiology, 1st edition. Dudek, 2008.",ISBN: 978-0781745871,28,,,,,,,,,,,,,,,,,,,,,,,
digestive system,digestive system process,GO:0022602,motility,digestive tract motility,,smooth muscle excitability,smooth muscle contraction,GO:0006939,slow wave generation and tone,,,,,,,,,,,,,,,,Sympathetic outflow inhibits non-sphincteric smooth muscle,cell,intestine,intestine,UBERON:0000160,smooth muscle cell,smooth muscle cell,CL:0000192,norepinephrine,,,decreases,contraction X,force,,,,,,,,,,,seconds,systemic,systemic,antroduodenal manometry,,,gastric emptying scintigraphy,,,whole gut transit time,,,,,,interstitial cells of Cajal,,,enteric nervous system,,,vagal parasympathetic input,,,sympathetic nervous system,,,"High-Yield Physiology, 1st edition. Dudek, 2008.",ISBN: 978-0781745871,28,,,,,,,,,,,,,,,,,,,,,,,
digestive system,digestive system process,GO:0022602,motility,digestive tract motility,,esophageal transit,peristalsis,GO:0030432,swallowing and peristalsis,peristalsis,GO:0030432,,,,,,,,,,,,,striated muscle in the upper third is under direct vagal motor control; smooth muscle below is coordinated by the enteric nervous system,A primary peristaltic wave carries the swallowed bolus to the stomach,organ,esophagus,esophagus,UBERON:0001043,esophagus,,,,,,does,transport of X from Y to Z,swallowed bolus,,,pharynx,,,stomach,,,"[8, 10]",units = seconds transit; primary peristaltic wave travels at 3-4 cm/s,seconds,,intra-organ,high-resolution esophageal manometry,,,esophageal transit time,,,,,,,,,vagal parasympathetic input,,,enteric nervous system,,,,,,,,,"High-Yield Physiology, 1st edition. Dudek, 2008.",ISBN: 978-0781745871,13,,,,,,,,,,,,,,,,,,,,,,,
digestive system,digestive system process,GO:0022602,motility,digestive tract motility,,esophageal transit,peristalsis,GO:0030432,swallowing and peristalsis,peristalsis,GO:0030432,,,,,,,,,,,,,,The lower esophageal sphincter maintains tonic closure between swallows,cell,esophagus,esophagus,UBERON:0001043,lower esophageal sphincter smooth muscle cell,,,,,,does,contraction,,,,,,,,,,"[10, 30]",units = mmHg resting sphincter pressure,seconds,,intra-organ,high-resolution esophageal manometry,,,esophageal transit time,,,,,,,,,vagal parasympathetic input,,,enteric nervous system,,,,,,,,,"High-Yield Physiology, 1st edition. Dudek, 2008.",ISBN: 978-0781745871,13,,,,,,,,,,,,,,,,,,,,,,,
digestive system,digestive system process,GO:0022602,motility,digestive tract motility,,esophageal transit,peristalsis,GO:0030432,swallowing and peristalsis,peristalsis,GO:0030432,,,,,,,,,,,,,,Nitrergic inhibition relaxes the sphincter ahead of the arriving bolus,cell,esophagus,esophagus,UBERON:0001043,lower esophageal sphincter smooth muscle cell,,,nitric oxide,,,decreases,contraction X,force,,,,,,,,,,deglutitive relaxation lasts 6-8 s,seconds,paracrine,intra-organ,high-resolution esophageal manometry,,,esophageal transit time,,,,,,,,,vagal parasympathetic input,,,enteric nervous system,,,,,,,,,"High-Yield Physiology, 1st edition. Dudek, 2008.",ISBN: 978-0781745871,13,,,,,,,,,,,,,,,,,,,,,,,
digestive system,digestive system process,GO:0022602,motility,digestive tract motility,,gastric motility,gastric motility,GO:0035482,accommodation and emptying,gastric emptying,GO:0035483,,,,,,,,,,,,,receptive relaxation is a vagovagal reflex; the efferent limb is nitrergic and VIPergic,Gastric distension triggers reflex relaxation of the proximal stomach,cell,gastric fundus,fundus of stomach,UBERON:0001160,smooth muscle cell,smooth muscle cell,CL:0000192,gastric distension,,,decreases,contraction X,force,,,,,,,,,,accommodation permits 1-1.5 L intake with minimal rise in intragastric pressure,seconds,intra-organ,intra-organ,gastric emptying scintigraphy,,,gastric barostat study,,,antroduodenal manometry,,,,,,vagal parasympathetic input,,,enteric nervous system,,,cholecystokinin,,,gastrin,,,"High-Yield Physiology, 1st edition. Dudek, 2008.",ISBN: 978-0781745871,"12, 13",,,,,,,,,,,,,,,,,,,,,,,
digestive system,digestive system process,GO:0022602,motility,digestive tract motility,,gastric motility,gastric motility,GO:0035482,accommodation and emptying,gastric emptying,GO:0035483,,,,,,,,,,,,,,Nitrergic transmission mediates fundic receptive relaxation,cell,gastric fundus,fundus of stomach,UBERON:0001160,smooth muscle cell,smooth muscle cell,CL:0000192,nitric oxide,,,decreases,contraction X,force,,,,,,,,,,,seconds,paracrine,intra-organ,gastric emptying scintigraphy,,,gastric barostat study,,,antroduodenal manometry,,,,,,vagal parasympathetic input,,,enteric nervous system,,,cholecystokinin,,,gastrin,,,"High-Yield Physiology, 1st edition. Dudek, 2008.",ISBN: 978-0781745871,"12, 13",,,,,,,,,,,,,,,,,,,,,,,
digestive system,digestive system process,GO:0022602,motility,digestive tract motility,,gastric motility,gastric motility,GO:0035482,accommodation and emptying,gastric emptying,GO:0035483,,,,,,,,,,,,,,VIP contributes to sustained gastric accommodation,cell,gastric fundus,fundus of stomach,UBERON:0001160,smooth muscle cell,smooth muscle cell,CL:0000192,vasoactive intestinal peptide,,,decreases,contraction X,force,,,,,,,,,,,seconds,paracrine,intra-organ,gastric emptying scintigraphy,,,gastric barostat study,,,antroduodenal manometry,,,,,,vagal parasympathetic input,,,enteric nervous system,,,cholecystokinin,,,gastrin,,,"High-Yield Physiology, 1st edition. Dudek, 2008.",ISBN: 978-0781745871,"12, 13",,,,,,,,,,,,,,,,,,,,,,,
digestive system,digestive system process,GO:0022602,motility,digestive tract motility,,gastric motility,gastric motility,GO:0035482,accommodation and emptying,gastric emptying,GO:0035483,,,,,,,,,,,,,,Antral peristalsis grinds solid food against a closed pylorus,cell,gastric antrum,pylorus,UBERON:0001166,smooth muscle cell,smooth muscle cell,CL:0000192,,,,does,contraction X,frequency,,,,,,,,,,~3 antral contractions per minute; trituration reduces solids to particles under 2 mm,seconds,,intra-organ,gastric emptying scintigraphy,,,gastric barostat study,,,antroduodenal manometry,,,,,,vagal parasympathetic input,,,enteric nervous system,,,cholecystokinin,,,gastrin,,,"High-Yield Physiology, 1st edition. Dudek, 2008.",ISBN: 978-0781745871,"12, 13",,,,,,,,,,,,,,,,,,,,,,,
digestive system,digestive system process,GO:0022602,motility,digestive tract motility,,gastric motility,gastric motility,GO:0035482,accommodation and emptying,gastric emptying,GO:0035483,,,,,,,,,,,,,,Gastrin strengthens antral contractions after a meal,cell,gastric antrum,pylorus,UBERON:0001166,smooth muscle cell,smooth muscle cell,CL:0000192,gastrin,,,increases,contraction X,force,,,,,,,,,,,minutes,circulatory,intra-organ,gastric emptying scintigraphy,,,gastric barostat study,,,antroduodenal manometry,,,,,,vagal parasympathetic input,,,enteric nervous system,,,cholecystokinin,,,gastrin,,,"High-Yield Physiology, 1st edition. Dudek, 2008.",ISBN: 978-0781745871,"12, 13",,,,,,,,,,,,,,,,,,,,,,,
digestive system,digestive system process,GO:0022602,motility,digestive tract motility,,gastric motility,gastric motility,GO:0035482,accommodation and emptying,gastric emptying,GO:0035483,,,,,,,,,,,,,,Ghrelin is prokinetic in the fasted stomach through a vagal-dependent pathway,cell,gastric antrum,pylorus,UBERON:0001166,smooth muscle cell,smooth muscle cell,CL:0000192,ghrelin,,,increases,contraction X,force,,,,,,,,,,,minutes,circulatory,intra-organ,gastric emptying scintigraphy,,,gastric barostat study,,,antroduodenal manometry,,,,,,vagal parasympathetic input,,,enteric nervous system,,,cholecystokinin,,,gastrin,,,"High-Yield Physiology, 1st edition. Dudek, 2008.",ISBN: 978-0781745871,"12, 13",,,,,,,,,,,,,,,,,,,,,,,
digestive system,digestive system process,GO:0022602,motility,digestive tract motility,,gastric motility,gastric motility,GO:0035482,accommodation and emptying,gastric emptying,GO:0035483,,,,,,,,,,,,,,Coordinated antral contraction and pyloric opening empty the stomach,organ,stomach,stomach,UBERON:0000945,stomach,,,,,,does,X export,gastric contents,,,,,,,,,"[60, 120]",units = minutes half-emptying time for a solid meal; liquids empty far faster,minutes-hours,,intra-organ,gastric emptying scintigraphy,,,gastric barostat study,,,antroduodenal manometry,,,,,,vagal parasympathetic input,,,enteric nervous system,,,cholecystokinin,,,gastrin,,,"High-Yield Physiology, 1st edition. Dudek, 2008.",ISBN: 978-0781745871,"12, 13",,,,,,,,,,,,,,,,,,,,,,,
digestive system,digestive system process,GO:0022602,motility,digestive tract motility,,gastric motility,gastric motility,GO:0035482,accommodation and emptying,gastric emptying,GO:0035483,,,,,,,,,,,,,,CCK released by duodenal fat and protein slows gastric emptying,organ,stomach,stomach,UBERON:0000945,stomach,,,cholecystokinin,,,decreases,X export,gastric contents,,,,,,,,,,,minutes,circulatory,intra-organ,gastric emptying scintigraphy,,,gastric barostat study,,,antroduodenal manometry,,,,,,vagal parasympathetic input,,,enteric nervous system,,,cholecystokinin,,,gastrin,,,"High-Yield Physiology, 1st edition. Dudek, 2008.",ISBN: 978-0781745871,"12, 13",,,,,,,,,,,,,,,,,,,,,,,
digestive system,digestive system process,GO:0022602,motility,digestive tract motility,,gastric motility,gastric motility,GO:0035482,accommodation and emptying,gastric emptying,GO:0035483,,,,,,,,,,,,,the enterogastric brake protects the duodenum from being overwhelmed by unprocessed chyme,Duodenal chemoreceptor feedback slows gastric emptying,organ,stomach,stomach,UBERON:0000945,stomach,,,duodenal osmolality,,,decreases,X export,gastric contents,,,,,,,,,,hypertonic or acidic chyme in the duodenum activates the enterogastric reflex,minutes,intra-organ,intra-organ,gastric emptying scintigraphy,,,gastric barostat study,,,antroduodenal manometry,,,,,,vagal parasympathetic input,,,enteric nervous system,,,cholecystokinin,,,gastrin,,,"High-Yield Physiology, 1st edition. Dudek, 2008.",ISBN: 978-0781745871,"12, 13",,,,,,,,,,,,,,,,,,,,,,,
digestive system,digestive system process,GO:0022602,motility,digestive tract motility,,gastric motility,gastric motility,GO:0035482,accommodation and emptying,gastric emptying,GO:0035483,,,,,,,,,,,,,,GLP-1 from distal gut L cells slows gastric emptying as part of the ileal brake,organ,stomach,stomach,UBERON:0000945,stomach,,,glucagon-like peptide 1,,,decreases,X export,gastric contents,,,,,,,,,,,minutes,circulatory,intra-organ,gastric emptying scintigraphy,,,gastric barostat study,,,antroduodenal manometry,,,,,,vagal parasympathetic input,,,enteric nervous system,,,cholecystokinin,,,gastrin,,,"High-Yield Physiology, 1st edition. Dudek, 2008.",ISBN: 978-0781745871,"12, 13",,,,,,,,,,,,,,,,,,,,,,,
digestive system,digestive system process,GO:0022602,motility,digestive tract motility,,small intestinal motility,intestinal motility,GO:0120054,peristaltic reflex and segmentation,peristalsis,GO:0030432,,,,,,,,,,,,,"the peristaltic reflex is polarised: excitation above the bolus, inhibition below it",Circular muscle oral to a bolus contracts through cholinergic excitation,cell,small intestine,small intestine,UBERON:0002108,smooth muscle cell,smooth muscle cell,CL:0000192,acetylcholine,,,increases,contraction X,force,,,,,,,,,,"ascending excitatory limb of the peristaltic reflex, oral to the bolus",seconds,paracrine,intra-organ,antroduodenal manometry,,,small bowel transit time,,,wireless motility capsule,,,,,,enteric nervous system,,,interstitial cells of Cajal,,,motilin,,,,,,"High-Yield Physiology, 1st edition. Dudek, 2008.",ISBN: 978-0781745871,"12, 13",,,,,,,,,,,,,,,,,,,,,,,
digestive system,digestive system process,GO:0022602,motility,digestive tract motility,,small intestinal motility,intestinal motility,GO:0120054,peristaltic reflex and segmentation,peristalsis,GO:0030432,,,,,,,,,,,,,,Circular muscle aboral to a bolus relaxes through nitrergic inhibition,cell,small intestine,small intestine,UBERON:0002108,smooth muscle cell,smooth muscle cell,CL:0000192,nitric oxide,,,decreases,contraction X,force,,,,,,,,,,"descending inhibitory limb, aboral to the bolus",seconds,paracrine,intra-organ,antroduodenal manometry,,,small bowel transit time,,,wireless motility capsule,,,,,,enteric nervous system,,,interstitial cells of Cajal,,,motilin,,,,,,"High-Yield Physiology, 1st edition. Dudek, 2008.",ISBN: 978-0781745871,"12, 13",,,,,,,,,,,,,,,,,,,,,,,
digestive system,digestive system process,GO:0022602,motility,digestive tract motility,,small intestinal motility,intestinal motility,GO:0120054,peristaltic reflex and segmentation,peristalsis,GO:0030432,,,,,,,,,,,,,,Peristalsis and segmentation move chyme aborally while mixing it with secretions,organ,small intestine,small intestine,UBERON:0002108,small intestine,,,,,,does,transport of X from Y to Z,chyme,,,duodenum,,,ileocecal valve,,,"[3, 5]",units = hours small bowel transit time,hours,,intra-organ,antroduodenal manometry,,,small bowel transit time,,,wireless motility capsule,,,,,,enteric nervous system,,,interstitial cells of Cajal,,,motilin,,,,,,"High-Yield Physiology, 1st edition. Dudek, 2008.",ISBN: 978-0781745871,"12, 13",,,,,,,,,,,,,,,,,,,,,,,
digestive system,digestive system process,GO:0022602,motility,digestive tract motility,,small intestinal motility,intestinal motility,GO:0120054,peristaltic reflex and segmentation,peristalsis,GO:0030432,,,,,,,,,,,,,the MMC is the interdigestive housekeeper; feeding abolishes it,Motilin initiates phase III of the migrating motor complex,cell,small intestine,small intestine,UBERON:0002108,smooth muscle cell,smooth muscle cell,CL:0000192,motilin,,,increases,contraction X,frequency,,,,,,,,,,migrating motor complex recurs every 90-120 min in the fasted state; phase III lasts 5-10 min,minutes-hours,circulatory,intra-organ,antroduodenal manometry,,,small bowel transit time,,,wireless motility capsule,,,,,,enteric nervous system,,,interstitial cells of Cajal,,,motilin,,,,,,"High-Yield Physiology, 1st edition. Dudek, 2008.",ISBN: 978-0781745871,"12, 13",,,,,,,,,,,,,,,,,,,,,,,
digestive system,digestive system process,GO:0022602,motility,digestive tract motility,,colonic motility,intestinal motility,GO:0120054,"storage, mass movement and defecation",defecation,GO:0030421,,,,,,,,,,,,,,Haustral contractions retain and mix colonic contents,cell,colon,colon,UBERON:0001155,smooth muscle cell,smooth muscle cell,CL:0000192,,,,does,contraction,,,,,,,,,,,segmental haustral contractions mix contents and maximise water and electrolyte contact time,minutes,,intra-organ,colonic transit study,,,anorectal manometry,,,stool weight,,,,,,enteric nervous system,,,gastrocolic reflex,,,somatic motor control,,,,,,"High-Yield Physiology, 1st edition. Dudek, 2008.",ISBN: 978-0781745871,12,,,,,,,,,,,,,,,,,,,,,,,
digestive system,digestive system process,GO:0022602,motility,digestive tract motility,,colonic motility,intestinal motility,GO:0120054,"storage, mass movement and defecation",defecation,GO:0030421,,,,,,,,,,,,,,"Colonic transit is slow, allowing extensive water reclamation and fermentation",organ,colon,colon,UBERON:0001155,colon,,,,,,does,transport of X from Y to Z,luminal contents,,,cecum,,,rectum,,,"[12, 48]",units = hours colonic transit time,hours-days,,intra-organ,colonic transit study,,,anorectal manometry,,,stool weight,,,,,,enteric nervous system,,,gastrocolic reflex,,,somatic motor control,,,,,,"High-Yield Physiology, 1st edition. Dudek, 2008.",ISBN: 978-0781745871,12,,,,,,,,,,,,,,,,,,,,,,,
digestive system,digestive system process,GO:0022602,motility,digestive tract motility,,colonic motility,intestinal motility,GO:0120054,"storage, mass movement and defecation",defecation,GO:0030421,,,,,,,,,,,,,,High-amplitude propagated contractions move contents in mass movements toward the rectum,cell,colon,colon,UBERON:0001155,smooth muscle cell,smooth muscle cell,CL:0000192,,,,does,contraction X,force,,,,,,,,,,"high-amplitude propagated contractions occur 1-6 times daily, often on waking or after a meal",minutes,,intra-organ,colonic transit study,,,anorectal manometry,,,stool weight,,,,,,enteric nervous system,,,gastrocolic reflex,,,somatic motor control,,,,,,"High-Yield Physiology, 1st edition. Dudek, 2008.",ISBN: 978-0781745871,12,,,,,,,,,,,,,,,,,,,,,,,
digestive system,digestive system process,GO:0022602,motility,digestive tract motility,,colonic motility,intestinal motility,GO:0120054,"storage, mass movement and defecation",defecation,GO:0030421,,,,,,,,,,,,,,The gastrocolic reflex increases colonic motor activity after eating,cell,colon,colon,UBERON:0001155,smooth muscle cell,smooth muscle cell,CL:0000192,meal ingestion,,,increases,contraction X,frequency,,,,,,,,,,,minutes,systemic,intra-organ,colonic transit study,,,anorectal manometry,,,stool weight,,,,,,enteric nervous system,,,gastrocolic reflex,,,somatic motor control,,,,,,"High-Yield Physiology, 1st edition. Dudek, 2008.",ISBN: 978-0781745871,12,,,,,,,,,,,,,,,,,,,,,,,
digestive system,digestive system process,GO:0022602,motility,digestive tract motility,,colonic motility,intestinal motility,GO:0120054,"storage, mass movement and defecation",defecation,GO:0030421,,,,,,,,,,,,,,The internal anal sphincter maintains involuntary resting continence,cell,colon,colon,UBERON:0001155,internal anal sphincter smooth muscle cell,,,,,,does,contraction,,,,,,,,,,,contributes ~70-80% of resting anal canal pressure,seconds,,intra-organ,colonic transit study,,,anorectal manometry,,,stool weight,,,,,,enteric nervous system,,,gastrocolic reflex,,,somatic motor control,,,,,,"High-Yield Physiology, 1st edition. Dudek, 2008.",ISBN: 978-0781745871,12,,,,,,,,,,,,,,,,,,,,,,,
digestive system,digestive system process,GO:0022602,motility,digestive tract motility,,colonic motility,intestinal motility,GO:0120054,"storage, mass movement and defecation",defecation,GO:0030421,,,,,,,,,,,,,,Rectal distension reflexly relaxes the internal anal sphincter,cell,colon,colon,UBERON:0001155,internal anal sphincter smooth muscle cell,,,rectal distension,,,decreases,contraction X,force,,,,,,,,,,rectoanal inhibitory reflex; permits sampling of rectal contents,seconds,intra-organ,intra-organ,colonic transit study,,,anorectal manometry,,,stool weight,,,,,,enteric nervous system,,,gastrocolic reflex,,,somatic motor control,,,,,,"High-Yield Physiology, 1st edition. Dudek, 2008.",ISBN: 978-0781745871,12,,,,,,,,,,,,,,,,,,,,,,,
digestive system,digestive system process,GO:0022602,motility,digestive tract motility,,colonic motility,intestinal motility,GO:0120054,"storage, mass movement and defecation",defecation,GO:0030421,,,,,,,,,,,,,,Somatic pudendal innervation maintains voluntary continence,cell,colon,colon,UBERON:0001155,external anal sphincter striated muscle cell,,,pudendal nerve activity,,,increases,contraction X,force,,,,,,,,,,,seconds,systemic,systemic,colonic transit study,,,anorectal manometry,,,stool weight,,,,,,enteric nervous system,,,gastrocolic reflex,,,somatic motor control,,,,,,"High-Yield Physiology, 1st edition. Dudek, 2008.",ISBN: 978-0781745871,12,,,,,,,,,,,,,,,,,,,,,,,
digestive system,digestive system process,GO:0022602,motility,digestive tract motility,,colonic motility,intestinal motility,GO:0120054,"storage, mass movement and defecation",defecation,GO:0030421,,,,,,,,,,,,,,Voluntary sphincter relaxation permits defecation,cell,colon,colon,UBERON:0001155,external anal sphincter striated muscle cell,,,voluntary cortical control,,,decreases,contraction X,force,,,,,,,,,,,seconds,systemic,systemic,colonic transit study,,,anorectal manometry,,,stool weight,,,,,,enteric nervous system,,,gastrocolic reflex,,,somatic motor control,,,,,,"High-Yield Physiology, 1st edition. Dudek, 2008.",ISBN: 978-0781745871,12,,,,,,,,,,,,,,,,,,,,,,,
digestive system,digestive system process,GO:0022602,motility,digestive tract motility,,colonic motility,intestinal motility,GO:0120054,"storage, mass movement and defecation",defecation,GO:0030421,,,,,,,,,,,,,,Defecation expels colonic residue,organ,colon,colon,UBERON:0001155,rectum,,,,,,does,X export,feces,,,,,,,,,"[100, 200]",units = g/day stool output; ~100-200 mL water,hours-days,,systemic,colonic transit study,,,anorectal manometry,,,stool weight,,,,,,enteric nervous system,,,gastrocolic reflex,,,somatic motor control,,,,,,"High-Yield Physiology, 1st edition. Dudek, 2008.",ISBN: 978-0781745871,12,,,,,,,,,,,,,,,,,,,,,,,
digestive system,digestive system process,GO:0022602,barrier and defense,,,epithelial barrier,establishment or maintenance of cell polarity,GO:0007163,tight junction integrity,regulation of cell junction assembly,GO:1901888,,,,,,,,,,,,,pore and leak paracellular pathways set permeability; measured experimentally as transepithelial resistance,"Enterocytes form a continuous, selectively permeable epithelial barrier",cell,intestine,intestine,UBERON:0000160,enterocyte,enterocyte,CL:0000584,,,,does,cell-cell adhesion,,,,,,,,,,,"apical junctional complex of claudins, occludin and ZO-1 over an E-cadherin adherens junction",hours-days,,intra-organ,fecal calprotectin,Calprotectin [Mass/volume] in Stool,LOINC:82874-9,urinary lactulose to mannitol ratio,,,serum albumin,Albumin [Mass/volume] in Serum or Plasma,LOINC:1751-7,,,,mucosal immune system,,,gut microbiota,,,inflammatory cytokines,tumor necrosis factor-mediated signaling pathway,GO:0033209,,,,Yamada's Textbook of Gastroenterology,ISBN 9781119600206,15,,,,,,,,,,,,,,,,,,,,,,,
digestive system,digestive system process,GO:0022602,barrier and defense,,,epithelial barrier,establishment or maintenance of cell polarity,GO:0007163,tight junction integrity,regulation of cell junction assembly,GO:1901888,,,,,,,,,,,,,the MLCK and occludin-endocytosis steps are intracellular and are summarised here rather than given separate rows,Inflammatory cytokines increase paracellular permeability,cell,intestine,intestine,UBERON:0000160,enterocyte,enterocyte,CL:0000584,tumor necrosis factor,,,decreases,cell-cell adhesion,,,,,,,,,,,myosin light chain kinase dependent junction contraction with occludin internalisation,minutes-hours,paracrine,intra-organ,fecal calprotectin,Calprotectin [Mass/volume] in Stool,LOINC:82874-9,urinary lactulose to mannitol ratio,,,serum albumin,Albumin [Mass/volume] in Serum or Plasma,LOINC:1751-7,,,,mucosal immune system,,,gut microbiota,,,inflammatory cytokines,tumor necrosis factor-mediated signaling pathway,GO:0033209,,,,Yamada's Textbook of Gastroenterology,ISBN 9781119600206,15,,,,,,,,,,,,,,,,,,,,,,,
digestive system,digestive system process,GO:0022602,barrier and defense,,,epithelial barrier,establishment or maintenance of cell polarity,GO:0007163,tight junction integrity,regulation of cell junction assembly,GO:1901888,,,,,,,,,,,,,,IL-13 remodels tight junctions toward a leakier pore pathway,cell,intestine,intestine,UBERON:0000160,enterocyte,enterocyte,CL:0000584,interleukin 13,,,decreases,cell-cell adhesion,,,,,,,,,,,claudin-2 upregulation creates a cation- and water-permeable pore pathway,hours,paracrine,intra-organ,fecal calprotectin,Calprotectin [Mass/volume] in Stool,LOINC:82874-9,urinary lactulose to mannitol ratio,,,serum albumin,Albumin [Mass/volume] in Serum or Plasma,LOINC:1751-7,,,,mucosal immune system,,,gut microbiota,,,inflammatory cytokines,tumor necrosis factor-mediated signaling pathway,GO:0033209,,,,Yamada's Textbook of Gastroenterology,ISBN 9781119600206,15,,,,,,,,,,,,,,,,,,,,,,,
digestive system,digestive system process,GO:0022602,barrier and defense,,,mucosal defense,mucus secretion,GO:0070254,mucus and antimicrobial secretion,,,,,,,,,,,,,,,,Goblet cells secrete gel-forming MUC2 that stratifies the colonic mucus barrier,cell,intestine,intestine,UBERON:0000160,goblet cell,goblet cell,CL:0000160,,,,does,X secretion,mucin,,,,,,,,,,"MUC2 polymer; colonic inner mucus layer ~50-200 um and normally sterile, outer layer colonised",minutes-hours,,intra-organ,fecal calprotectin,Calprotectin [Mass/volume] in Stool,LOINC:82874-9,endoscopic mucosal assessment,,,gastric pH,pH of Gastric fluid,LOINC:2749-0,,,,gut microbiota,,,prostaglandin signalling,,,mucosal immune system,,,,,,Yamada's Textbook of Gastroenterology,ISBN 9781119600206,"15, 17",,,,,,,,,,,,,,,,,,,,,,,
digestive system,digestive system process,GO:0022602,barrier and defense,,,mucosal defense,mucus secretion,GO:0070254,mucus and antimicrobial secretion,,,,,,,,,,,,,,,,Gastric surface cells secrete an adherent mucus gel,cell,stomach,stomach,UBERON:0000945,surface mucous cell,mucous cell of stomach,CL:0002180,,,,does,X secretion,mucin,,,,,,,,,,MUC5AC with trefoil factor 1; adherent gastric mucus layer 100-200 um thick,minutes-hours,,intra-organ,fecal calprotectin,Calprotectin [Mass/volume] in Stool,LOINC:82874-9,endoscopic mucosal assessment,,,gastric pH,pH of Gastric fluid,LOINC:2749-0,,,,gut microbiota,,,prostaglandin signalling,,,mucosal immune system,,,,,,Yamada's Textbook of Gastroenterology,ISBN 9781119600206,"15, 17",,,,,,,,,,,,,,,,,,,,,,,
digestive system,digestive system process,GO:0022602,barrier and defense,,,mucosal defense,mucus secretion,GO:0070254,mucus and antimicrobial secretion,,,,,,,,,,,,,,,the mucus-bicarbonate barrier is the first line of gastric mucosal defense,Bicarbonate trapped in the mucus gel neutralises acid at the epithelial surface,cell,stomach,stomach,UBERON:0000945,surface mucous cell,mucous cell of stomach,CL:0002180,,,,does,X secretion,bicarbonate,,,,,,,,,,maintains juxtamucosal pH near 7 against a luminal pH of 1-2,minutes,,intra-organ,fecal calprotectin,Calprotectin [Mass/volume] in Stool,LOINC:82874-9,endoscopic mucosal assessment,,,gastric pH,pH of Gastric fluid,LOINC:2749-0,,,,gut microbiota,,,prostaglandin signalling,,,mucosal immune system,,,,,,Yamada's Textbook of Gastroenterology,ISBN 9781119600206,"15, 17",,,,,,,,,,,,,,,,,,,,,,,
digestive system,digestive system process,GO:0022602,barrier and defense,,,mucosal defense,mucus secretion,GO:0070254,mucus and antimicrobial secretion,,,,,,,,,,,,,,,,Prostaglandins stimulate mucus and bicarbonate output and mucosal blood flow,cell,stomach,stomach,UBERON:0000945,surface mucous cell,mucous cell of stomach,CL:0002180,prostaglandin E2,,,increases,X secretion,bicarbonate,,,,,,,,,,the basis for NSAID-associated mucosal injury when prostaglandin synthesis is blocked,minutes,paracrine,intra-organ,fecal calprotectin,Calprotectin [Mass/volume] in Stool,LOINC:82874-9,endoscopic mucosal assessment,,,gastric pH,pH of Gastric fluid,LOINC:2749-0,,,,gut microbiota,,,prostaglandin signalling,,,mucosal immune system,,,,,,Yamada's Textbook of Gastroenterology,ISBN 9781119600206,"15, 17",,,,,,,,,,,,,,,,,,,,,,,
digestive system,digestive system process,GO:0022602,barrier and defense,,,mucosal defense,mucus secretion,GO:0070254,mucus and antimicrobial secretion,,,,,,,,,,,,,,,,Paneth cells sterilise the crypt niche with antimicrobial peptides,cell,small intestine,small intestine,UBERON:0002108,Paneth cell,,,,,,does,X secretion,antimicrobial peptides,,,,,,,,,,"alpha-defensins, lysozyme and phospholipase A2 released into the crypt lumen",minutes-hours,,intra-organ,fecal calprotectin,Calprotectin [Mass/volume] in Stool,LOINC:82874-9,endoscopic mucosal assessment,,,gastric pH,pH of Gastric fluid,LOINC:2749-0,,,,gut microbiota,,,prostaglandin signalling,,,mucosal immune system,,,,,,Yamada's Textbook of Gastroenterology,ISBN 9781119600206,"15, 17",,,,,,,,,,,,,,,,,,,,,,,
digestive system,digestive system process,GO:0022602,barrier and defense,,,mucosal defense,mucus secretion,GO:0070254,mucus and antimicrobial secretion,,,,,,,,,,,,,,,,Lamina propria plasma cells supply secretory IgA to the lumen,cell,intestine,intestine,UBERON:0000160,plasma cell,,,,,,does,X secretion,immunoglobulin A,,,,,,,,,,"3-5 g of secretory IgA delivered to the lumen daily, more than all other immunoglobulin production combined",hours-days,,intra-organ,fecal calprotectin,Calprotectin [Mass/volume] in Stool,LOINC:82874-9,endoscopic mucosal assessment,,,gastric pH,pH of Gastric fluid,LOINC:2749-0,,,,gut microbiota,,,prostaglandin signalling,,,mucosal immune system,,,,,,Yamada's Textbook of Gastroenterology,ISBN 9781119600206,"15, 17",,,,,,,,,,,,,,,,,,,,,,,
digestive system,digestive system process,GO:0022602,barrier and defense,,,mucosal defense,mucus secretion,GO:0070254,mucus and antimicrobial secretion,,,,,,,,,,,,,,,,M cells sample luminal antigen for the organised mucosal immune system,cell,ileum,ileum,UBERON:0002116,M cell,,,,,,does,transport of X from Y to Z,luminal antigen,,,intestinal lumen,,,Peyer's patch,,,,,minutes-hours,,intra-organ,fecal calprotectin,Calprotectin [Mass/volume] in Stool,LOINC:82874-9,endoscopic mucosal assessment,,,gastric pH,pH of Gastric fluid,LOINC:2749-0,,,,gut microbiota,,,prostaglandin signalling,,,mucosal immune system,,,,,,Yamada's Textbook of Gastroenterology,ISBN 9781119600206,"15, 17",,,,,,,,,,,,,,,,,,,,,,,
digestive system,digestive system process,GO:0022602,barrier and defense,,,epithelial renewal,stem cell division,GO:0017145,crypt proliferation and restitution,,,,,,,,,,,,,,,LGR5-positive crypt base columnar cells are the resident stem population,Crypt stem cells continuously generate new intestinal epithelium,cell,intestine,intestine,UBERON:0000160,intestinal crypt stem cell,,,,,,does,X synthesis,intestinal epithelial cell,,,,,,,,,"[3, 5]",units = days for complete villus epithelial turnover,hours-days,,intra-organ,mucosal biopsy proliferation index,,,,,,,,,,,,Wnt signalling,Wnt signaling pathway,GO:0016055,EGF signalling,epidermal growth factor receptor signaling pathway,GO:0007173,,,,,,,Yamada's Textbook of Gastroenterology,ISBN 9781119600206,15,,,,,,,,,,,,,,,,,,,,,,,
digestive system,digestive system process,GO:0022602,barrier and defense,,,epithelial renewal,stem cell division,GO:0017145,crypt proliferation and restitution,,,,,,,,,,,,,,,,Wnt signalling from the crypt niche sustains stem cell proliferation,cell,intestine,intestine,UBERON:0000160,intestinal crypt stem cell,,,Wnt ligand,,,increases,X synthesis,intestinal epithelial cell,,,,,,,,,,,hours-days,paracrine,intra-organ,mucosal biopsy proliferation index,,,,,,,,,,,,Wnt signalling,Wnt signaling pathway,GO:0016055,EGF signalling,epidermal growth factor receptor signaling pathway,GO:0007173,,,,,,,Yamada's Textbook of Gastroenterology,ISBN 9781119600206,15,,,,,,,,,,,,,,,,,,,,,,,
digestive system,digestive system process,GO:0022602,barrier and defense,,,epithelial renewal,stem cell division,GO:0017145,crypt proliferation and restitution,,,,,,,,,,,,,,,,Differentiating enterocytes migrate along the crypt-villus axis before being shed,cell,intestine,intestine,UBERON:0000160,enterocyte,enterocyte,CL:0000584,,,,does,transport of X from Y to Z,epithelial cell,,,intestinal crypt,,,villus tip,,,,cells migrate up the crypt-villus axis and are shed from the tip,hours-days,,intra-organ,mucosal biopsy proliferation index,,,,,,,,,,,,Wnt signalling,Wnt signaling pathway,GO:0016055,EGF signalling,epidermal growth factor receptor signaling pathway,GO:0007173,,,,,,,Yamada's Textbook of Gastroenterology,ISBN 9781119600206,15,,,,,,,,,,,,,,,,,,,,,,,
digestive system,digestive system process,GO:0022602,barrier and defense,,,epithelial renewal,stem cell division,GO:0017145,crypt proliferation and restitution,,,,,,,,,,,,,,,,Isthmic stem cells replenish all gastric gland lineages,cell,stomach,stomach,UBERON:0000945,gastric stem cell,,,,,,does,X synthesis,gastric epithelial cell,,,,,,,,,,surface mucous cells turn over in 3-5 days; parietal and chief cells persist for months,hours-days,,intra-organ,mucosal biopsy proliferation index,,,,,,,,,,,,Wnt signalling,Wnt signaling pathway,GO:0016055,EGF signalling,epidermal growth factor receptor signaling pathway,GO:0007173,,,,,,,Yamada's Textbook of Gastroenterology,ISBN 9781119600206,15,,,,,,,,,,,,,,,,,,,,,,,
digestive system,digestive system process,GO:0022602,secretion,secretion,GO:0046903,gastric secretion,gastric acid secretion,GO:0001696,acid secretion and its control,regulation of gastric acid secretion,GO:0060453,,,,,,,,,,,,,the H+/K+-ATPase is the final common effector; luminal K+ and Cl- recycling is intracellular and is not given separate rows,Parietal cells pump protons into the gastric lumen against a millionfold gradient,cell,stomach,stomach,UBERON:0000945,parietal cell,parietal cell,CL:0000162,,,,does,X secretion,gastric acid,,,,,,,,,"[1, 2]","units = luminal pH; basal output 1-5 mEq/h, maximal 10-30 mEq/h; ~2 L gastric juice per day",seconds-minutes,,intra-organ,gastric pH,pH of Gastric fluid,LOINC:2749-0,serum gastrin,Gastrin [Mass/volume] in Serum or Plasma,LOINC:2333-3,serum histamine,Histamine [Mass/volume] in Serum or Plasma,LOINC:2416-6,,,,vagal parasympathetic input,,,gastrin,,,histamine,,,somatostatin,somatostatin secretion,GO:0070253,Yamada's Textbook of Gastroenterology,ISBN 9781119600206,17,,,,,,,,,,,,,,,,,,,,,,,
digestive system,digestive system process,GO:0022602,secretion,secretion,GO:0046903,gastric secretion,gastric acid secretion,GO:0001696,acid secretion and its control,regulation of gastric acid secretion,GO:0060453,,,,,,,,,,,,,,Vagal cholinergic input stimulates acid secretion during the cephalic phase,cell,stomach,stomach,UBERON:0000945,parietal cell,parietal cell,CL:0000162,acetylcholine,,,increases,X secretion,gastric acid,,,,,,,,,,muscarinic M3; the cephalic phase contributes ~30% of meal-stimulated acid,seconds-minutes,paracrine,intra-organ,gastric pH,pH of Gastric fluid,LOINC:2749-0,serum gastrin,Gastrin [Mass/volume] in Serum or Plasma,LOINC:2333-3,serum histamine,Histamine [Mass/volume] in Serum or Plasma,LOINC:2416-6,,,,vagal parasympathetic input,,,gastrin,,,histamine,,,somatostatin,somatostatin secretion,GO:0070253,Yamada's Textbook of Gastroenterology,ISBN 9781119600206,17,,,,,,,,,,,,,,,,,,,,,,,
digestive system,digestive system process,GO:0022602,secretion,secretion,GO:0046903,gastric secretion,gastric acid secretion,GO:0001696,acid secretion and its control,regulation of gastric acid secretion,GO:0060453,,,,,,,,,,,,,,ECL-derived histamine is the principal paracrine amplifier of acid secretion,cell,stomach,stomach,UBERON:0000945,parietal cell,parietal cell,CL:0000162,histamine,,,increases,X secretion,gastric acid,,,,,,,,,,H2 receptor; the dominant potentiating pathway and the target of H2 blockade,seconds-minutes,paracrine,intra-organ,gastric pH,pH of Gastric fluid,LOINC:2749-0,serum gastrin,Gastrin [Mass/volume] in Serum or Plasma,LOINC:2333-3,serum histamine,Histamine [Mass/volume] in Serum or Plasma,LOINC:2416-6,,,,vagal parasympathetic input,,,gastrin,,,histamine,,,somatostatin,somatostatin secretion,GO:0070253,Yamada's Textbook of Gastroenterology,ISBN 9781119600206,17,,,,,,,,,,,,,,,,,,,,,,,
digestive system,digestive system process,GO:0022602,secretion,secretion,GO:0046903,gastric secretion,gastric acid secretion,GO:0001696,acid secretion and its control,regulation of gastric acid secretion,GO:0060453,,,,,,,,,,,,,,Gastrin stimulates acid output during the gastric phase of a meal,cell,stomach,stomach,UBERON:0000945,parietal cell,parietal cell,CL:0000162,gastrin,,,increases,X secretion,gastric acid,,,,,,,,,,acts largely indirectly by driving ECL histamine release,minutes,circulatory,intra-organ,gastric pH,pH of Gastric fluid,LOINC:2749-0,serum gastrin,Gastrin [Mass/volume] in Serum or Plasma,LOINC:2333-3,serum histamine,Histamine [Mass/volume] in Serum or Plasma,LOINC:2416-6,,,,vagal parasympathetic input,,,gastrin,,,histamine,,,somatostatin,somatostatin secretion,GO:0070253,Yamada's Textbook of Gastroenterology,ISBN 9781119600206,17,,,,,,,,,,,,,,,,,,,,,,,
digestive system,digestive system process,GO:0022602,secretion,secretion,GO:0046903,gastric secretion,gastric acid secretion,GO:0001696,acid secretion and its control,regulation of gastric acid secretion,GO:0060453,,,,,,,,,,,,,,Somatostatin restrains parietal cell acid secretion,cell,stomach,stomach,UBERON:0000945,parietal cell,parietal cell,CL:0000162,somatostatin,,,decreases,X secretion,gastric acid,,,,,,,,,,,minutes,paracrine,intra-organ,gastric pH,pH of Gastric fluid,LOINC:2749-0,serum gastrin,Gastrin [Mass/volume] in Serum or Plasma,LOINC:2333-3,serum histamine,Histamine [Mass/volume] in Serum or Plasma,LOINC:2416-6,,,,vagal parasympathetic input,,,gastrin,,,histamine,,,somatostatin,somatostatin secretion,GO:0070253,Yamada's Textbook of Gastroenterology,ISBN 9781119600206,17,,,,,,,,,,,,,,,,,,,,,,,
digestive system,digestive system process,GO:0022602,secretion,secretion,GO:0046903,gastric secretion,gastric acid secretion,GO:0001696,acid secretion and its control,regulation of gastric acid secretion,GO:0060453,,,,,,,,,,,,,,Prostaglandin E2 inhibits acid secretion while promoting mucosal defense,cell,stomach,stomach,UBERON:0000945,parietal cell,parietal cell,CL:0000162,prostaglandin E2,,,decreases,X secretion,gastric acid,,,,,,,,,,,minutes,paracrine,intra-organ,gastric pH,pH of Gastric fluid,LOINC:2749-0,serum gastrin,Gastrin [Mass/volume] in Serum or Plasma,LOINC:2333-3,serum histamine,Histamine [Mass/volume] in Serum or Plasma,LOINC:2416-6,,,,vagal parasympathetic input,,,gastrin,,,histamine,,,somatostatin,somatostatin secretion,GO:0070253,Yamada's Textbook of Gastroenterology,ISBN 9781119600206,17,,,,,,,,,,,,,,,,,,,,,,,
digestive system,digestive system process,GO:0022602,secretion,secretion,GO:0046903,gastric secretion,gastric acid secretion,GO:0001696,acid secretion and its control,regulation of gastric acid secretion,GO:0060453,,,,,,,,,,,,,,Parietal cells secrete intrinsic factor alongside acid,cell,stomach,stomach,UBERON:0000945,parietal cell,parietal cell,CL:0000162,,,,does,X secretion,intrinsic factor,,,,,,,,,,the only indispensable gastric secretion; required for ileal vitamin B12 uptake,minutes,,intra-organ,serum vitamin B12,,,intrinsic factor antibody,,,,,,,,,vagal parasympathetic input,,,gastrin,,,histamine,,,somatostatin,somatostatin secretion,GO:0070253,Yamada's Textbook of Gastroenterology,ISBN 9781119600206,17,,,,,,,,,,,,,,,,,,,,,,,
digestive system,digestive system process,GO:0022602,secretion,secretion,GO:0046903,gastric secretion,gastric acid secretion,GO:0001696,acid secretion and its control,regulation of gastric acid secretion,GO:0060453,,,,,,,,,,,,,,Enterochromaffin-like cells release histamine into the gastric gland interstitium,cell,stomach,stomach,UBERON:0000945,ECL cell,type ECL enteroendocrine cell,CL:0002273,,,,does,X secretion,histamine,,,,,,,,,,,seconds-minutes,,paracrine,gastric pH,pH of Gastric fluid,LOINC:2749-0,serum gastrin,Gastrin [Mass/volume] in Serum or Plasma,LOINC:2333-3,serum histamine,Histamine [Mass/volume] in Serum or Plasma,LOINC:2416-6,,,,vagal parasympathetic input,,,gastrin,,,histamine,,,somatostatin,somatostatin secretion,GO:0070253,Yamada's Textbook of Gastroenterology,ISBN 9781119600206,17,,,,,,,,,,,,,,,,,,,,,,,
digestive system,digestive system process,GO:0022602,secretion,secretion,GO:0046903,gastric secretion,gastric acid secretion,GO:0001696,acid secretion and its control,regulation of gastric acid secretion,GO:0060453,,,,,,,,,,,,,,Gastrin drives ECL histamine synthesis and release,cell,stomach,stomach,UBERON:0000945,ECL cell,type ECL enteroendocrine cell,CL:0002273,gastrin,,,increases,X secretion,histamine,,,,,,,,,,chronic hypergastrinaemia produces ECL hyperplasia,minutes,circulatory,paracrine,gastric pH,pH of Gastric fluid,LOINC:2749-0,serum gastrin,Gastrin [Mass/volume] in Serum or Plasma,LOINC:2333-3,serum histamine,Histamine [Mass/volume] in Serum or Plasma,LOINC:2416-6,,,,vagal parasympathetic input,,,gastrin,,,histamine,,,somatostatin,somatostatin secretion,GO:0070253,Yamada's Textbook of Gastroenterology,ISBN 9781119600206,17,,,,,,,,,,,,,,,,,,,,,,,
digestive system,digestive system process,GO:0022602,secretion,secretion,GO:0046903,gastric secretion,gastric acid secretion,GO:0001696,acid secretion and its control,regulation of gastric acid secretion,GO:0060453,,,,,,,,,,,,,,Somatostatin suppresses ECL histamine release,cell,stomach,stomach,UBERON:0000945,ECL cell,type ECL enteroendocrine cell,CL:0002273,somatostatin,,,decreases,X secretion,histamine,,,,,,,,,,,minutes,paracrine,paracrine,gastric pH,pH of Gastric fluid,LOINC:2749-0,serum gastrin,Gastrin [Mass/volume] in Serum or Plasma,LOINC:2333-3,serum histamine,Histamine [Mass/volume] in Serum or Plasma,LOINC:2416-6,,,,vagal parasympathetic input,,,gastrin,,,histamine,,,somatostatin,somatostatin secretion,GO:0070253,Yamada's Textbook of Gastroenterology,ISBN 9781119600206,17,,,,,,,,,,,,,,,,,,,,,,,
digestive system,digestive system process,GO:0022602,secretion,secretion,GO:0046903,gastric secretion,gastric acid secretion,GO:0001696,acid secretion and its control,regulation of gastric acid secretion,GO:0060453,,,,,,,,,,,,,,Antral G cells release gastrin into the circulation,cell,gastric antrum,pylorus,UBERON:0001166,G cell,gastrin secreting cell,CL:0000509,,,,does,X secretion,gastrin,,,,,,,,,"[0, 100]",units = pg/mL fasting serum gastrin,minutes,,circulatory,gastric pH,pH of Gastric fluid,LOINC:2749-0,serum gastrin,Gastrin [Mass/volume] in Serum or Plasma,LOINC:2333-3,serum histamine,Histamine [Mass/volume] in Serum or Plasma,LOINC:2416-6,,,,vagal parasympathetic input,,,gastrin,,,histamine,,,somatostatin,somatostatin secretion,GO:0070253,Yamada's Textbook of Gastroenterology,ISBN 9781119600206,17,,,,,,,,,,,,,,,,,,,,,,,
digestive system,digestive system process,GO:0022602,secretion,secretion,GO:0046903,gastric secretion,gastric acid secretion,GO:0001696,acid secretion and its control,regulation of gastric acid secretion,GO:0060453,,,,,,,,,,,,,,Digested protein in the antral lumen stimulates gastrin release,cell,gastric antrum,pylorus,UBERON:0001166,G cell,gastrin secreting cell,CL:0000509,luminal peptides and amino acids,,,increases,X secretion,gastrin,,,,,,,,,,aromatic amino acids are the most potent luminal stimulants,minutes,intra-organ,circulatory,gastric pH,pH of Gastric fluid,LOINC:2749-0,serum gastrin,Gastrin [Mass/volume] in Serum or Plasma,LOINC:2333-3,serum histamine,Histamine [Mass/volume] in Serum or Plasma,LOINC:2416-6,,,,vagal parasympathetic input,,,gastrin,,,histamine,,,somatostatin,somatostatin secretion,GO:0070253,Yamada's Textbook of Gastroenterology,ISBN 9781119600206,17,,,,,,,,,,,,,,,,,,,,,,,
digestive system,digestive system process,GO:0022602,secretion,secretion,GO:0046903,gastric secretion,gastric acid secretion,GO:0001696,acid secretion and its control,regulation of gastric acid secretion,GO:0060453,,,,,,,,,,,,,,Vagal GRP release stimulates G cells during the cephalic phase,cell,gastric antrum,pylorus,UBERON:0001166,G cell,gastrin secreting cell,CL:0000509,gastrin-releasing peptide,,,increases,X secretion,gastrin,,,,,,,,,,,minutes,paracrine,circulatory,gastric pH,pH of Gastric fluid,LOINC:2749-0,serum gastrin,Gastrin [Mass/volume] in Serum or Plasma,LOINC:2333-3,serum histamine,Histamine [Mass/volume] in Serum or Plasma,LOINC:2416-6,,,,vagal parasympathetic input,,,gastrin,,,histamine,,,somatostatin,somatostatin secretion,GO:0070253,Yamada's Textbook of Gastroenterology,ISBN 9781119600206,17,,,,,,,,,,,,,,,,,,,,,,,
digestive system,digestive system process,GO:0022602,secretion,secretion,GO:0046903,gastric secretion,gastric acid secretion,GO:0001696,acid secretion and its control,regulation of gastric acid secretion,GO:0060453,,,,,,,,,,,,,loss of this feedback after acid suppression or in atrophic gastritis produces hypergastrinaemia,Luminal acidification switches off gastrin release,cell,gastric antrum,pylorus,UBERON:0001166,G cell,gastrin secreting cell,CL:0000509,luminal hydrogen ion,,,decreases,X secretion,gastrin,,,,,,,,,,"antral pH below about 3 suppresses gastrin, closing the negative feedback loop",minutes,intra-organ,circulatory,gastric pH,pH of Gastric fluid,LOINC:2749-0,serum gastrin,Gastrin [Mass/volume] in Serum or Plasma,LOINC:2333-3,serum histamine,Histamine [Mass/volume] in Serum or Plasma,LOINC:2416-6,,,,vagal parasympathetic input,,,gastrin,,,histamine,,,somatostatin,somatostatin secretion,GO:0070253,Yamada's Textbook of Gastroenterology,ISBN 9781119600206,17,,,,,,,,,,,,,,,,,,,,,,,
digestive system,digestive system process,GO:0022602,secretion,secretion,GO:0046903,gastric secretion,gastric acid secretion,GO:0001696,acid secretion and its control,regulation of gastric acid secretion,GO:0060453,,,,,,,,,,,,,,Antral D cells release somatostatin onto neighbouring G and parietal cells,cell,gastric antrum,pylorus,UBERON:0001166,D cell,pancreatic D cell,CL:0000173,,,,does,X secretion,somatostatin,,,,,,,,,,,minutes,,paracrine,gastric pH,pH of Gastric fluid,LOINC:2749-0,serum gastrin,Gastrin [Mass/volume] in Serum or Plasma,LOINC:2333-3,serum histamine,Histamine [Mass/volume] in Serum or Plasma,LOINC:2416-6,,,,vagal parasympathetic input,,,gastrin,,,histamine,,,somatostatin,somatostatin secretion,GO:0070253,Yamada's Textbook of Gastroenterology,ISBN 9781119600206,17,,,,,,,,,,,,,,,,,,,,,,,
digestive system,digestive system process,GO:0022602,secretion,secretion,GO:0046903,gastric secretion,gastric acid secretion,GO:0001696,acid secretion and its control,regulation of gastric acid secretion,GO:0060453,,,,,,,,,,,,,,Luminal acid stimulates D cell somatostatin release,cell,gastric antrum,pylorus,UBERON:0001166,D cell,pancreatic D cell,CL:0000173,luminal hydrogen ion,,,increases,X secretion,somatostatin,,,,,,,,,,,minutes,intra-organ,paracrine,gastric pH,pH of Gastric fluid,LOINC:2749-0,serum gastrin,Gastrin [Mass/volume] in Serum or Plasma,LOINC:2333-3,serum histamine,Histamine [Mass/volume] in Serum or Plasma,LOINC:2416-6,,,,vagal parasympathetic input,,,gastrin,,,histamine,,,somatostatin,somatostatin secretion,GO:0070253,Yamada's Textbook of Gastroenterology,ISBN 9781119600206,17,,,,,,,,,,,,,,,,,,,,,,,
digestive system,digestive system process,GO:0022602,secretion,secretion,GO:0046903,gastric secretion,gastric acid secretion,GO:0001696,pepsinogen secretion and activation,protein digestion,GO:0044256,,,,,,,,,,,,,,Chief cells release pepsinogen into the gastric lumen,cell,stomach,stomach,UBERON:0000945,chief cell,peptic cell,CL:0000155,,,,does,X secretion,pepsinogen,,,,,,,,,,,minutes,,intra-organ,gastric pH,pH of Gastric fluid,LOINC:2749-0,serum pepsinogen I to II ratio,,,,,,,,,vagal parasympathetic input,,,gastric acid secretion,gastric acid secretion,GO:0001696,,,,,,,Yamada's Textbook of Gastroenterology,ISBN 9781119600206,"17, 21",,,,,,,,,,,,,,,,,,,,,,,
digestive system,digestive system process,GO:0022602,secretion,secretion,GO:0046903,gastric secretion,gastric acid secretion,GO:0001696,pepsinogen secretion and activation,protein digestion,GO:0044256,,,,,,,,,,,,,,Cholinergic stimulation is the dominant drive for pepsinogen release,cell,stomach,stomach,UBERON:0000945,chief cell,peptic cell,CL:0000155,acetylcholine,,,increases,X secretion,pepsinogen,,,,,,,,,,,minutes,paracrine,intra-organ,gastric pH,pH of Gastric fluid,LOINC:2749-0,serum pepsinogen I to II ratio,,,,,,,,,vagal parasympathetic input,,,gastric acid secretion,gastric acid secretion,GO:0001696,,,,,,,Yamada's Textbook of Gastroenterology,ISBN 9781119600206,"17, 21",,,,,,,,,,,,,,,,,,,,,,,
digestive system,digestive system process,GO:0022602,secretion,secretion,GO:0046903,gastric secretion,gastric acid secretion,GO:0001696,pepsinogen secretion and activation,protein digestion,GO:0044256,,,,,,,,,,,,,,Luminal acid converts pepsinogen to active pepsin,organ,stomach,stomach,UBERON:0000945,stomach,,,gastric acid,,,increases,X conversion to Y,pepsinogen,,,pepsin,,,,,,,autocatalytic below pH 5; pepsin is irreversibly inactivated above pH 7 in the duodenum,seconds-minutes,intra-organ,intra-organ,gastric pH,pH of Gastric fluid,LOINC:2749-0,serum pepsinogen I to II ratio,,,,,,,,,vagal parasympathetic input,,,gastric acid secretion,gastric acid secretion,GO:0001696,,,,,,,Yamada's Textbook of Gastroenterology,ISBN 9781119600206,"17, 21",,,,,,,,,,,,,,,,,,,,,,,
digestive system,digestive system process,GO:0022602,secretion,secretion,GO:0046903,gastric secretion,gastric acid secretion,GO:0001696,pepsinogen secretion and activation,protein digestion,GO:0044256,,,,,,,,,,,,,,Gastric lipase begins triglyceride hydrolysis before the duodenum,cell,stomach,stomach,UBERON:0000945,chief cell,peptic cell,CL:0000155,,,,does,X secretion,gastric lipase,,,,,,,,,,"accounts for 10-30% of triglyceride hydrolysis, more in pancreatic insufficiency",minutes,,intra-organ,fecal fat,Fat [Mass/time] in 72 hour Stool,LOINC:2271-5,,,,,,,,,,vagal parasympathetic input,,,gastric acid secretion,gastric acid secretion,GO:0001696,,,,,,,Yamada's Textbook of Gastroenterology,ISBN 9781119600206,"17, 21",,,,,,,,,,,,,,,,,,,,,,,
digestive system,digestive system process,GO:0022602,secretion,secretion,GO:0046903,pancreatic exocrine secretion,pancreatic juice secretion,GO:0030157,enzyme secretion,,,,,,,,,,,,,,,"proteases are stored and released as inactive precursors, with pancreatic secretory trypsin inhibitor as a second safeguard",Acinar cells release proteolytic zymogens into the acinar lumen,cell,pancreatic acinus,pancreatic acinus,UBERON:0001263,pancreatic acinar cell,pancreatic acinar cell,CL:0002064,,,,does,X secretion,zymogens,,,,,,,,,,"trypsinogen, chymotrypsinogen, proelastase and procarboxypeptidase; ~6-20 g protein secreted daily",minutes-hours,,intra-organ,serum amylase,Amylase [Enzymatic activity/volume] in Serum or Plasma,LOINC:1798-8,serum lipase,Lipase [Enzymatic activity/volume] in Serum or Plasma,LOINC:3040-3,fecal elastase,,,fecal fat,Fat [Mass/time] in 72 hour Stool,LOINC:2271-5,cholecystokinin,,,vagal parasympathetic input,,,somatostatin,somatostatin secretion,GO:0070253,secretin,,,Yamada's Textbook of Gastroenterology,ISBN 9781119600206,18,,,,,,,,,,,,,,,,,,,,,,,
digestive system,digestive system process,GO:0022602,secretion,secretion,GO:0046903,pancreatic exocrine secretion,pancreatic juice secretion,GO:0030157,enzyme secretion,,,,,,,,,,,,,,,,Acinar cells secrete alpha-amylase in fully active form,cell,pancreatic acinus,pancreatic acinus,UBERON:0001263,pancreatic acinar cell,pancreatic acinar cell,CL:0002064,,,,does,X secretion,pancreatic amylase,,,,,,,,,"[25, 125]",units = U/L serum amylase,minutes-hours,,intra-organ,serum amylase,Amylase [Enzymatic activity/volume] in Serum or Plasma,LOINC:1798-8,serum lipase,Lipase [Enzymatic activity/volume] in Serum or Plasma,LOINC:3040-3,fecal elastase,,,fecal fat,Fat [Mass/time] in 72 hour Stool,LOINC:2271-5,cholecystokinin,,,vagal parasympathetic input,,,somatostatin,somatostatin secretion,GO:0070253,secretin,,,Yamada's Textbook of Gastroenterology,ISBN 9781119600206,18,,,,,,,,,,,,,,,,,,,,,,,
digestive system,digestive system process,GO:0022602,secretion,secretion,GO:0046903,pancreatic exocrine secretion,pancreatic juice secretion,GO:0030157,enzyme secretion,,,,,,,,,,,,,,,,"Acinar cells secrete lipase, which requires colipase and bile salts to work at the micelle surface",cell,pancreatic acinus,pancreatic acinus,UBERON:0001263,pancreatic acinar cell,pancreatic acinar cell,CL:0002064,,,,does,X secretion,pancreatic lipase,,,,,,,,,"[10, 140]",units = U/L serum lipase; steatorrhoea appears only below ~10% of normal enzyme output,minutes-hours,,intra-organ,serum amylase,Amylase [Enzymatic activity/volume] in Serum or Plasma,LOINC:1798-8,serum lipase,Lipase [Enzymatic activity/volume] in Serum or Plasma,LOINC:3040-3,fecal elastase,,,fecal fat,Fat [Mass/time] in 72 hour Stool,LOINC:2271-5,cholecystokinin,,,vagal parasympathetic input,,,somatostatin,somatostatin secretion,GO:0070253,secretin,,,Yamada's Textbook of Gastroenterology,ISBN 9781119600206,18,,,,,,,,,,,,,,,,,,,,,,,
digestive system,digestive system process,GO:0022602,secretion,secretion,GO:0046903,pancreatic exocrine secretion,pancreatic juice secretion,GO:0030157,enzyme secretion,,,,,,,,,,,,,,,,CCK released by duodenal fat and protein drives the enzyme phase of pancreatic secretion,cell,pancreatic acinus,pancreatic acinus,UBERON:0001263,pancreatic acinar cell,pancreatic acinar cell,CL:0002064,cholecystokinin,,,increases,X secretion,zymogens,,,,,,,,,,"in humans largely indirect, through vagal afferent and enteropancreatic reflexes",minutes,circulatory,intra-organ,serum amylase,Amylase [Enzymatic activity/volume] in Serum or Plasma,LOINC:1798-8,serum lipase,Lipase [Enzymatic activity/volume] in Serum or Plasma,LOINC:3040-3,fecal elastase,,,fecal fat,Fat [Mass/time] in 72 hour Stool,LOINC:2271-5,cholecystokinin,,,vagal parasympathetic input,,,somatostatin,somatostatin secretion,GO:0070253,secretin,,,Yamada's Textbook of Gastroenterology,ISBN 9781119600206,18,,,,,,,,,,,,,,,,,,,,,,,
digestive system,digestive system process,GO:0022602,secretion,secretion,GO:0046903,pancreatic exocrine secretion,pancreatic juice secretion,GO:0030157,enzyme secretion,,,,,,,,,,,,,,,,Vagal cholinergic input stimulates and potentiates acinar exocytosis,cell,pancreatic acinus,pancreatic acinus,UBERON:0001263,pancreatic acinar cell,pancreatic acinar cell,CL:0002064,acetylcholine,,,increases,X secretion,zymogens,,,,,,,,,,,minutes,paracrine,intra-organ,serum amylase,Amylase [Enzymatic activity/volume] in Serum or Plasma,LOINC:1798-8,serum lipase,Lipase [Enzymatic activity/volume] in Serum or Plasma,LOINC:3040-3,fecal elastase,,,fecal fat,Fat [Mass/time] in 72 hour Stool,LOINC:2271-5,cholecystokinin,,,vagal parasympathetic input,,,somatostatin,somatostatin secretion,GO:0070253,secretin,,,Yamada's Textbook of Gastroenterology,ISBN 9781119600206,18,,,,,,,,,,,,,,,,,,,,,,,
digestive system,digestive system process,GO:0022602,secretion,secretion,GO:0046903,pancreatic exocrine secretion,pancreatic juice secretion,GO:0030157,enzyme secretion,,,,,,,,,,,,,,,,Somatostatin and pancreatic polypeptide restrain exocrine output,cell,pancreatic acinus,pancreatic acinus,UBERON:0001263,pancreatic acinar cell,pancreatic acinar cell,CL:0002064,somatostatin,,,decreases,X secretion,zymogens,,,,,,,,,,,minutes-hours,circulatory,intra-organ,serum amylase,Amylase [Enzymatic activity/volume] in Serum or Plasma,LOINC:1798-8,serum lipase,Lipase [Enzymatic activity/volume] in Serum or Plasma,LOINC:3040-3,fecal elastase,,,fecal fat,Fat [Mass/time] in 72 hour Stool,LOINC:2271-5,cholecystokinin,,,vagal parasympathetic input,,,somatostatin,somatostatin secretion,GO:0070253,secretin,,,Yamada's Textbook of Gastroenterology,ISBN 9781119600206,18,,,,,,,,,,,,,,,,,,,,,,,
digestive system,digestive system process,GO:0022602,secretion,secretion,GO:0046903,pancreatic exocrine secretion,pancreatic juice secretion,GO:0030157,ductal bicarbonate and fluid secretion,bicarbonate transport,GO:0015701,,,,,,,,,,,,,CFTR-dependent Cl- recycling drives apical SLC26 anion exchange; the intracellular cascade is summarised rather than given separate rows,Ductal cells secrete a bicarbonate-rich fluid that neutralises gastric acid in the duodenum,cell,pancreas,pancreas,UBERON:0001264,pancreatic ductal cell,pancreatic ductal cell,CL:0002079,,,,does,X secretion,bicarbonate,,,,,,,,,,pancreatic juice reaches 120-140 mEq/L HCO3-; total volume 1-2 L/day,minutes,,intra-organ,secretin stimulation test,,,duodenal pH,,,serum amylase,Amylase [Enzymatic activity/volume] in Serum or Plasma,LOINC:1798-8,,,,secretin,,,vagal parasympathetic input,,,cholecystokinin,,,,,,Yamada's Textbook of Gastroenterology,ISBN 9781119600206,18,,,,,,,,,,,,,,,,,,,,,,,
digestive system,digestive system process,GO:0022602,secretion,secretion,GO:0046903,pancreatic exocrine secretion,pancreatic juice secretion,GO:0030157,ductal bicarbonate and fluid secretion,bicarbonate transport,GO:0015701,,,,,,,,,,,,,,Secretin is the principal stimulus for ductal bicarbonate secretion,cell,pancreas,pancreas,UBERON:0001264,pancreatic ductal cell,pancreatic ductal cell,CL:0002079,secretin,,,increases,X secretion,bicarbonate,,,,,,,,,,,minutes,circulatory,intra-organ,secretin stimulation test,,,duodenal pH,,,serum amylase,Amylase [Enzymatic activity/volume] in Serum or Plasma,LOINC:1798-8,,,,secretin,,,vagal parasympathetic input,,,cholecystokinin,,,,,,Yamada's Textbook of Gastroenterology,ISBN 9781119600206,18,,,,,,,,,,,,,,,,,,,,,,,
digestive system,digestive system process,GO:0022602,secretion,secretion,GO:0046903,pancreatic exocrine secretion,pancreatic juice secretion,GO:0030157,ductal bicarbonate and fluid secretion,bicarbonate transport,GO:0015701,,,,,,,,,,,,,,Apical CFTR provides the chloride conductance that sustains anion exchange,cell,pancreas,pancreas,UBERON:0001264,pancreatic ductal cell,pancreatic ductal cell,CL:0002079,,,,does,X secretion,chloride,,,,,,,,,,"CFTR-mediated; loss of CFTR produces the thick, protein-obstructed secretions of cystic fibrosis",seconds-minutes,,intra-organ,secretin stimulation test,,,duodenal pH,,,serum amylase,Amylase [Enzymatic activity/volume] in Serum or Plasma,LOINC:1798-8,,,,secretin,,,vagal parasympathetic input,,,cholecystokinin,,,,,,Yamada's Textbook of Gastroenterology,ISBN 9781119600206,18,,,,,,,,,,,,,,,,,,,,,,,
digestive system,digestive system process,GO:0022602,secretion,secretion,GO:0046903,pancreatic exocrine secretion,pancreatic juice secretion,GO:0030157,ductal bicarbonate and fluid secretion,bicarbonate transport,GO:0015701,,,,,,,,,,,,,,Water follows ductal anion secretion osmotically,cell,pancreas,pancreas,UBERON:0001264,pancreatic ductal cell,pancreatic ductal cell,CL:0002079,,,,does,X secretion,water,,,,,,,,,,osmotically coupled to anion secretion; flushes zymogens down the duct,seconds-minutes,,intra-organ,secretin stimulation test,,,duodenal pH,,,serum amylase,Amylase [Enzymatic activity/volume] in Serum or Plasma,LOINC:1798-8,,,,secretin,,,vagal parasympathetic input,,,cholecystokinin,,,,,,Yamada's Textbook of Gastroenterology,ISBN 9781119600206,18,,,,,,,,,,,,,,,,,,,,,,,
digestive system,digestive system process,GO:0022602,secretion,secretion,GO:0046903,enteroendocrine signalling,digestive hormone activity,GO:0046659,duodenal hormone release,,,,,,,,,,,,,,,,Duodenal S cells release secretin in response to luminal acid,cell,duodenum,duodenum,UBERON:0002114,S cell,type S enteroendocrine cell,CL:0002281,,,,does,X secretion,secretin,,,,,,,,,"[12, 75]",units = pg/mL; release triggered when duodenal pH falls below about 4.5,minutes,,circulatory,duodenal pH,,,serum lipase,Lipase [Enzymatic activity/volume] in Serum or Plasma,LOINC:3040-3,gastric emptying scintigraphy,,,,,,pancreatic exocrine function,pancreatic juice secretion,GO:0030157,gallbladder emptying,,,vagal parasympathetic input,,,,,,Yamada's Textbook of Gastroenterology,ISBN 9781119600206,18,,,,,,,,,,,,,,,,,,,,,,,
digestive system,digestive system process,GO:0022602,secretion,secretion,GO:0046903,enteroendocrine signalling,digestive hormone activity,GO:0046659,duodenal hormone release,,,,,,,,,,,,,,,,Acidification of the duodenal lumen is the physiological stimulus for secretin release,cell,duodenum,duodenum,UBERON:0002114,S cell,type S enteroendocrine cell,CL:0002281,luminal hydrogen ion,,,increases,X secretion,secretin,,,,,,,,,,,minutes,intra-organ,circulatory,duodenal pH,,,serum lipase,Lipase [Enzymatic activity/volume] in Serum or Plasma,LOINC:3040-3,gastric emptying scintigraphy,,,,,,pancreatic exocrine function,pancreatic juice secretion,GO:0030157,gallbladder emptying,,,vagal parasympathetic input,,,,,,Yamada's Textbook of Gastroenterology,ISBN 9781119600206,18,,,,,,,,,,,,,,,,,,,,,,,
digestive system,digestive system process,GO:0022602,secretion,secretion,GO:0046903,enteroendocrine signalling,digestive hormone activity,GO:0046659,duodenal hormone release,,,,,,,,,,,,,,,,Duodenal I cells release CCK into the circulation,cell,duodenum,duodenum,UBERON:0002114,I cell,type I enteroendocrine cell,CL:0002277,,,,does,X secretion,cholecystokinin,,,,,,,,,"[0, 80]",units = pg/mL,minutes,,circulatory,duodenal pH,,,serum lipase,Lipase [Enzymatic activity/volume] in Serum or Plasma,LOINC:3040-3,gastric emptying scintigraphy,,,,,,pancreatic exocrine function,pancreatic juice secretion,GO:0030157,gallbladder emptying,,,vagal parasympathetic input,,,,,,Yamada's Textbook of Gastroenterology,ISBN 9781119600206,18,,,,,,,,,,,,,,,,,,,,,,,
digestive system,digestive system process,GO:0022602,secretion,secretion,GO:0046903,enteroendocrine signalling,digestive hormone activity,GO:0046659,duodenal hormone release,,,,,,,,,,,,,,,,Luminal fat and protein digestion products stimulate CCK release,cell,duodenum,duodenum,UBERON:0002114,I cell,type I enteroendocrine cell,CL:0002277,luminal fatty acids and amino acids,,,increases,X secretion,cholecystokinin,,,,,,,,,,long-chain fatty acids and aromatic amino acids are the strongest stimuli,minutes,intra-organ,circulatory,duodenal pH,,,serum lipase,Lipase [Enzymatic activity/volume] in Serum or Plasma,LOINC:3040-3,gastric emptying scintigraphy,,,,,,pancreatic exocrine function,pancreatic juice secretion,GO:0030157,gallbladder emptying,,,vagal parasympathetic input,,,,,,Yamada's Textbook of Gastroenterology,ISBN 9781119600206,18,,,,,,,,,,,,,,,,,,,,,,,
digestive system,digestive system process,GO:0022602,secretion,secretion,GO:0046903,enteroendocrine signalling,digestive hormone activity,GO:0046659,duodenal hormone release,,,,,,,,,,,,,,,,Duodenal and jejunal K cells release GIP after a mixed meal,cell,duodenum,duodenum,UBERON:0002114,K cell,GIP cell,CL:0002278,,,,does,X secretion,glucose-dependent insulinotropic peptide,,,,,,,,,,an incretin: potentiates insulin release only when glucose is elevated,minutes,,circulatory,plasma glucose,Glucose [Mass/volume] in Serum or Plasma,LOINC:2345-7,,,,,,,,,,pancreatic exocrine function,pancreatic juice secretion,GO:0030157,gallbladder emptying,,,vagal parasympathetic input,,,,,,Yamada's Textbook of Gastroenterology,ISBN 9781119600206,18,,,,,,,,,,,,,,,,,,,,,,,
digestive system,digestive system process,GO:0022602,secretion,secretion,GO:0046903,enteroendocrine signalling,digestive hormone activity,GO:0046659,duodenal hormone release,,,,,,,,,,,,,,,,Duodenal Mo cells release motilin between meals,cell,duodenum,duodenum,UBERON:0002114,Mo cell,,,,,,does,X secretion,motilin,,,,,,,,,,"released cyclically in the fasted state, in phase with the migrating motor complex",minutes,,circulatory,duodenal pH,,,serum lipase,Lipase [Enzymatic activity/volume] in Serum or Plasma,LOINC:3040-3,gastric emptying scintigraphy,,,,,,pancreatic exocrine function,pancreatic juice secretion,GO:0030157,gallbladder emptying,,,vagal parasympathetic input,,,,,,Yamada's Textbook of Gastroenterology,ISBN 9781119600206,18,,,,,,,,,,,,,,,,,,,,,,,
digestive system,digestive system process,GO:0022602,secretion,secretion,GO:0046903,enteroendocrine signalling,digestive hormone activity,GO:0046659,duodenal hormone release,,,,,,,,,,,,,,,,Enterochromaffin cells release serotonin onto vagal and enteric afferents,cell,intestine,intestine,UBERON:0000160,enterochromaffin cell,,,,,,does,X secretion,serotonin,,,,,,,,,,the gut holds about 90% of total body serotonin,seconds-minutes,,paracrine,duodenal pH,,,serum lipase,Lipase [Enzymatic activity/volume] in Serum or Plasma,LOINC:3040-3,gastric emptying scintigraphy,,,,,,pancreatic exocrine function,pancreatic juice secretion,GO:0030157,gallbladder emptying,,,vagal parasympathetic input,,,,,,Yamada's Textbook of Gastroenterology,ISBN 9781119600206,18,,,,,,,,,,,,,,,,,,,,,,,
digestive system,digestive system process,GO:0022602,secretion,secretion,GO:0046903,enteroendocrine signalling,digestive hormone activity,GO:0046659,duodenal hormone release,,,,,,,,,,,,,,,,Mechanical and chemical luminal stimuli release enterochromaffin serotonin,cell,intestine,intestine,UBERON:0000160,enterochromaffin cell,,,luminal distension,,,increases,X secretion,serotonin,,,,,,,,,,,seconds,intra-organ,paracrine,duodenal pH,,,serum lipase,Lipase [Enzymatic activity/volume] in Serum or Plasma,LOINC:3040-3,gastric emptying scintigraphy,,,,,,pancreatic exocrine function,pancreatic juice secretion,GO:0030157,gallbladder emptying,,,vagal parasympathetic input,,,,,,Yamada's Textbook of Gastroenterology,ISBN 9781119600206,18,,,,,,,,,,,,,,,,,,,,,,,
digestive system,digestive system process,GO:0022602,secretion,secretion,GO:0046903,bile secretion,bile acid secretion,GO:0032782,bile acid synthesis,bile acid biosynthetic process,GO:0006699,,,,,,,,,,,,,bile acid synthesis is the principal route of cholesterol elimination from the body,Hepatocytes convert cholesterol to cholic and chenodeoxycholic acid,cell,liver lobule,liver lobule,UBERON:0004647,hepatocyte,hepatocyte,CL:0000182,,,,does,X conversion to Y,cholesterol,,,primary bile acids,,,,,,,cholesterol 7-alpha-hydroxylase is rate-limiting; 0.2-0.6 g synthesised daily to replace faecal losses,hours-days,,intra-organ,serum bile acids,Bile acid [Moles/volume] in Serum or Plasma,LOINC:14628-2,total cholesterol,Cholesterol [Mass/volume] in Serum or Plasma,LOINC:2093-3,alkaline phosphatase,Alkaline phosphatase [Enzymatic activity/volume] in Serum or Plasma,LOINC:6768-6,,,,FXR signalling,nuclear receptor-mediated bile acid signaling pathway,GO:0038185,enterohepatic circulation,,,cholesterol homeostasis,,,,,,Yamada's Textbook of Gastroenterology,ISBN 9781119600206,19,,,,,,,,,,,,,,,,,,,,,,,
digestive system,digestive system process,GO:0022602,secretion,secretion,GO:0046903,bile secretion,bile acid secretion,GO:0032782,bile acid synthesis,bile acid biosynthetic process,GO:0006699,,,,,,,,,,,,,,Ileal FGF19 suppresses hepatic bile acid synthesis,cell,liver lobule,liver lobule,UBERON:0004647,hepatocyte,hepatocyte,CL:0000182,fibroblast growth factor 19,,,decreases,X conversion to Y,cholesterol,,,primary bile acids,,,,,,,ileal FGF19 completes the enterohepatic negative feedback loop on CYP7A1,hours,circulatory,intra-organ,serum bile acids,Bile acid [Moles/volume] in Serum or Plasma,LOINC:14628-2,total cholesterol,Cholesterol [Mass/volume] in Serum or Plasma,LOINC:2093-3,alkaline phosphatase,Alkaline phosphatase [Enzymatic activity/volume] in Serum or Plasma,LOINC:6768-6,,,,FXR signalling,nuclear receptor-mediated bile acid signaling pathway,GO:0038185,enterohepatic circulation,,,cholesterol homeostasis,,,,,,Yamada's Textbook of Gastroenterology,ISBN 9781119600206,19,,,,,,,,,,,,,,,,,,,,,,,
digestive system,digestive system process,GO:0022602,secretion,secretion,GO:0046903,bile secretion,bile acid secretion,GO:0032782,bile acid synthesis,bile acid biosynthetic process,GO:0006699,,,,,,,,,,,,,,Conjugation with glycine or taurine converts bile acids to true detergents,cell,liver lobule,liver lobule,UBERON:0004647,hepatocyte,hepatocyte,CL:0000182,,,,does,X conversion to Y,bile acids,,,conjugated bile acids,,,,,,,"glycine and taurine conjugation lowers pKa, keeping bile acids ionised and membrane-impermeant in the gut lumen",hours,,intra-organ,serum bile acids,Bile acid [Moles/volume] in Serum or Plasma,LOINC:14628-2,total cholesterol,Cholesterol [Mass/volume] in Serum or Plasma,LOINC:2093-3,alkaline phosphatase,Alkaline phosphatase [Enzymatic activity/volume] in Serum or Plasma,LOINC:6768-6,,,,FXR signalling,nuclear receptor-mediated bile acid signaling pathway,GO:0038185,enterohepatic circulation,,,cholesterol homeostasis,,,,,,Yamada's Textbook of Gastroenterology,ISBN 9781119600206,19,,,,,,,,,,,,,,,,,,,,,,,
digestive system,digestive system process,GO:0022602,secretion,secretion,GO:0046903,bile secretion,bile acid secretion,GO:0032782,canalicular and ductular bile formation,canalicular bile acid transport,GO:0015722,,,,,,,,,,,,,,Hepatocytes export bile acids across the canalicular membrane against a steep gradient,cell,liver lobule,liver lobule,UBERON:0004647,hepatocyte,hepatocyte,CL:0000182,,,,does,X secretion,bile acids,,,,,,,,,"[600, 1000]",units = mL/day total bile; BSEP-mediated canalicular export is the rate-limiting step in bile formation,seconds-minutes,,intra-organ,serum bile acids,Bile acid [Moles/volume] in Serum or Plasma,LOINC:14628-2,alkaline phosphatase,Alkaline phosphatase [Enzymatic activity/volume] in Serum or Plasma,LOINC:6768-6,total bilirubin,Bilirubin.total [Mass/volume] in Serum or Plasma,LOINC:1975-2,,,,secretin,,,gallbladder emptying,,,enterohepatic circulation,,,,,,Yamada's Textbook of Gastroenterology,ISBN 9781119600206,19,,"High-Yield Physiology, 1st edition. Dudek, 2008.",ISBN: 978-0781745871,33,,,,,,,,,,,,,,,,,,,
digestive system,digestive system process,GO:0022602,secretion,secretion,GO:0046903,bile secretion,bile acid secretion,GO:0032782,canalicular and ductular bile formation,canalicular bile acid transport,GO:0015722,,,,,,,,,,,,,,Hepatocytes flop phosphatidylcholine into the canalicular lumen,cell,liver lobule,liver lobule,UBERON:0004647,hepatocyte,hepatocyte,CL:0000182,,,,does,X secretion,phospholipid,,,,,,,,,,MDR3-mediated; phospholipid and cholesterol form mixed micelles that protect the canalicular membrane from bile acid detergency,seconds-minutes,,intra-organ,serum bile acids,Bile acid [Moles/volume] in Serum or Plasma,LOINC:14628-2,alkaline phosphatase,Alkaline phosphatase [Enzymatic activity/volume] in Serum or Plasma,LOINC:6768-6,total bilirubin,Bilirubin.total [Mass/volume] in Serum or Plasma,LOINC:1975-2,,,,secretin,,,gallbladder emptying,,,enterohepatic circulation,,,,,,Yamada's Textbook of Gastroenterology,ISBN 9781119600206,19,,"High-Yield Physiology, 1st edition. Dudek, 2008.",ISBN: 978-0781745871,33,,,,,,,,,,,,,,,,,,,
digestive system,digestive system process,GO:0022602,secretion,secretion,GO:0046903,bile secretion,bile acid secretion,GO:0032782,canalicular and ductular bile formation,canalicular bile acid transport,GO:0015722,,,,,,,,,,,,,,Biliary cholesterol excretion is a second route of sterol elimination,cell,liver lobule,liver lobule,UBERON:0004647,hepatocyte,hepatocyte,CL:0000182,,,,does,X secretion,cholesterol,,,,,,,,,,ABCG5/G8-mediated; supersaturation with cholesterol predisposes to gallstone formation,seconds-minutes,,intra-organ,serum bile acids,Bile acid [Moles/volume] in Serum or Plasma,LOINC:14628-2,alkaline phosphatase,Alkaline phosphatase [Enzymatic activity/volume] in Serum or Plasma,LOINC:6768-6,total bilirubin,Bilirubin.total [Mass/volume] in Serum or Plasma,LOINC:1975-2,,,,secretin,,,gallbladder emptying,,,enterohepatic circulation,,,,,,Yamada's Textbook of Gastroenterology,ISBN 9781119600206,19,,"High-Yield Physiology, 1st edition. Dudek, 2008.",ISBN: 978-0781745871,33,,,,,,,,,,,,,,,,,,,
digestive system,digestive system process,GO:0022602,secretion,secretion,GO:0046903,bile secretion,bile acid secretion,GO:0032782,canalicular and ductular bile formation,canalicular bile acid transport,GO:0015722,,,,,,,,,,,,,,Glutathione export drives the bile acid-independent component of bile flow,cell,liver lobule,liver lobule,UBERON:0004647,hepatocyte,hepatocyte,CL:0000182,,,,does,X secretion,glutathione,,,,,,,,,,the principal osmotic driver of bile acid-independent canalicular flow,minutes-hours,,intra-organ,serum bile acids,Bile acid [Moles/volume] in Serum or Plasma,LOINC:14628-2,alkaline phosphatase,Alkaline phosphatase [Enzymatic activity/volume] in Serum or Plasma,LOINC:6768-6,total bilirubin,Bilirubin.total [Mass/volume] in Serum or Plasma,LOINC:1975-2,,,,secretin,,,gallbladder emptying,,,enterohepatic circulation,,,,,,Yamada's Textbook of Gastroenterology,ISBN 9781119600206,19,,"High-Yield Physiology, 1st edition. Dudek, 2008.",ISBN: 978-0781745871,33,,,,,,,,,,,,,,,,,,,
digestive system,digestive system process,GO:0022602,secretion,secretion,GO:0046903,bile secretion,bile acid secretion,GO:0032782,canalicular and ductular bile formation,canalicular bile acid transport,GO:0015722,,,,,,,,,,,,,,Water and electrolytes follow canalicular solute export osmotically,cell,liver lobule,liver lobule,UBERON:0004647,hepatocyte,hepatocyte,CL:0000182,,,,does,X secretion,water,,,,,,,,,,follows osmotically through aquaporin 8 and the leaky canalicular tight junctions,seconds-minutes,,intra-organ,serum bile acids,Bile acid [Moles/volume] in Serum or Plasma,LOINC:14628-2,alkaline phosphatase,Alkaline phosphatase [Enzymatic activity/volume] in Serum or Plasma,LOINC:6768-6,total bilirubin,Bilirubin.total [Mass/volume] in Serum or Plasma,LOINC:1975-2,,,,secretin,,,gallbladder emptying,,,enterohepatic circulation,,,,,,Yamada's Textbook of Gastroenterology,ISBN 9781119600206,19,,"High-Yield Physiology, 1st edition. Dudek, 2008.",ISBN: 978-0781745871,33,,,,,,,,,,,,,,,,,,,
digestive system,digestive system process,GO:0022602,secretion,secretion,GO:0046903,bile secretion,bile acid secretion,GO:0032782,canalicular and ductular bile formation,canalicular bile acid transport,GO:0015722,,,,,,,,,,,,,the peribiliary bicarbonate umbrella keeps bile acids ionised and protects the cholangiocyte apical membrane,Cholangiocytes alkalinise bile through apical anion exchange,cell,liver,liver,UBERON:0002107,cholangiocyte,cholangiocyte,CL:1000488,,,,does,X secretion,bicarbonate,,,,,,,,,,ductal secretion contributes roughly 40% of total bile volume,seconds-minutes,,intra-organ,serum bile acids,Bile acid [Moles/volume] in Serum or Plasma,LOINC:14628-2,alkaline phosphatase,Alkaline phosphatase [Enzymatic activity/volume] in Serum or Plasma,LOINC:6768-6,total bilirubin,Bilirubin.total [Mass/volume] in Serum or Plasma,LOINC:1975-2,,,,secretin,,,gallbladder emptying,,,enterohepatic circulation,,,,,,Yamada's Textbook of Gastroenterology,ISBN 9781119600206,19,,"High-Yield Physiology, 1st edition. Dudek, 2008.",ISBN: 978-0781745871,33,,,,,,,,,,,,,,,,,,,
digestive system,digestive system process,GO:0022602,secretion,secretion,GO:0046903,bile secretion,bile acid secretion,GO:0032782,canalicular and ductular bile formation,canalicular bile acid transport,GO:0015722,,,,,,,,,,,,,,Secretin stimulates ductular bicarbonate and fluid secretion,cell,liver,liver,UBERON:0002107,cholangiocyte,cholangiocyte,CL:1000488,secretin,,,increases,X secretion,bicarbonate,,,,,,,,,,,minutes,circulatory,intra-organ,serum bile acids,Bile acid [Moles/volume] in Serum or Plasma,LOINC:14628-2,alkaline phosphatase,Alkaline phosphatase [Enzymatic activity/volume] in Serum or Plasma,LOINC:6768-6,total bilirubin,Bilirubin.total [Mass/volume] in Serum or Plasma,LOINC:1975-2,,,,secretin,,,gallbladder emptying,,,enterohepatic circulation,,,,,,Yamada's Textbook of Gastroenterology,ISBN 9781119600206,19,,"High-Yield Physiology, 1st edition. Dudek, 2008.",ISBN: 978-0781745871,33,,,,,,,,,,,,,,,,,,,
digestive system,digestive system process,GO:0022602,secretion,secretion,GO:0046903,bile secretion,bile acid secretion,GO:0032782,gallbladder storage and emptying,gallbladder development,GO:0061010,,,,,,,,,,,,,,Gallbladder epithelium reclaims water and salt from stored bile,cell,gallbladder,gallbladder,UBERON:0002110,gallbladder epithelial cell,,,,,,does,X uptake,water and electrolytes,,,,,,,,,,concentrates bile 5- to 10-fold during interdigestive storage,minutes-hours,,intra-organ,gallbladder ultrasound,,,gallbladder ejection fraction,,,serum bile acids,Bile acid [Moles/volume] in Serum or Plasma,LOINC:14628-2,,,,cholecystokinin,,,vagal parasympathetic input,,,enterohepatic circulation,,,,,,Yamada's Textbook of Gastroenterology,ISBN 9781119600206,19,,,,,,,,,,,,,,,,,,,,,,,
digestive system,digestive system process,GO:0022602,secretion,secretion,GO:0046903,bile secretion,bile acid secretion,GO:0032782,gallbladder storage and emptying,gallbladder development,GO:0061010,,,,,,,,,,,,,,The gallbladder stores and concentrates bile between meals,organ,gallbladder,gallbladder,UBERON:0002110,gallbladder,,,,,,does,X storage,bile,,,,,,,,,"[30, 50]",units = mL fasting gallbladder volume,hours,,intra-organ,gallbladder ultrasound,,,gallbladder ejection fraction,,,serum bile acids,Bile acid [Moles/volume] in Serum or Plasma,LOINC:14628-2,,,,cholecystokinin,,,vagal parasympathetic input,,,enterohepatic circulation,,,,,,Yamada's Textbook of Gastroenterology,ISBN 9781119600206,19,,,,,,,,,,,,,,,,,,,,,,,
digestive system,digestive system process,GO:0022602,secretion,secretion,GO:0046903,bile secretion,bile acid secretion,GO:0032782,gallbladder storage and emptying,gallbladder development,GO:0061010,,,,,,,,,,,,,,CCK contracts the gallbladder after a fatty meal,cell,gallbladder,gallbladder,UBERON:0002110,smooth muscle cell,smooth muscle cell,CL:0000192,cholecystokinin,,,increases,contraction X,force,,,,,,,,,,postprandial ejection fraction normally exceeds 35-40%,minutes,circulatory,intra-organ,gallbladder ultrasound,,,gallbladder ejection fraction,,,serum bile acids,Bile acid [Moles/volume] in Serum or Plasma,LOINC:14628-2,,,,cholecystokinin,,,vagal parasympathetic input,,,enterohepatic circulation,,,,,,Yamada's Textbook of Gastroenterology,ISBN 9781119600206,19,,,,,,,,,,,,,,,,,,,,,,,
digestive system,digestive system process,GO:0022602,secretion,secretion,GO:0046903,bile secretion,bile acid secretion,GO:0032782,gallbladder storage and emptying,gallbladder development,GO:0061010,,,,,,,,,,,,,,CCK relaxes the sphincter of Oddi as the gallbladder contracts,cell,duodenum,duodenum,UBERON:0002114,sphincter of Oddi smooth muscle cell,,,cholecystokinin,,,decreases,contraction X,force,,,,,,,,,,,minutes,circulatory,intra-organ,gallbladder ultrasound,,,gallbladder ejection fraction,,,serum bile acids,Bile acid [Moles/volume] in Serum or Plasma,LOINC:14628-2,,,,cholecystokinin,,,vagal parasympathetic input,,,enterohepatic circulation,,,,,,Yamada's Textbook of Gastroenterology,ISBN 9781119600206,19,,,,,,,,,,,,,,,,,,,,,,,
digestive system,digestive system process,GO:0022602,secretion,secretion,GO:0046903,bile secretion,bile acid secretion,GO:0032782,gallbladder storage and emptying,gallbladder development,GO:0061010,,,,,,,,,,,,,,Coordinated gallbladder contraction with sphincter relaxation delivers bile to the duodenum,organ,gallbladder,gallbladder,UBERON:0002110,gallbladder,,,,,,does,X export,bile,,,,,,,,,,,minutes,,intra-organ,gallbladder ultrasound,,,gallbladder ejection fraction,,,serum bile acids,Bile acid [Moles/volume] in Serum or Plasma,LOINC:14628-2,,,,cholecystokinin,,,vagal parasympathetic input,,,enterohepatic circulation,,,,,,Yamada's Textbook of Gastroenterology,ISBN 9781119600206,19,,,,,,,,,,,,,,,,,,,,,,,
digestive system,digestive system process,GO:0022602,secretion,secretion,GO:0046903,bile secretion,bile acid secretion,GO:0032782,enterohepatic circulation,,,,,,,,,,,,,,,"ileal resection or disease breaks this loop, producing bile acid diarrhoea and fat malabsorption",The terminal ileum actively reclaims conjugated bile acids,cell,ileum,ileum,UBERON:0002116,enterocyte,enterocyte,CL:0000584,,,,does,X uptake,conjugated bile acids,,,,,,,,,,"ASBT-mediated; ~95% reclaimed, the 3-4 g pool cycling 6-10 times daily",hours,,intra-organ,serum bile acids,Bile acid [Moles/volume] in Serum or Plasma,LOINC:14628-2,fecal fat,Fat [Mass/time] in 72 hour Stool,LOINC:2271-5,serum vitamin B12,,,,,,FXR signalling,nuclear receptor-mediated bile acid signaling pathway,GO:0038185,gut microbiota,,,bile acid synthesis,bile acid biosynthetic process,GO:0006699,,,,Yamada's Textbook of Gastroenterology,ISBN 9781119600206,19,,,,,,,,,,,,,,,,,,,,,,,
digestive system,digestive system process,GO:0022602,secretion,secretion,GO:0046903,bile secretion,bile acid secretion,GO:0032782,enterohepatic circulation,,,,,,,,,,,,,,,,Reclaimed bile acids return to the liver in portal blood,cell,ileum,ileum,UBERON:0002116,enterocyte,enterocyte,CL:0000584,,,,does,transport of X from Y to Z,bile acids,,,enterocyte,,,portal blood,,,,OSTalpha/beta basolateral efflux; hepatic first-pass extraction is near-complete,hours,,circulatory,serum bile acids,Bile acid [Moles/volume] in Serum or Plasma,LOINC:14628-2,fecal fat,Fat [Mass/time] in 72 hour Stool,LOINC:2271-5,serum vitamin B12,,,,,,FXR signalling,nuclear receptor-mediated bile acid signaling pathway,GO:0038185,gut microbiota,,,bile acid synthesis,bile acid biosynthetic process,GO:0006699,,,,Yamada's Textbook of Gastroenterology,ISBN 9781119600206,19,,,,,,,,,,,,,,,,,,,,,,,
digestive system,digestive system process,GO:0022602,secretion,secretion,GO:0046903,bile secretion,bile acid secretion,GO:0032782,enterohepatic circulation,,,,,,,,,,,,,,,,Bile acid sensing in the ileum releases FGF19 to throttle hepatic synthesis,cell,ileum,ileum,UBERON:0002116,enterocyte,enterocyte,CL:0000584,bile acids,,,increases,X secretion,fibroblast growth factor 19,,,,,,,,,,FXR-mediated; the endocrine arm of enterohepatic feedback,hours,intra-organ,circulatory,serum bile acids,Bile acid [Moles/volume] in Serum or Plasma,LOINC:14628-2,fecal fat,Fat [Mass/time] in 72 hour Stool,LOINC:2271-5,serum vitamin B12,,,,,,FXR signalling,nuclear receptor-mediated bile acid signaling pathway,GO:0038185,gut microbiota,,,bile acid synthesis,bile acid biosynthetic process,GO:0006699,,,,Yamada's Textbook of Gastroenterology,ISBN 9781119600206,19,,,,,,,,,,,,,,,,,,,,,,,
digestive system,digestive system process,GO:0022602,secretion,secretion,GO:0046903,bile secretion,bile acid secretion,GO:0032782,enterohepatic circulation,,,,,,,,,,,,,,,,Colonic bacteria transform the small fraction of bile acids escaping ileal reclamation,organ,colon,colon,UBERON:0001155,gut microbiota,,,,,,does,X conversion to Y,primary bile acids,,,secondary bile acids,,,,,,,bacterial deconjugation and 7-alpha-dehydroxylation yield deoxycholic and lithocholic acid,hours-days,,intra-organ,serum bile acids,Bile acid [Moles/volume] in Serum or Plasma,LOINC:14628-2,fecal fat,Fat [Mass/time] in 72 hour Stool,LOINC:2271-5,serum vitamin B12,,,,,,FXR signalling,nuclear receptor-mediated bile acid signaling pathway,GO:0038185,gut microbiota,,,bile acid synthesis,bile acid biosynthetic process,GO:0006699,,,,Yamada's Textbook of Gastroenterology,ISBN 9781119600206,19,,,,,,,,,,,,,,,,,,,,,,,
digestive system,digestive system process,GO:0022602,metabolic processing,metabolic process,GO:0008152,bilirubin metabolism,bilirubin conjugation,GO:0006789,"uptake, conjugation and excretion",bilirubin conjugation,GO:0006789,,,,,,,,,,,,,,Hepatocytes extract albumin-bound bilirubin from sinusoidal blood,cell,liver lobule,liver lobule,UBERON:0004647,hepatocyte,hepatocyte,CL:0000182,,,,does,X uptake,unconjugated bilirubin,,,,,,,,,,delivered albumin-bound; ~85% derives from senescent erythrocyte haemoglobin,minutes-hours,,intra-organ,total bilirubin,Bilirubin.total [Mass/volume] in Serum or Plasma,LOINC:1975-2,direct bilirubin,Bilirubin.direct [Mass/volume] in Serum or Plasma,LOINC:1968-7,alkaline phosphatase,Alkaline phosphatase [Enzymatic activity/volume] in Serum or Plasma,LOINC:6768-6,,,,heme catabolism,heme catabolic process,GO:0042167,gut microbiota,,,renal excretion,,,,,,Zakim and Boyer's Hepatology,ISBN: 978-0323375917,1,,"High-Yield Physiology, 1st edition. Dudek, 2008.",ISBN: 978-0781745871,33,,,,,,,,,,,,,,,,,,,
digestive system,digestive system process,GO:0022602,metabolic processing,metabolic process,GO:0008152,bilirubin metabolism,bilirubin conjugation,GO:0006789,"uptake, conjugation and excretion",bilirubin conjugation,GO:0006789,,,,,,,,,,,,,reduced UGT1A1 activity underlies Gilbert syndrome and the Crigler-Najjar syndromes,Glucuronidation renders bilirubin water-soluble and excretable,cell,liver lobule,liver lobule,UBERON:0004647,hepatocyte,hepatocyte,CL:0000182,,,,does,X conversion to Y,bilirubin,,,bilirubin glucuronide,,,,,,"[0.3, 1.2]",units = mg/dL total serum bilirubin; UGT1A1-mediated,minutes-hours,,intra-organ,total bilirubin,Bilirubin.total [Mass/volume] in Serum or Plasma,LOINC:1975-2,direct bilirubin,Bilirubin.direct [Mass/volume] in Serum or Plasma,LOINC:1968-7,alkaline phosphatase,Alkaline phosphatase [Enzymatic activity/volume] in Serum or Plasma,LOINC:6768-6,,,,heme catabolism,heme catabolic process,GO:0042167,gut microbiota,,,renal excretion,,,,,,Zakim and Boyer's Hepatology,ISBN: 978-0323375917,1,,"High-Yield Physiology, 1st edition. Dudek, 2008.",ISBN: 978-0781745871,33,,,,,,,,,,,,,,,,,,,
digestive system,digestive system process,GO:0022602,metabolic processing,metabolic process,GO:0008152,bilirubin metabolism,bilirubin conjugation,GO:0006789,"uptake, conjugation and excretion",bilirubin conjugation,GO:0006789,,,,,,,,,,,,,,Conjugated bilirubin is exported into bile,cell,liver lobule,liver lobule,UBERON:0004647,hepatocyte,hepatocyte,CL:0000182,,,,does,X secretion,conjugated bilirubin,,,,,,,,,,"MRP2-mediated canalicular export; the rate-limiting step, so defects raise the conjugated fraction",minutes-hours,,intra-organ,total bilirubin,Bilirubin.total [Mass/volume] in Serum or Plasma,LOINC:1975-2,direct bilirubin,Bilirubin.direct [Mass/volume] in Serum or Plasma,LOINC:1968-7,alkaline phosphatase,Alkaline phosphatase [Enzymatic activity/volume] in Serum or Plasma,LOINC:6768-6,,,,heme catabolism,heme catabolic process,GO:0042167,gut microbiota,,,renal excretion,,,,,,Zakim and Boyer's Hepatology,ISBN: 978-0323375917,1,,"High-Yield Physiology, 1st edition. Dudek, 2008.",ISBN: 978-0781745871,33,,,,,,,,,,,,,,,,,,,
digestive system,digestive system process,GO:0022602,metabolic processing,metabolic process,GO:0008152,bilirubin metabolism,bilirubin conjugation,GO:0006789,"uptake, conjugation and excretion",bilirubin conjugation,GO:0006789,,,,,,,,,,,,,,Colonic bacteria deconjugate and reduce bilirubin to urobilinogen,organ,colon,colon,UBERON:0001155,gut microbiota,,,,,,does,X conversion to Y,conjugated bilirubin,,,urobilinogen,,,,,,,"further oxidation yields stercobilin, which colours stool; a small fraction is reabsorbed and renally excreted",hours-days,,intra-organ,total bilirubin,Bilirubin.total [Mass/volume] in Serum or Plasma,LOINC:1975-2,direct bilirubin,Bilirubin.direct [Mass/volume] in Serum or Plasma,LOINC:1968-7,alkaline phosphatase,Alkaline phosphatase [Enzymatic activity/volume] in Serum or Plasma,LOINC:6768-6,,,,heme catabolism,heme catabolic process,GO:0042167,gut microbiota,,,renal excretion,,,,,,Zakim and Boyer's Hepatology,ISBN: 978-0323375917,1,,"High-Yield Physiology, 1st edition. Dudek, 2008.",ISBN: 978-0781745871,33,,,,,,,,,,,,,,,,,,,
digestive system,digestive system process,GO:0022602,digestion and absorption,digestion,GO:0007586,carbohydrate assimilation,digestion,GO:0007586,luminal and brush-border digestion,,,,,,,,,,,,,,,,Salivary amylase begins starch hydrolysis in the mouth,cell,stomach,stomach,UBERON:0000945,salivary acinar cell,,,,,,does,X secretion,salivary amylase,,,,,,,,,,saliva 1-1.5 L/day; salivary amylase is inactivated by gastric acid,seconds-minutes,,intra-organ,plasma glucose,Glucose [Mass/volume] in Serum or Plasma,LOINC:2345-7,hydrogen breath test,,,stool reducing substances,,,,,,pancreatic exocrine function,pancreatic juice secretion,GO:0030157,gut microbiota,,,incretin release,,,,,,Yamada's Textbook of Gastroenterology,ISBN 9781119600206,21,,,,,,,,,,,,,,,,,,,,,,,
digestive system,digestive system process,GO:0022602,digestion and absorption,digestion,GO:0007586,carbohydrate assimilation,digestion,GO:0007586,luminal and brush-border digestion,,,,,,,,,,,,,,,"lactase is the least abundant and most readily lost, which is why lactose is the commonest malabsorbed sugar",Brush-border disaccharidases complete carbohydrate digestion at the membrane surface,cell,small intestine,small intestine,UBERON:0002108,enterocyte,enterocyte,CL:0000584,,,,does,X conversion to Y,oligosaccharides,,,monosaccharides,,,,,,,"sucrase-isomaltase, maltase-glucoamylase, lactase and trehalase on the brush border",minutes,,intra-organ,plasma glucose,Glucose [Mass/volume] in Serum or Plasma,LOINC:2345-7,hydrogen breath test,,,stool reducing substances,,,,,,pancreatic exocrine function,pancreatic juice secretion,GO:0030157,gut microbiota,,,incretin release,,,,,,Yamada's Textbook of Gastroenterology,ISBN 9781119600206,21,,,,,,,,,,,,,,,,,,,,,,,
digestive system,digestive system process,GO:0022602,digestion and absorption,digestion,GO:0007586,carbohydrate assimilation,digestion,GO:0007586,luminal and brush-border digestion,,,,,,,,,,,,,,,,Glucose and galactose enter the enterocyte by sodium-coupled cotransport,cell,small intestine,small intestine,UBERON:0002108,enterocyte,enterocyte,CL:0000584,,,,does,X uptake,glucose,,,,,,,,,,"SGLT1-mediated, coupled to the sodium gradient; the basis for oral rehydration therapy",seconds-minutes,,intra-organ,plasma glucose,Glucose [Mass/volume] in Serum or Plasma,LOINC:2345-7,hydrogen breath test,,,stool reducing substances,,,,,,pancreatic exocrine function,pancreatic juice secretion,GO:0030157,gut microbiota,,,incretin release,,,,,,Yamada's Textbook of Gastroenterology,ISBN 9781119600206,21,,,,,,,,,,,,,,,,,,,,,,,
digestive system,digestive system process,GO:0022602,digestion and absorption,digestion,GO:0007586,carbohydrate assimilation,digestion,GO:0007586,luminal and brush-border digestion,,,,,,,,,,,,,,,,Fructose enters by facilitated diffusion rather than active transport,cell,small intestine,small intestine,UBERON:0002108,enterocyte,enterocyte,CL:0000584,,,,does,X uptake,fructose,,,,,,,,,,GLUT5-mediated facilitated diffusion; capacity is limited and readily exceeded,seconds-minutes,,intra-organ,plasma glucose,Glucose [Mass/volume] in Serum or Plasma,LOINC:2345-7,hydrogen breath test,,,stool reducing substances,,,,,,pancreatic exocrine function,pancreatic juice secretion,GO:0030157,gut microbiota,,,incretin release,,,,,,Yamada's Textbook of Gastroenterology,ISBN 9781119600206,21,,,,,,,,,,,,,,,,,,,,,,,
digestive system,digestive system process,GO:0022602,digestion and absorption,digestion,GO:0007586,carbohydrate assimilation,digestion,GO:0007586,luminal and brush-border digestion,,,,,,,,,,,,,,,,Absorbed sugars leave the enterocyte through the basolateral membrane into portal blood,cell,small intestine,small intestine,UBERON:0002108,enterocyte,enterocyte,CL:0000584,,,,does,transport of X from Y to Z,monosaccharides,,,enterocyte,,,portal blood,,,,GLUT2-mediated basolateral exit,seconds-minutes,,circulatory,plasma glucose,Glucose [Mass/volume] in Serum or Plasma,LOINC:2345-7,hydrogen breath test,,,stool reducing substances,,,,,,pancreatic exocrine function,pancreatic juice secretion,GO:0030157,gut microbiota,,,incretin release,,,,,,Yamada's Textbook of Gastroenterology,ISBN 9781119600206,21,,,,,,,,,,,,,,,,,,,,,,,
digestive system,digestive system process,GO:0022602,digestion and absorption,digestion,GO:0007586,carbohydrate assimilation,digestion,GO:0007586,luminal and brush-border digestion,,,,,,,,,,,,,,,,Colonic fermentation salvages energy from carbohydrate escaping small bowel digestion,organ,colon,colon,UBERON:0001155,gut microbiota,,,,,,does,X conversion to Y,dietary fiber,,,short-chain fatty acids,,,,,,,"acetate, propionate and butyrate; recovers 5-10% of dietary energy",hours-days,,intra-organ,plasma glucose,Glucose [Mass/volume] in Serum or Plasma,LOINC:2345-7,hydrogen breath test,,,stool reducing substances,,,,,,pancreatic exocrine function,pancreatic juice secretion,GO:0030157,gut microbiota,,,incretin release,,,,,,Yamada's Textbook of Gastroenterology,ISBN 9781119600206,21,,,,,,,,,,,,,,,,,,,,,,,
digestive system,digestive system process,GO:0022602,digestion and absorption,digestion,GO:0007586,protein assimilation,protein digestion,GO:0044256,proteolysis and peptide absorption,peptide transport,GO:0015833,,,,,,,,,,,,,,Duodenal enteropeptidase initiates zymogen activation,cell,duodenum,duodenum,UBERON:0002114,enterocyte,enterocyte,CL:0000584,,,,does,X secretion,enteropeptidase,,,,,,,,,,brush-border enzyme; the single trigger for the entire pancreatic protease cascade,minutes,,intra-organ,serum albumin,Albumin [Mass/volume] in Serum or Plasma,LOINC:1751-7,fecal nitrogen,,,plasma amino acids,,,,,,gastric acid secretion,gastric acid secretion,GO:0001696,pancreatic exocrine function,pancreatic juice secretion,GO:0030157,,,,,,,Yamada's Textbook of Gastroenterology,ISBN 9781119600206,21,,,,,,,,,,,,,,,,,,,,,,,
digestive system,digestive system process,GO:0022602,digestion and absorption,digestion,GO:0007586,protein assimilation,protein digestion,GO:0044256,proteolysis and peptide absorption,peptide transport,GO:0015833,,,,,,,,,,,,,premature intrapancreatic activation of this cascade is the initiating event in acute pancreatitis,Enteropeptidase converts trypsinogen to trypsin in the duodenal lumen,organ,duodenum,duodenum,UBERON:0002114,duodenum,,,,,,does,X conversion to Y,trypsinogen,,,trypsin,,,,,,,"trypsin then activates chymotrypsinogen, proelastase and procarboxypeptidase autocatalytically",minutes,,intra-organ,serum albumin,Albumin [Mass/volume] in Serum or Plasma,LOINC:1751-7,fecal nitrogen,,,plasma amino acids,,,,,,gastric acid secretion,gastric acid secretion,GO:0001696,pancreatic exocrine function,pancreatic juice secretion,GO:0030157,,,,,,,Yamada's Textbook of Gastroenterology,ISBN 9781119600206,21,,,,,,,,,,,,,,,,,,,,,,,
digestive system,digestive system process,GO:0022602,digestion and absorption,digestion,GO:0007586,protein assimilation,protein digestion,GO:0044256,proteolysis and peptide absorption,peptide transport,GO:0015833,,,,,,,,,,,,,,Trypsin amplifies the cascade by activating the remaining pancreatic zymogens,organ,small intestine,small intestine,UBERON:0002108,small intestine,,,trypsin,,,increases,X conversion to Y,zymogens,,,active proteases,,,,,,,,minutes,intra-organ,intra-organ,serum albumin,Albumin [Mass/volume] in Serum or Plasma,LOINC:1751-7,fecal nitrogen,,,plasma amino acids,,,,,,gastric acid secretion,gastric acid secretion,GO:0001696,pancreatic exocrine function,pancreatic juice secretion,GO:0030157,,,,,,,Yamada's Textbook of Gastroenterology,ISBN 9781119600206,21,,,,,,,,,,,,,,,,,,,,,,,
digestive system,digestive system process,GO:0022602,digestion and absorption,digestion,GO:0007586,protein assimilation,protein digestion,GO:0044256,proteolysis and peptide absorption,peptide transport,GO:0015833,,,,,,,,,,,,,,Brush-border peptidases reduce oligopeptides to absorbable units,cell,small intestine,small intestine,UBERON:0002108,enterocyte,enterocyte,CL:0000584,,,,does,X conversion to Y,oligopeptides,,,amino acids,,,,,,,brush-border aminopeptidases and dipeptidyl peptidases,minutes,,intra-organ,serum albumin,Albumin [Mass/volume] in Serum or Plasma,LOINC:1751-7,fecal nitrogen,,,plasma amino acids,,,,,,gastric acid secretion,gastric acid secretion,GO:0001696,pancreatic exocrine function,pancreatic juice secretion,GO:0030157,,,,,,,Yamada's Textbook of Gastroenterology,ISBN 9781119600206,21,,,,,,,,,,,,,,,,,,,,,,,
digestive system,digestive system process,GO:0022602,digestion and absorption,digestion,GO:0007586,protein assimilation,protein digestion,GO:0044256,proteolysis and peptide absorption,peptide transport,GO:0015833,,,,,,,,,,,,,,Small peptides are absorbed intact through a proton-coupled transporter,cell,small intestine,small intestine,UBERON:0002108,enterocyte,enterocyte,CL:0000584,,,,does,X uptake,di- and tripeptides,,,,,,,,,,"PEPT1-mediated, driven by the apical proton gradient; quantitatively more important than free amino acid uptake",minutes,,intra-organ,serum albumin,Albumin [Mass/volume] in Serum or Plasma,LOINC:1751-7,fecal nitrogen,,,plasma amino acids,,,,,,gastric acid secretion,gastric acid secretion,GO:0001696,pancreatic exocrine function,pancreatic juice secretion,GO:0030157,,,,,,,Yamada's Textbook of Gastroenterology,ISBN 9781119600206,21,,,,,,,,,,,,,,,,,,,,,,,
digestive system,digestive system process,GO:0022602,digestion and absorption,digestion,GO:0007586,protein assimilation,protein digestion,GO:0044256,proteolysis and peptide absorption,peptide transport,GO:0015833,,,,,,,,,,,,,defects in individual carriers produce selective aminoacidurias such as cystinuria and Hartnup disease,Free amino acids enter through several class-specific carrier systems,cell,small intestine,small intestine,UBERON:0002108,enterocyte,enterocyte,CL:0000584,,,,does,X uptake,amino acids,,,,,,,,,,multiple sodium-coupled and sodium-independent systems with overlapping specificity,minutes,,intra-organ,serum albumin,Albumin [Mass/volume] in Serum or Plasma,LOINC:1751-7,fecal nitrogen,,,plasma amino acids,,,,,,gastric acid secretion,gastric acid secretion,GO:0001696,pancreatic exocrine function,pancreatic juice secretion,GO:0030157,,,,,,,Yamada's Textbook of Gastroenterology,ISBN 9781119600206,21,,,,,,,,,,,,,,,,,,,,,,,
digestive system,digestive system process,GO:0022602,digestion and absorption,digestion,GO:0007586,lipid assimilation,lipid digestion,GO:0044241,"emulsification, hydrolysis and uptake",,,,,,,,,,,,,,,"colipase anchors lipase to the micelle surface, overcoming displacement by bile salts",Pancreatic lipase hydrolyses dietary triglyceride at the emulsion surface,organ,small intestine,small intestine,UBERON:0002108,small intestine,,,,,,does,X conversion to Y,triacylglycerol,,,2-monoacylglycerol and free fatty acids,,,,,,"[0, 7]",units = g/day faecal fat on a normal intake; pancreatic lipase with colipase acts at the oil-water interface,minutes-hours,,intra-organ,fecal fat,Fat [Mass/time] in 72 hour Stool,LOINC:2271-5,serum triglycerides,Triglyceride [Mass/volume] in Serum or Plasma,LOINC:2571-8,total cholesterol,Cholesterol [Mass/volume] in Serum or Plasma,LOINC:2093-3,,,,bile secretion,bile acid secretion,GO:0032782,pancreatic exocrine function,pancreatic juice secretion,GO:0030157,lymphatic transport,,,,,,Yamada's Textbook of Gastroenterology,ISBN 9781119600206,21,,,,,,,,,,,,,,,,,,,,,,,
digestive system,digestive system process,GO:0022602,digestion and absorption,digestion,GO:0007586,lipid assimilation,lipid digestion,GO:0044241,"emulsification, hydrolysis and uptake",,,,,,,,,,,,,,,,Bile salt micelles ferry lipolytic products across the unstirred water layer,organ,small intestine,small intestine,UBERON:0002108,small intestine,,,bile salts,,,increases,transport of X from Y to Z,lipolytic products,,,intestinal lumen,,,brush border,,,,mixed micelles raise the effective aqueous concentration of lipid up to a thousandfold,minutes,intra-organ,intra-organ,fecal fat,Fat [Mass/time] in 72 hour Stool,LOINC:2271-5,serum triglycerides,Triglyceride [Mass/volume] in Serum or Plasma,LOINC:2571-8,total cholesterol,Cholesterol [Mass/volume] in Serum or Plasma,LOINC:2093-3,,,,bile secretion,bile acid secretion,GO:0032782,pancreatic exocrine function,pancreatic juice secretion,GO:0030157,lymphatic transport,,,,,,Yamada's Textbook of Gastroenterology,ISBN 9781119600206,21,,,,,,,,,,,,,,,,,,,,,,,
digestive system,digestive system process,GO:0022602,digestion and absorption,digestion,GO:0007586,lipid assimilation,lipid digestion,GO:0044241,"emulsification, hydrolysis and uptake",,,,,,,,,,,,,,,,Lipolytic products are taken up across the apical enterocyte membrane,cell,small intestine,small intestine,UBERON:0002108,enterocyte,enterocyte,CL:0000584,,,,does,X uptake,fatty acids and monoacylglycerol,,,,,,,,,,"largely passive at the brush border, with carrier-facilitated components for long-chain species",minutes,,intra-organ,fecal fat,Fat [Mass/time] in 72 hour Stool,LOINC:2271-5,serum triglycerides,Triglyceride [Mass/volume] in Serum or Plasma,LOINC:2571-8,total cholesterol,Cholesterol [Mass/volume] in Serum or Plasma,LOINC:2093-3,,,,bile secretion,bile acid secretion,GO:0032782,pancreatic exocrine function,pancreatic juice secretion,GO:0030157,lymphatic transport,,,,,,Yamada's Textbook of Gastroenterology,ISBN 9781119600206,21,,,,,,,,,,,,,,,,,,,,,,,
digestive system,digestive system process,GO:0022602,digestion and absorption,digestion,GO:0007586,lipid assimilation,lipid digestion,GO:0044241,"emulsification, hydrolysis and uptake",,,,,,,,,,,,,,,,Enterocytes reassemble absorbed lipid into chylomicrons,cell,small intestine,small intestine,UBERON:0002108,enterocyte,enterocyte,CL:0000584,,,,does,X synthesis,chylomicron,,,,,,,,,,resynthesised triglyceride packaged with apolipoprotein B-48,minutes-hours,,intra-organ,fecal fat,Fat [Mass/time] in 72 hour Stool,LOINC:2271-5,serum triglycerides,Triglyceride [Mass/volume] in Serum or Plasma,LOINC:2571-8,total cholesterol,Cholesterol [Mass/volume] in Serum or Plasma,LOINC:2093-3,,,,bile secretion,bile acid secretion,GO:0032782,pancreatic exocrine function,pancreatic juice secretion,GO:0030157,lymphatic transport,,,,,,Yamada's Textbook of Gastroenterology,ISBN 9781119600206,21,,,,,,,,,,,,,,,,,,,,,,,
digestive system,digestive system process,GO:0022602,digestion and absorption,digestion,GO:0007586,lipid assimilation,lipid digestion,GO:0044241,"emulsification, hydrolysis and uptake",,,,,,,,,,,,,,,,Chylomicrons leave the enterocyte through lymphatics rather than portal blood,cell,small intestine,small intestine,UBERON:0002108,enterocyte,enterocyte,CL:0000584,,,,does,transport of X from Y to Z,chylomicron,,,enterocyte,,,intestinal lacteal,,,,"chylomicrons bypass the portal circulation; medium-chain fatty acids do not, entering portal blood directly",minutes-hours,,circulatory,fecal fat,Fat [Mass/time] in 72 hour Stool,LOINC:2271-5,serum triglycerides,Triglyceride [Mass/volume] in Serum or Plasma,LOINC:2571-8,total cholesterol,Cholesterol [Mass/volume] in Serum or Plasma,LOINC:2093-3,,,,bile secretion,bile acid secretion,GO:0032782,pancreatic exocrine function,pancreatic juice secretion,GO:0030157,lymphatic transport,,,,,,Yamada's Textbook of Gastroenterology,ISBN 9781119600206,21,,,,,,,,,,,,,,,,,,,,,,,
digestive system,digestive system process,GO:0022602,digestion and absorption,digestion,GO:0007586,lipid assimilation,lipid digestion,GO:0044241,"emulsification, hydrolysis and uptake",,,,,,,,,,,,,,,,Dietary and biliary cholesterol is taken up through NPC1L1,cell,small intestine,small intestine,UBERON:0002108,enterocyte,enterocyte,CL:0000584,,,,does,X uptake,cholesterol,,,,,,,,,,NPC1L1-mediated; the molecular target of ezetimibe,minutes-hours,,intra-organ,fecal fat,Fat [Mass/time] in 72 hour Stool,LOINC:2271-5,serum triglycerides,Triglyceride [Mass/volume] in Serum or Plasma,LOINC:2571-8,total cholesterol,Cholesterol [Mass/volume] in Serum or Plasma,LOINC:2093-3,,,,bile secretion,bile acid secretion,GO:0032782,pancreatic exocrine function,pancreatic juice secretion,GO:0030157,lymphatic transport,,,,,,Yamada's Textbook of Gastroenterology,ISBN 9781119600206,21,,,,,,,,,,,,,,,,,,,,,,,
digestive system,digestive system process,GO:0022602,digestion and absorption,digestion,GO:0007586,lipid assimilation,lipid digestion,GO:0044241,"emulsification, hydrolysis and uptake",,,,,,,,,,,,,,,,Non-cholesterol sterols are pumped back into the lumen,cell,small intestine,small intestine,UBERON:0002108,enterocyte,enterocyte,CL:0000584,,,,does,X secretion,plant sterols,,,,,,,,,,ABCG5/G8-mediated efflux back to the lumen; loss of function causes sitosterolemia,minutes-hours,,intra-organ,fecal fat,Fat [Mass/time] in 72 hour Stool,LOINC:2271-5,serum triglycerides,Triglyceride [Mass/volume] in Serum or Plasma,LOINC:2571-8,total cholesterol,Cholesterol [Mass/volume] in Serum or Plasma,LOINC:2093-3,,,,bile secretion,bile acid secretion,GO:0032782,pancreatic exocrine function,pancreatic juice secretion,GO:0030157,lymphatic transport,,,,,,Yamada's Textbook of Gastroenterology,ISBN 9781119600206,21,,,,,,,,,,,,,,,,,,,,,,,
digestive system,digestive system process,GO:0022602,homeostasis,homeostatic process,GO:0042592,intestinal fluid and electrolyte balance,monoatomic ion homeostasis,GO:0050801,sodium and water absorption,intestinal absorption,GO:0050892,,,,,,,,,,,,,electroneutral NaCl absorption pairs NHE3 with the DRA chloride-bicarbonate exchanger,Villus enterocytes absorb sodium electroneutrally and with nutrients,cell,small intestine,small intestine,UBERON:0002108,enterocyte,enterocyte,CL:0000584,,,,does,X uptake,sodium,,,,,,,,,,"NHE3 and sodium-coupled nutrient cotransport; of ~9 L presented daily, ~8 L is absorbed in the small bowel",seconds-minutes,,intra-organ,stool osmolality,,,stool weight,,,plasma sodium,,,plasma potassium,,,aldosterone signalling,cellular response to aldosterone,GO:1904045,enteric nervous system,,,gut microbiota,,,enteric infection,,,Yamada's Textbook of Gastroenterology,ISBN 9781119600206,16,,,,,,,,,,,,,,,,,,,,,,,
digestive system,digestive system process,GO:0022602,homeostasis,homeostatic process,GO:0042592,intestinal fluid and electrolyte balance,monoatomic ion homeostasis,GO:0050801,sodium and water absorption,intestinal absorption,GO:0050892,,,,,,,,,,,,,,Water absorption follows solute movement passively,cell,small intestine,small intestine,UBERON:0002108,enterocyte,enterocyte,CL:0000584,,,,does,X uptake,water,,,,,,,,,,"osmotically coupled, transcellular through aquaporins and paracellular by solvent drag",seconds-minutes,,intra-organ,stool osmolality,,,stool weight,,,plasma sodium,,,plasma potassium,,,aldosterone signalling,cellular response to aldosterone,GO:1904045,enteric nervous system,,,gut microbiota,,,enteric infection,,,Yamada's Textbook of Gastroenterology,ISBN 9781119600206,16,,,,,,,,,,,,,,,,,,,,,,,
digestive system,digestive system process,GO:0022602,homeostasis,homeostatic process,GO:0042592,intestinal fluid and electrolyte balance,monoatomic ion homeostasis,GO:0050801,sodium and water absorption,intestinal absorption,GO:0050892,,,,,,,,,,,,,,The distal colon absorbs sodium through amiloride-sensitive channels,cell,colon,colon,UBERON:0001155,colonocyte,colonocyte,CL:1000347,,,,does,X uptake,sodium,,,,,,,,,,ENaC-mediated and electrogenic in the distal colon; can reduce stool sodium below 40 mEq/L,minutes-hours,,intra-organ,stool osmolality,,,stool weight,,,plasma sodium,,,plasma potassium,,,aldosterone signalling,cellular response to aldosterone,GO:1904045,enteric nervous system,,,gut microbiota,,,enteric infection,,,Yamada's Textbook of Gastroenterology,ISBN 9781119600206,16,,,,,,,,,,,,,,,,,,,,,,,
digestive system,digestive system process,GO:0022602,homeostasis,homeostatic process,GO:0042592,intestinal fluid and electrolyte balance,monoatomic ion homeostasis,GO:0050801,sodium and water absorption,intestinal absorption,GO:0050892,,,,,,,,,,,,,,Aldosterone upregulates colonic ENaC-mediated sodium absorption,cell,colon,colon,UBERON:0001155,colonocyte,colonocyte,CL:1000347,aldosterone,,,increases,X uptake,sodium,,,,,,,,,,,hours,circulatory,intra-organ,stool osmolality,,,stool weight,,,plasma sodium,,,plasma potassium,,,aldosterone signalling,cellular response to aldosterone,GO:1904045,enteric nervous system,,,gut microbiota,,,enteric infection,,,Yamada's Textbook of Gastroenterology,ISBN 9781119600206,16,,,,,,,,,,,,,,,,,,,,,,,
digestive system,digestive system process,GO:0022602,homeostasis,homeostatic process,GO:0042592,intestinal fluid and electrolyte balance,monoatomic ion homeostasis,GO:0050801,sodium and water absorption,intestinal absorption,GO:0050892,,,,,,,,,,,,,,The colon reclaims nearly all remaining luminal water,cell,colon,colon,UBERON:0001155,colonocyte,colonocyte,CL:1000347,,,,does,X uptake,water,,,,,,,,,,"of the ~1.5 L reaching the colon, all but 100-200 mL is reclaimed; reserve capacity up to ~4 L/day",hours,,intra-organ,stool osmolality,,,stool weight,,,plasma sodium,,,plasma potassium,,,aldosterone signalling,cellular response to aldosterone,GO:1904045,enteric nervous system,,,gut microbiota,,,enteric infection,,,Yamada's Textbook of Gastroenterology,ISBN 9781119600206,16,,,,,,,,,,,,,,,,,,,,,,,
digestive system,digestive system process,GO:0022602,homeostasis,homeostatic process,GO:0042592,intestinal fluid and electrolyte balance,monoatomic ion homeostasis,GO:0050801,sodium and water absorption,intestinal absorption,GO:0050892,,,,,,,,,,,,,,Colonocytes absorb and oxidise bacterially produced short-chain fatty acids,cell,colon,colon,UBERON:0001155,colonocyte,colonocyte,CL:1000347,,,,does,X uptake,short-chain fatty acids,,,,,,,,,,butyrate is the preferred fuel of the colonocyte and also stimulates sodium and water absorption,hours,,intra-organ,stool osmolality,,,stool weight,,,plasma sodium,,,plasma potassium,,,aldosterone signalling,cellular response to aldosterone,GO:1904045,enteric nervous system,,,gut microbiota,,,enteric infection,,,Yamada's Textbook of Gastroenterology,ISBN 9781119600206,16,,,,,,,,,,,,,,,,,,,,,,,
digestive system,digestive system process,GO:0022602,homeostasis,homeostatic process,GO:0042592,intestinal fluid and electrolyte balance,monoatomic ion homeostasis,GO:0050801,sodium and water absorption,intestinal absorption,GO:0050892,,,,,,,,,,,,,,Colonocytes secrete potassium into the lumen,cell,colon,colon,UBERON:0001155,colonocyte,colonocyte,CL:1000347,,,,does,X secretion,potassium,,,,,,,,,,BK and ROMK channels; colonic secretion becomes significant in renal failure,minutes-hours,,intra-organ,stool osmolality,,,stool weight,,,plasma sodium,,,plasma potassium,,,aldosterone signalling,cellular response to aldosterone,GO:1904045,enteric nervous system,,,gut microbiota,,,enteric infection,,,Yamada's Textbook of Gastroenterology,ISBN 9781119600206,16,,,,,,,,,,,,,,,,,,,,,,,
digestive system,digestive system process,GO:0022602,homeostasis,homeostatic process,GO:0042592,intestinal fluid and electrolyte balance,monoatomic ion homeostasis,GO:0050801,sodium and water absorption,intestinal absorption,GO:0050892,,,,,,,,,,,,,,Aldosterone increases colonic potassium secretion,cell,colon,colon,UBERON:0001155,colonocyte,colonocyte,CL:1000347,aldosterone,,,increases,X secretion,potassium,,,,,,,,,,,hours,circulatory,intra-organ,stool osmolality,,,stool weight,,,plasma sodium,,,plasma potassium,,,aldosterone signalling,cellular response to aldosterone,GO:1904045,enteric nervous system,,,gut microbiota,,,enteric infection,,,Yamada's Textbook of Gastroenterology,ISBN 9781119600206,16,,,,,,,,,,,,,,,,,,,,,,,
digestive system,digestive system process,GO:0022602,homeostasis,homeostatic process,GO:0042592,intestinal fluid and electrolyte balance,monoatomic ion homeostasis,GO:0050801,anion secretion,chloride transport,GO:0006821,,,,,,,,,,,,,unopposed activation of this pathway is the mechanism of secretory diarrhoea,"Crypt cells secrete chloride, driving fluid into the lumen",cell,intestine,intestine,UBERON:0000160,intestinal crypt cell,,,,,,does,X secretion,chloride,,,,,,,,,,basolateral NKCC1 loading with apical CFTR exit; water and sodium follow,seconds-minutes,,intra-organ,stool osmolality,,,stool weight,,,stool electrolytes,,,,,,enteric nervous system,,,enteric infection,,,prostaglandin signalling,,,,,,Yamada's Textbook of Gastroenterology,ISBN 9781119600206,16,,,,,,,,,,,,,,,,,,,,,,,
digestive system,digestive system process,GO:0022602,homeostasis,homeostatic process,GO:0042592,intestinal fluid and electrolyte balance,monoatomic ion homeostasis,GO:0050801,anion secretion,chloride transport,GO:0006821,,,,,,,,,,,,,,VIP raises cyclic AMP and opens CFTR,cell,intestine,intestine,UBERON:0000160,intestinal crypt cell,,,vasoactive intestinal peptide,,,increases,X secretion,chloride,,,,,,,,,,the mechanism of the profuse secretory diarrhoea of VIPoma,seconds-minutes,paracrine,intra-organ,stool osmolality,,,stool weight,,,stool electrolytes,,,,,,enteric nervous system,,,enteric infection,,,prostaglandin signalling,,,,,,Yamada's Textbook of Gastroenterology,ISBN 9781119600206,16,,,,,,,,,,,,,,,,,,,,,,,
digestive system,digestive system process,GO:0022602,homeostasis,homeostatic process,GO:0042592,intestinal fluid and electrolyte balance,monoatomic ion homeostasis,GO:0050801,anion secretion,chloride transport,GO:0006821,,,,,,,,,,,,,,Guanylate cyclase C agonists stimulate chloride and fluid secretion,cell,intestine,intestine,UBERON:0000160,intestinal crypt cell,,,guanylin,,,increases,X secretion,chloride,,,,,,,,,,the same receptor is targeted by heat-stable enterotoxin of enterotoxigenic E. coli and by linaclotide,seconds-minutes,paracrine,intra-organ,stool osmolality,,,stool weight,,,stool electrolytes,,,,,,enteric nervous system,,,enteric infection,,,prostaglandin signalling,,,,,,Yamada's Textbook of Gastroenterology,ISBN 9781119600206,16,,,,,,,,,,,,,,,,,,,,,,,
digestive system,digestive system process,GO:0022602,homeostasis,homeostatic process,GO:0042592,intestinal fluid and electrolyte balance,monoatomic ion homeostasis,GO:0050801,anion secretion,chloride transport,GO:0006821,,,,,,,,,,,,,,Enteric cholinergic input stimulates crypt anion secretion,cell,intestine,intestine,UBERON:0000160,intestinal crypt cell,,,acetylcholine,,,increases,X secretion,chloride,,,,,,,,,,,seconds-minutes,paracrine,intra-organ,stool osmolality,,,stool weight,,,stool electrolytes,,,,,,enteric nervous system,,,enteric infection,,,prostaglandin signalling,,,,,,Yamada's Textbook of Gastroenterology,ISBN 9781119600206,16,,,,,,,,,,,,,,,,,,,,,,,
digestive system,digestive system process,GO:0022602,homeostasis,homeostatic process,GO:0042592,intestinal fluid and electrolyte balance,monoatomic ion homeostasis,GO:0050801,anion secretion,chloride transport,GO:0006821,,,,,,,,,,,,,,Duodenal bicarbonate secretion protects the proximal mucosa from gastric acid,cell,duodenum,duodenum,UBERON:0002114,enterocyte,enterocyte,CL:0000584,,,,does,X secretion,bicarbonate,,,,,,,,,,Brunner gland and surface epithelial secretion; neutralises acid entering from the stomach,minutes,,intra-organ,stool osmolality,,,stool weight,,,stool electrolytes,,,,,,enteric nervous system,,,enteric infection,,,prostaglandin signalling,,,,,,Yamada's Textbook of Gastroenterology,ISBN 9781119600206,16,,,,,,,,,,,,,,,,,,,,,,,
digestive system,digestive system process,GO:0022602,homeostasis,homeostatic process,GO:0042592,intestinal fluid and electrolyte balance,monoatomic ion homeostasis,GO:0050801,anion secretion,chloride transport,GO:0006821,,,,,,,,,,,,,,Colonic chloride absorption is coupled to bicarbonate secretion,cell,colon,colon,UBERON:0001155,colonocyte,colonocyte,CL:1000347,,,,does,X uptake,chloride,,,,,,,,,,DRA-mediated chloride-bicarbonate exchange; loss of function causes congenital chloride diarrhoea,minutes-hours,,intra-organ,stool osmolality,,,stool weight,,,stool electrolytes,,,,,,enteric nervous system,,,enteric infection,,,prostaglandin signalling,,,,,,Yamada's Textbook of Gastroenterology,ISBN 9781119600206,16,,,,,,,,,,,,,,,,,,,,,,,
digestive system,digestive system process,GO:0022602,digestion and absorption,digestion,GO:0007586,micronutrient assimilation,vitamin transport,GO:0051180,mineral absorption,,,,,,,,,,,,,,,,Duodenal enterocytes absorb calcium transcellularly and paracellularly,cell,duodenum,duodenum,UBERON:0002114,enterocyte,enterocyte,CL:0000584,,,,does,X uptake,calcium,,,,,,,,,,TRPV6 transcellular route in the duodenum plus a paracellular route throughout; net absorption 20-40% of intake,hours-days,,intra-organ,serum ferritin,Ferritin [Mass/volume] in Serum or Plasma,LOINC:2276-4,serum calcium,Calcium [Mass/volume] in Serum or Plasma,LOINC:17861-6,serum zinc,,,hemoglobin,,,vitamin D signalling,,,hepcidin,,,gastric acid secretion,gastric acid secretion,GO:0001696,bone metabolism,,,Yamada's Textbook of Gastroenterology,ISBN 9781119600206,"16, 22",,,,,,,,,,,,,,,,,,,,,,,
digestive system,digestive system process,GO:0022602,digestion and absorption,digestion,GO:0007586,micronutrient assimilation,vitamin transport,GO:0051180,mineral absorption,,,,,,,,,,,,,,,,Active vitamin D increases intestinal calcium absorption,cell,duodenum,duodenum,UBERON:0002114,enterocyte,enterocyte,CL:0000584,calcitriol,,,increases,X uptake,calcium,,,,,,,,,,raises TRPV6 and calbindin expression; the dominant regulated variable in calcium balance,hours-days,circulatory,intra-organ,serum ferritin,Ferritin [Mass/volume] in Serum or Plasma,LOINC:2276-4,serum calcium,Calcium [Mass/volume] in Serum or Plasma,LOINC:17861-6,serum zinc,,,hemoglobin,,,vitamin D signalling,,,hepcidin,,,gastric acid secretion,gastric acid secretion,GO:0001696,bone metabolism,,,Yamada's Textbook of Gastroenterology,ISBN 9781119600206,"16, 22",,,,,,,,,,,,,,,,,,,,,,,
digestive system,digestive system process,GO:0022602,digestion and absorption,digestion,GO:0007586,micronutrient assimilation,vitamin transport,GO:0051180,mineral absorption,,,,,,,,,,,,,,,,Intestinal phosphate absorption is largely concentration-dependent,cell,small intestine,small intestine,UBERON:0002108,enterocyte,enterocyte,CL:0000584,,,,does,X uptake,phosphate,,,,,,,,,,NaPi-IIb-mediated plus a large paracellular component; ~60-70% of intake absorbed,hours,,intra-organ,serum ferritin,Ferritin [Mass/volume] in Serum or Plasma,LOINC:2276-4,serum calcium,Calcium [Mass/volume] in Serum or Plasma,LOINC:17861-6,serum zinc,,,hemoglobin,,,vitamin D signalling,,,hepcidin,,,gastric acid secretion,gastric acid secretion,GO:0001696,bone metabolism,,,Yamada's Textbook of Gastroenterology,ISBN 9781119600206,"16, 22",,,,,,,,,,,,,,,,,,,,,,,
digestive system,digestive system process,GO:0022602,digestion and absorption,digestion,GO:0007586,micronutrient assimilation,vitamin transport,GO:0051180,mineral absorption,,,,,,,,,,,,,,,,Calcitriol increases intestinal phosphate absorption,cell,small intestine,small intestine,UBERON:0002108,enterocyte,enterocyte,CL:0000584,calcitriol,,,increases,X uptake,phosphate,,,,,,,,,,,hours-days,circulatory,intra-organ,serum ferritin,Ferritin [Mass/volume] in Serum or Plasma,LOINC:2276-4,serum calcium,Calcium [Mass/volume] in Serum or Plasma,LOINC:17861-6,serum zinc,,,hemoglobin,,,vitamin D signalling,,,hepcidin,,,gastric acid secretion,gastric acid secretion,GO:0001696,bone metabolism,,,Yamada's Textbook of Gastroenterology,ISBN 9781119600206,"16, 22",,,,,,,,,,,,,,,,,,,,,,,
digestive system,digestive system process,GO:0022602,digestion and absorption,digestion,GO:0007586,micronutrient assimilation,vitamin transport,GO:0051180,mineral absorption,,,,,,,,,,,,,,,haem iron is absorbed by a separate and more efficient route,Duodenal enterocytes absorb non-haem iron in the ferrous form,cell,duodenum,duodenum,UBERON:0002114,enterocyte,enterocyte,CL:0000584,,,,does,X uptake,iron,,,,,,,,,,DMT1 takes up ferrous iron after Dcytb reduction; only 1-2 mg of 10-20 mg ingested is absorbed daily,hours,,intra-organ,serum ferritin,Ferritin [Mass/volume] in Serum or Plasma,LOINC:2276-4,serum calcium,Calcium [Mass/volume] in Serum or Plasma,LOINC:17861-6,serum zinc,,,hemoglobin,,,vitamin D signalling,,,hepcidin,,,gastric acid secretion,gastric acid secretion,GO:0001696,bone metabolism,,,Yamada's Textbook of Gastroenterology,ISBN 9781119600206,"16, 22",,,,,,,,,,,,,,,,,,,,,,,
digestive system,digestive system process,GO:0022602,digestion and absorption,digestion,GO:0007586,micronutrient assimilation,vitamin transport,GO:0051180,mineral absorption,,,,,,,,,,,,,,,,Gastric acid is required to solubilise and reduce dietary iron,cell,duodenum,duodenum,UBERON:0002114,enterocyte,enterocyte,CL:0000584,gastric acid,,,increases,X uptake,iron,,,,,,,,,,acid solubilises dietary iron; acid suppression and gastrectomy impair absorption,hours,intra-organ,intra-organ,serum ferritin,Ferritin [Mass/volume] in Serum or Plasma,LOINC:2276-4,serum calcium,Calcium [Mass/volume] in Serum or Plasma,LOINC:17861-6,serum zinc,,,hemoglobin,,,vitamin D signalling,,,hepcidin,,,gastric acid secretion,gastric acid secretion,GO:0001696,bone metabolism,,,Yamada's Textbook of Gastroenterology,ISBN 9781119600206,"16, 22",,,,,,,,,,,,,,,,,,,,,,,
digestive system,digestive system process,GO:0022602,digestion and absorption,digestion,GO:0007586,micronutrient assimilation,vitamin transport,GO:0051180,mineral absorption,,,,,,,,,,,,,,,,Ferroportin exports absorbed iron into the circulation,cell,duodenum,duodenum,UBERON:0002114,enterocyte,enterocyte,CL:0000584,,,,does,transport of X from Y to Z,iron,,,enterocyte,,,portal blood,,,,"ferroportin-mediated basolateral export, the single regulated gate of body iron entry",hours,,circulatory,serum ferritin,Ferritin [Mass/volume] in Serum or Plasma,LOINC:2276-4,serum calcium,Calcium [Mass/volume] in Serum or Plasma,LOINC:17861-6,serum zinc,,,hemoglobin,,,vitamin D signalling,,,hepcidin,,,gastric acid secretion,gastric acid secretion,GO:0001696,bone metabolism,,,Yamada's Textbook of Gastroenterology,ISBN 9781119600206,"16, 22",,,,,,,,,,,,,,,,,,,,,,,
digestive system,digestive system process,GO:0022602,digestion and absorption,digestion,GO:0007586,micronutrient assimilation,vitamin transport,GO:0051180,mineral absorption,,,,,,,,,,,,,,,,Hepatic hepcidin closes the ferroportin gate on iron absorption,cell,duodenum,duodenum,UBERON:0002114,enterocyte,enterocyte,CL:0000584,hepcidin,,,decreases,transport of X from Y to Z,iron,,,enterocyte,,,portal blood,,,,hepcidin internalises and degrades ferroportin; iron retained in the enterocyte is lost when the cell is shed,hours-days,circulatory,circulatory,serum ferritin,Ferritin [Mass/volume] in Serum or Plasma,LOINC:2276-4,serum calcium,Calcium [Mass/volume] in Serum or Plasma,LOINC:17861-6,serum zinc,,,hemoglobin,,,vitamin D signalling,,,hepcidin,,,gastric acid secretion,gastric acid secretion,GO:0001696,bone metabolism,,,Yamada's Textbook of Gastroenterology,ISBN 9781119600206,"16, 22",,,,,,,,,,,,,,,,,,,,,,,
digestive system,digestive system process,GO:0022602,digestion and absorption,digestion,GO:0007586,micronutrient assimilation,vitamin transport,GO:0051180,mineral absorption,,,,,,,,,,,,,,,,Enterocyte ferritin sequesters iron that is not exported,cell,duodenum,duodenum,UBERON:0002114,enterocyte,enterocyte,CL:0000584,,,,does,X storage,ferritin iron,,,,,,,,,,the mucosal block: iron parked in enterocyte ferritin is exfoliated rather than absorbed,hours-days,,intra-organ,serum ferritin,Ferritin [Mass/volume] in Serum or Plasma,LOINC:2276-4,serum calcium,Calcium [Mass/volume] in Serum or Plasma,LOINC:17861-6,serum zinc,,,hemoglobin,,,vitamin D signalling,,,hepcidin,,,gastric acid secretion,gastric acid secretion,GO:0001696,bone metabolism,,,Yamada's Textbook of Gastroenterology,ISBN 9781119600206,"16, 22",,,,,,,,,,,,,,,,,,,,,,,
digestive system,digestive system process,GO:0022602,digestion and absorption,digestion,GO:0007586,micronutrient assimilation,vitamin transport,GO:0051180,mineral absorption,,,,,,,,,,,,,,,,Trace metals are absorbed by dedicated apical transporters in the proximal small bowel,cell,small intestine,small intestine,UBERON:0002108,enterocyte,enterocyte,CL:0000584,,,,does,X uptake,zinc and copper,,,,,,,,,,ZIP4 for zinc and CTR1 for copper; zinc and copper compete through metallothionein induction,hours-days,,intra-organ,serum ferritin,Ferritin [Mass/volume] in Serum or Plasma,LOINC:2276-4,serum calcium,Calcium [Mass/volume] in Serum or Plasma,LOINC:17861-6,serum zinc,,,hemoglobin,,,vitamin D signalling,,,hepcidin,,,gastric acid secretion,gastric acid secretion,GO:0001696,bone metabolism,,,Yamada's Textbook of Gastroenterology,ISBN 9781119600206,"16, 22",,,,,,,,,,,,,,,,,,,,,,,
digestive system,digestive system process,GO:0022602,digestion and absorption,digestion,GO:0007586,micronutrient assimilation,vitamin transport,GO:0051180,vitamin absorption,,,,,,,,,,,,,,,any cause of fat malabsorption produces combined fat-soluble vitamin deficiency,Fat-soluble vitamin absorption is entirely dependent on micellar solubilisation,cell,small intestine,small intestine,UBERON:0002108,enterocyte,enterocyte,CL:0000584,,,,does,X uptake,fat-soluble vitamins,,,,,,,,,,"vitamins A, D, E and K enter with mixed micelles and leave in chylomicrons",hours-days,,intra-organ,serum vitamin B12,,,serum folate,,,serum 25-hydroxyvitamin D,,,prothrombin time,Prothrombin time (PT),LOINC:5902-2,bile secretion,bile acid secretion,GO:0032782,gastric acid secretion,gastric acid secretion,GO:0001696,gut microbiota,,,,,,Yamada's Textbook of Gastroenterology,ISBN 9781119600206,22,,,,,,,,,,,,,,,,,,,,,,,
digestive system,digestive system process,GO:0022602,digestion and absorption,digestion,GO:0007586,micronutrient assimilation,vitamin transport,GO:0051180,vitamin absorption,,,,,,,,,,,,,,,,Salivary haptocorrin is the first B12 carrier in the gut lumen,cell,stomach,stomach,UBERON:0000945,salivary acinar cell,,,,,,does,X secretion,haptocorrin,,,,,,,,,,"binds vitamin B12 in the acid stomach, protecting it from degradation",minutes,,intra-organ,serum vitamin B12,,,serum folate,,,serum 25-hydroxyvitamin D,,,prothrombin time,Prothrombin time (PT),LOINC:5902-2,bile secretion,bile acid secretion,GO:0032782,gastric acid secretion,gastric acid secretion,GO:0001696,gut microbiota,,,,,,Yamada's Textbook of Gastroenterology,ISBN 9781119600206,22,,,,,,,,,,,,,,,,,,,,,,,
digestive system,digestive system process,GO:0022602,digestion and absorption,digestion,GO:0007586,micronutrient assimilation,vitamin transport,GO:0051180,vitamin absorption,,,,,,,,,,,,,,,,Pancreatic proteolysis hands vitamin B12 from haptocorrin to intrinsic factor,organ,duodenum,duodenum,UBERON:0002114,duodenum,,,pancreatic proteases,,,increases,X conversion to Y,haptocorrin-B12 complex,,,intrinsic factor-B12 complex,,,,,,,pancreatic protease digestion of haptocorrin frees B12 to bind intrinsic factor at neutral pH,minutes,intra-organ,intra-organ,serum vitamin B12,,,serum folate,,,serum 25-hydroxyvitamin D,,,prothrombin time,Prothrombin time (PT),LOINC:5902-2,bile secretion,bile acid secretion,GO:0032782,gastric acid secretion,gastric acid secretion,GO:0001696,gut microbiota,,,,,,Yamada's Textbook of Gastroenterology,ISBN 9781119600206,22,,,,,,,,,,,,,,,,,,,,,,,
digestive system,digestive system process,GO:0022602,digestion and absorption,digestion,GO:0007586,micronutrient assimilation,vitamin transport,GO:0051180,vitamin absorption,,,,,,,,,,,,,,,"B12 absorption requires the stomach, the pancreas and the terminal ileum, so deficiency localises the lesion",The terminal ileum absorbs vitamin B12 bound to intrinsic factor,cell,ileum,ileum,UBERON:0002116,enterocyte,enterocyte,CL:0000584,,,,does,X uptake,vitamin B12,,,,,,,,,,cubam receptor-mediated endocytosis of the intrinsic factor complex; hepatic stores last 3-5 years,hours-days,,intra-organ,serum vitamin B12,,,serum folate,,,serum 25-hydroxyvitamin D,,,prothrombin time,Prothrombin time (PT),LOINC:5902-2,bile secretion,bile acid secretion,GO:0032782,gastric acid secretion,gastric acid secretion,GO:0001696,gut microbiota,,,,,,Yamada's Textbook of Gastroenterology,ISBN 9781119600206,22,,,,,,,,,,,,,,,,,,,,,,,
digestive system,digestive system process,GO:0022602,digestion and absorption,digestion,GO:0007586,micronutrient assimilation,vitamin transport,GO:0051180,vitamin absorption,,,,,,,,,,,,,,,,Dietary folate is absorbed in the proximal jejunum,cell,jejunum,jejunum,UBERON:0002115,enterocyte,enterocyte,CL:0000584,,,,does,X uptake,folate,,,,,,,,,,proton-coupled folate transporter; absorption is optimal at the acidic jejunal surface pH,hours,,intra-organ,serum vitamin B12,,,serum folate,,,serum 25-hydroxyvitamin D,,,prothrombin time,Prothrombin time (PT),LOINC:5902-2,bile secretion,bile acid secretion,GO:0032782,gastric acid secretion,gastric acid secretion,GO:0001696,gut microbiota,,,,,,Yamada's Textbook of Gastroenterology,ISBN 9781119600206,22,,,,,,,,,,,,,,,,,,,,,,,
digestive system,digestive system process,GO:0022602,digestion and absorption,digestion,GO:0007586,micronutrient assimilation,vitamin transport,GO:0051180,vitamin absorption,,,,,,,,,,,,,,,,Water-soluble vitamins are absorbed by carrier-mediated transport in the proximal small bowel,cell,small intestine,small intestine,UBERON:0002108,enterocyte,enterocyte,CL:0000584,,,,does,X uptake,water-soluble vitamins,,,,,,,,,,"thiamine, riboflavin, niacin, pyridoxine, biotin and vitamin C by specific carriers",hours-days,,intra-organ,serum vitamin B12,,,serum folate,,,serum 25-hydroxyvitamin D,,,prothrombin time,Prothrombin time (PT),LOINC:5902-2,bile secretion,bile acid secretion,GO:0032782,gastric acid secretion,gastric acid secretion,GO:0001696,gut microbiota,,,,,,Yamada's Textbook of Gastroenterology,ISBN 9781119600206,22,,,,,,,,,,,,,,,,,,,,,,,
digestive system,digestive system process,GO:0022602,digestion and absorption,digestion,GO:0007586,micronutrient assimilation,vitamin transport,GO:0051180,vitamin absorption,,,,,,,,,,,,,,,,Colonic bacteria synthesise vitamin K and several B vitamins,organ,colon,colon,UBERON:0001155,gut microbiota,,,,,,does,X synthesis,vitamin K and biotin,,,,,,,,,,"a meaningful supplementary source, exposed when broad-spectrum antibiotics prolong the prothrombin time",days,,intra-organ,serum vitamin B12,,,serum folate,,,serum 25-hydroxyvitamin D,,,prothrombin time,Prothrombin time (PT),LOINC:5902-2,bile secretion,bile acid secretion,GO:0032782,gastric acid secretion,gastric acid secretion,GO:0001696,gut microbiota,,,,,,Yamada's Textbook of Gastroenterology,ISBN 9781119600206,22,,,,,,,,,,,,,,,,,,,,,,,
digestive system,digestive system process,GO:0022602,metabolic processing,metabolic process,GO:0008152,hepatic glucose metabolism,glucose homeostasis,GO:0042593,"uptake, storage and release",glucose metabolic process,GO:0006006,,,,,,,,,,,,,"hepatic glucose uptake is insulin-independent at the transport step, unlike muscle and fat",Hepatocytes equilibrate with portal glucose through GLUT2,cell,liver lobule,liver lobule,UBERON:0004647,hepatocyte,hepatocyte,CL:0000182,,,,does,transport of X from Y to Z,glucose,,,portal blood,,,hepatocyte,,,,"GLUT2 is bidirectional, low-affinity and high-capacity, so flux follows the concentration gradient",seconds-minutes,,intra-organ,plasma glucose,Glucose [Mass/volume] in Serum or Plasma,LOINC:2345-7,plasma lactate,,,hemoglobin A1c,,,,,,insulin production,insulin secretion,GO:0030073,glucagon production,glucagon secretion,GO:0070091,skeletal muscle metabolism,,,renal gluconeogenesis,gluconeogenesis,GO:0006094,"High-Yield Physiology, 1st edition. Dudek, 2008.",ISBN: 978-0781745871,33,,,,,,,,,,,,,,,,,,,,,,,
digestive system,digestive system process,GO:0022602,metabolic processing,metabolic process,GO:0008152,hepatic glucose metabolism,glucose homeostasis,GO:0042593,"uptake, storage and release",glucose metabolic process,GO:0006006,,,,,,,,,,,,,,Glucokinase traps incoming glucose in proportion to its concentration,cell,liver lobule,liver lobule,UBERON:0004647,hepatocyte,hepatocyte,CL:0000182,,,,does,X conversion to Y,glucose,,,glucose 6-phosphate,,,,,,,"glucokinase has a Km near the physiological glucose range and is not product-inhibited, making it a hepatic glucose sensor",seconds-minutes,,intra-organ,plasma glucose,Glucose [Mass/volume] in Serum or Plasma,LOINC:2345-7,plasma lactate,,,hemoglobin A1c,,,,,,insulin production,insulin secretion,GO:0030073,glucagon production,glucagon secretion,GO:0070091,skeletal muscle metabolism,,,renal gluconeogenesis,gluconeogenesis,GO:0006094,"High-Yield Physiology, 1st edition. Dudek, 2008.",ISBN: 978-0781745871,33,,,,,,,,,,,,,,,,,,,,,,,
digestive system,digestive system process,GO:0022602,metabolic processing,metabolic process,GO:0008152,hepatic glucose metabolism,glucose homeostasis,GO:0042593,"uptake, storage and release",glucose metabolic process,GO:0006006,,,,,,,,,,,,,,Insulin drives hepatic glycogen synthesis after a meal,cell,liver lobule,liver lobule,UBERON:0004647,hepatocyte,hepatocyte,CL:0000182,insulin,,,increases,X conversion to Y,glucose,,,glycogen,,,,,,,favoured by a high insulin-to-glucagon ratio in the fed state,minutes-hours,circulatory,intra-organ,plasma glucose,Glucose [Mass/volume] in Serum or Plasma,LOINC:2345-7,plasma lactate,,,hemoglobin A1c,,,,,,insulin production,insulin secretion,GO:0030073,glucagon production,glucagon secretion,GO:0070091,skeletal muscle metabolism,,,renal gluconeogenesis,gluconeogenesis,GO:0006094,"High-Yield Physiology, 1st edition. Dudek, 2008.",ISBN: 978-0781745871,33,,,,,,,,,,,,,,,,,,,,,,,
digestive system,digestive system process,GO:0022602,metabolic processing,metabolic process,GO:0008152,hepatic glucose metabolism,glucose homeostasis,GO:0042593,"uptake, storage and release",glucose metabolic process,GO:0006006,,,,,,,,,,,,,"unlike muscle glycogen, hepatic glycogen can be released as free glucose because the liver has glucose 6-phosphatase",The liver stores glucose as glycogen for release to the whole organism,cell,liver lobule,liver lobule,UBERON:0004647,hepatocyte,hepatocyte,CL:0000182,,,,does,X storage,glycogen,,,,,,,,,"[75, 100]","units = g hepatic glycogen; roughly 5% of liver wet weight, exhausted after 18-24 h of fasting",hours,,intra-organ,plasma glucose,Glucose [Mass/volume] in Serum or Plasma,LOINC:2345-7,plasma lactate,,,hemoglobin A1c,,,,,,insulin production,insulin secretion,GO:0030073,glucagon production,glucagon secretion,GO:0070091,skeletal muscle metabolism,,,renal gluconeogenesis,gluconeogenesis,GO:0006094,"High-Yield Physiology, 1st edition. Dudek, 2008.",ISBN: 978-0781745871,33,,,,,,,,,,,,,,,,,,,,,,,
digestive system,digestive system process,GO:0022602,metabolic processing,metabolic process,GO:0008152,hepatic glucose metabolism,glucose homeostasis,GO:0042593,"uptake, storage and release",glucose metabolic process,GO:0006006,,,,,,,,,,,,,,Glucagon mobilises hepatic glycogen when plasma glucose falls,cell,liver lobule,liver lobule,UBERON:0004647,hepatocyte,hepatocyte,CL:0000182,glucagon,,,increases,X conversion to Y,glycogen,,,glucose,,,,,,,,minutes,circulatory,circulatory,plasma glucose,Glucose [Mass/volume] in Serum or Plasma,LOINC:2345-7,plasma lactate,,,hemoglobin A1c,,,,,,insulin production,insulin secretion,GO:0030073,glucagon production,glucagon secretion,GO:0070091,skeletal muscle metabolism,,,renal gluconeogenesis,gluconeogenesis,GO:0006094,"High-Yield Physiology, 1st edition. Dudek, 2008.",ISBN: 978-0781745871,33,,,,,,,,,,,,,,,,,,,,,,,
digestive system,digestive system process,GO:0022602,metabolic processing,metabolic process,GO:0008152,hepatic glucose metabolism,glucose homeostasis,GO:0042593,"uptake, storage and release",glucose metabolic process,GO:0006006,,,,,,,,,,,,,,Adrenergic stimulation mobilises hepatic glycogen during stress and exercise,cell,liver lobule,liver lobule,UBERON:0004647,hepatocyte,hepatocyte,CL:0000182,epinephrine,,,increases,X conversion to Y,glycogen,,,glucose,,,,,,,,minutes,circulatory,circulatory,plasma glucose,Glucose [Mass/volume] in Serum or Plasma,LOINC:2345-7,plasma lactate,,,hemoglobin A1c,,,,,,insulin production,insulin secretion,GO:0030073,glucagon production,glucagon secretion,GO:0070091,skeletal muscle metabolism,,,renal gluconeogenesis,gluconeogenesis,GO:0006094,"High-Yield Physiology, 1st edition. Dudek, 2008.",ISBN: 978-0781745871,33,,,,,,,,,,,,,,,,,,,,,,,
digestive system,digestive system process,GO:0022602,metabolic processing,metabolic process,GO:0008152,hepatic glucose metabolism,glucose homeostasis,GO:0042593,"uptake, storage and release",glucose metabolic process,GO:0006006,,,,,,,,,,,,,,Dephosphorylation frees glucose for export,cell,liver lobule,liver lobule,UBERON:0004647,hepatocyte,hepatocyte,CL:0000182,,,,does,X conversion to Y,glucose 6-phosphate,,,glucose,,,,,,,"glucose 6-phosphatase is confined to liver, kidney and intestine",minutes,,intra-organ,plasma glucose,Glucose [Mass/volume] in Serum or Plasma,LOINC:2345-7,plasma lactate,,,hemoglobin A1c,,,,,,insulin production,insulin secretion,GO:0030073,glucagon production,glucagon secretion,GO:0070091,skeletal muscle metabolism,,,renal gluconeogenesis,gluconeogenesis,GO:0006094,"High-Yield Physiology, 1st edition. Dudek, 2008.",ISBN: 978-0781745871,33,,,,,,,,,,,,,,,,,,,,,,,
digestive system,digestive system process,GO:0022602,metabolic processing,metabolic process,GO:0008152,hepatic glucose metabolism,glucose homeostasis,GO:0042593,"uptake, storage and release",glucose metabolic process,GO:0006006,,,,,,,,,,,,,,The liver supplies glucose to the circulation between meals,cell,liver lobule,liver lobule,UBERON:0004647,hepatocyte,hepatocyte,CL:0000182,,,,does,X secretion,glucose,,,,,,,,,"[2.0, 2.5]",units = mg/kg/min hepatic glucose output in the postabsorptive state,minutes-hours,,circulatory,plasma glucose,Glucose [Mass/volume] in Serum or Plasma,LOINC:2345-7,plasma lactate,,,hemoglobin A1c,,,,,,insulin production,insulin secretion,GO:0030073,glucagon production,glucagon secretion,GO:0070091,skeletal muscle metabolism,,,renal gluconeogenesis,gluconeogenesis,GO:0006094,"High-Yield Physiology, 1st edition. Dudek, 2008.",ISBN: 978-0781745871,33,,,,,,,,,,,,,,,,,,,,,,,
digestive system,digestive system process,GO:0022602,metabolic processing,metabolic process,GO:0008152,hepatic glucose metabolism,glucose homeostasis,GO:0042593,"uptake, storage and release",glucose metabolic process,GO:0006006,,,,,,,,,,,,,,Hepatic gluconeogenesis recycles peripheral lactate to glucose,cell,liver lobule,liver lobule,UBERON:0004647,hepatocyte,hepatocyte,CL:0000182,fasted status,,,increases,X conversion to Y,lactate,,,glucose,,,,,,,the Cori cycle recycles muscle and erythrocyte lactate at a net ATP cost to the liver,hours,systemic,circulatory,plasma glucose,Glucose [Mass/volume] in Serum or Plasma,LOINC:2345-7,plasma lactate,,,hemoglobin A1c,,,,,,insulin production,insulin secretion,GO:0030073,glucagon production,glucagon secretion,GO:0070091,skeletal muscle metabolism,,,renal gluconeogenesis,gluconeogenesis,GO:0006094,"High-Yield Physiology, 1st edition. Dudek, 2008.",ISBN: 978-0781745871,33,,,,,,,,,,,,,,,,,,,,,,,
digestive system,digestive system process,GO:0022602,metabolic processing,metabolic process,GO:0008152,hepatic glucose metabolism,glucose homeostasis,GO:0042593,"uptake, storage and release",glucose metabolic process,GO:0006006,,,,,,,,,,,,,,Muscle-derived alanine is converted to glucose and its nitrogen to urea,cell,liver lobule,liver lobule,UBERON:0004647,hepatocyte,hepatocyte,CL:0000182,fasted status,,,increases,X conversion to Y,alanine,,,glucose,,,,,,,the glucose-alanine cycle also carries muscle amino nitrogen to the liver for urea synthesis,hours-days,systemic,circulatory,plasma glucose,Glucose [Mass/volume] in Serum or Plasma,LOINC:2345-7,plasma lactate,,,hemoglobin A1c,,,,,,insulin production,insulin secretion,GO:0030073,glucagon production,glucagon secretion,GO:0070091,skeletal muscle metabolism,,,renal gluconeogenesis,gluconeogenesis,GO:0006094,"High-Yield Physiology, 1st edition. Dudek, 2008.",ISBN: 978-0781745871,33,,,,,,,,,,,,,,,,,,,,,,,
digestive system,digestive system process,GO:0022602,metabolic processing,metabolic process,GO:0008152,hepatic glucose metabolism,glucose homeostasis,GO:0042593,"uptake, storage and release",glucose metabolic process,GO:0006006,,,,,,,,,,,,,,Adipose-derived glycerol enters gluconeogenesis,cell,liver lobule,liver lobule,UBERON:0004647,hepatocyte,hepatocyte,CL:0000182,fasted status,,,increases,X conversion to Y,glycerol,,,glucose,,,,,,,glycerol released by adipose lipolysis is a quantitatively significant gluconeogenic substrate in prolonged fasting,hours-days,systemic,circulatory,plasma glucose,Glucose [Mass/volume] in Serum or Plasma,LOINC:2345-7,plasma lactate,,,hemoglobin A1c,,,,,,insulin production,insulin secretion,GO:0030073,glucagon production,glucagon secretion,GO:0070091,skeletal muscle metabolism,,,renal gluconeogenesis,gluconeogenesis,GO:0006094,"High-Yield Physiology, 1st edition. Dudek, 2008.",ISBN: 978-0781745871,33,,,,,,,,,,,,,,,,,,,,,,,
digestive system,digestive system process,GO:0022602,metabolic processing,metabolic process,GO:0008152,hepatic glucose metabolism,glucose homeostasis,GO:0042593,"uptake, storage and release",glucose metabolic process,GO:0006006,,,,,,,,,,,,,,Hepatic fructose metabolism enters glycolysis below its main regulatory step,cell,liver lobule,liver lobule,UBERON:0004647,hepatocyte,hepatocyte,CL:0000182,,,,does,X conversion to Y,fructose,,,triose phosphates,,,,,,,"fructokinase bypasses the phosphofructokinase control point, so fructose loading favours lipogenesis",minutes-hours,,intra-organ,plasma glucose,Glucose [Mass/volume] in Serum or Plasma,LOINC:2345-7,plasma lactate,,,hemoglobin A1c,,,,,,insulin production,insulin secretion,GO:0030073,glucagon production,glucagon secretion,GO:0070091,skeletal muscle metabolism,,,renal gluconeogenesis,gluconeogenesis,GO:0006094,"High-Yield Physiology, 1st edition. Dudek, 2008.",ISBN: 978-0781745871,33,,,,,,,,,,,,,,,,,,,,,,,
digestive system,digestive system process,GO:0022602,metabolic processing,metabolic process,GO:0008152,hepatic glucose metabolism,glucose homeostasis,GO:0042593,"uptake, storage and release",glucose metabolic process,GO:0006006,,,,,,,,,,,,,,Galactose is converted to a glycolytic and glycogenic intermediate,cell,liver lobule,liver lobule,UBERON:0004647,hepatocyte,hepatocyte,CL:0000182,,,,does,X conversion to Y,galactose,,,glucose 1-phosphate,,,,,,,deficiency of galactose 1-phosphate uridyltransferase causes classic galactosaemia,minutes-hours,,intra-organ,plasma glucose,Glucose [Mass/volume] in Serum or Plasma,LOINC:2345-7,plasma lactate,,,hemoglobin A1c,,,,,,insulin production,insulin secretion,GO:0030073,glucagon production,glucagon secretion,GO:0070091,skeletal muscle metabolism,,,renal gluconeogenesis,gluconeogenesis,GO:0006094,"High-Yield Physiology, 1st edition. Dudek, 2008.",ISBN: 978-0781745871,33,,,,,,,,,,,,,,,,,,,,,,,
digestive system,digestive system process,GO:0022602,metabolic processing,metabolic process,GO:0008152,hepatic lipid metabolism,lipid metabolic process,GO:0006629,"synthesis, storage and export",,,,,,,,,,,,,,,,De novo lipogenesis converts surplus carbohydrate carbon to fatty acid,cell,liver lobule,liver lobule,UBERON:0004647,hepatocyte,hepatocyte,CL:0000182,insulin,,,increases,X conversion to Y,acetyl-CoA,,,fatty acids,,,,,,,acetyl-CoA carboxylase is rate-limiting; malonyl-CoA simultaneously blocks fatty acid oxidation,hours-days,circulatory,intra-organ,serum triglycerides,Triglyceride [Mass/volume] in Serum or Plasma,LOINC:2571-8,total cholesterol,Cholesterol [Mass/volume] in Serum or Plasma,LOINC:2093-3,hepatic fat fraction,,,plasma free fatty acids,,,insulin production,insulin secretion,GO:0030073,adipose lipolysis,lipid catabolic process,GO:0016042,bile acid synthesis,bile acid biosynthetic process,GO:0006699,,,,Yamada's Textbook of Gastroenterology,ISBN 9781119600206,20,,"High-Yield Physiology, 1st edition. Dudek, 2008.",ISBN: 978-0781745871,33,,,,,,,,,,,,,,,,,,,
digestive system,digestive system process,GO:0022602,metabolic processing,metabolic process,GO:0008152,hepatic lipid metabolism,lipid metabolic process,GO:0006629,"synthesis, storage and export",,,,,,,,,,,,,,,,Hepatocytes store triglyceride in cytoplasmic lipid droplets,cell,liver lobule,liver lobule,UBERON:0004647,hepatocyte,hepatocyte,CL:0000182,,,,does,X storage,triacylglycerol,,,,,,,,,,normal liver holds under 5% fat by weight; above this threshold defines steatosis,hours-days,,intra-organ,serum triglycerides,Triglyceride [Mass/volume] in Serum or Plasma,LOINC:2571-8,total cholesterol,Cholesterol [Mass/volume] in Serum or Plasma,LOINC:2093-3,hepatic fat fraction,,,plasma free fatty acids,,,insulin production,insulin secretion,GO:0030073,adipose lipolysis,lipid catabolic process,GO:0016042,bile acid synthesis,bile acid biosynthetic process,GO:0006699,,,,Yamada's Textbook of Gastroenterology,ISBN 9781119600206,20,,"High-Yield Physiology, 1st edition. Dudek, 2008.",ISBN: 978-0781745871,33,,,,,,,,,,,,,,,,,,,
digestive system,digestive system process,GO:0022602,metabolic processing,metabolic process,GO:0008152,hepatic lipid metabolism,lipid metabolic process,GO:0006629,"synthesis, storage and export",,,,,,,,,,,,,,,,The liver exports endogenous triglyceride as VLDL,cell,liver lobule,liver lobule,UBERON:0004647,hepatocyte,hepatocyte,CL:0000182,,,,does,X synthesis,very low density lipoprotein,,,,,,,,,,triglyceride packaged with apolipoprotein B-100,hours,,intra-organ,serum triglycerides,Triglyceride [Mass/volume] in Serum or Plasma,LOINC:2571-8,total cholesterol,Cholesterol [Mass/volume] in Serum or Plasma,LOINC:2093-3,hepatic fat fraction,,,plasma free fatty acids,,,insulin production,insulin secretion,GO:0030073,adipose lipolysis,lipid catabolic process,GO:0016042,bile acid synthesis,bile acid biosynthetic process,GO:0006699,,,,Yamada's Textbook of Gastroenterology,ISBN 9781119600206,20,,"High-Yield Physiology, 1st edition. Dudek, 2008.",ISBN: 978-0781745871,33,,,,,,,,,,,,,,,,,,,
digestive system,digestive system process,GO:0022602,metabolic processing,metabolic process,GO:0008152,hepatic lipid metabolism,lipid metabolic process,GO:0006629,"synthesis, storage and export",,,,,,,,,,,,,,,,VLDL is secreted into the circulation for peripheral delivery,cell,liver lobule,liver lobule,UBERON:0004647,hepatocyte,hepatocyte,CL:0000182,,,,does,X secretion,very low density lipoprotein,,,,,,,,,,impaired export with continued synthesis is one route to fatty liver,hours,,circulatory,serum triglycerides,Triglyceride [Mass/volume] in Serum or Plasma,LOINC:2571-8,total cholesterol,Cholesterol [Mass/volume] in Serum or Plasma,LOINC:2093-3,hepatic fat fraction,,,plasma free fatty acids,,,insulin production,insulin secretion,GO:0030073,adipose lipolysis,lipid catabolic process,GO:0016042,bile acid synthesis,bile acid biosynthetic process,GO:0006699,,,,Yamada's Textbook of Gastroenterology,ISBN 9781119600206,20,,"High-Yield Physiology, 1st edition. Dudek, 2008.",ISBN: 978-0781745871,33,,,,,,,,,,,,,,,,,,,
digestive system,digestive system process,GO:0022602,metabolic processing,metabolic process,GO:0008152,hepatic lipid metabolism,lipid metabolic process,GO:0006629,"synthesis, storage and export",,,,,,,,,,,,,,,,Fasting shifts the hepatocyte from fatty acid synthesis to oxidation,cell,liver lobule,liver lobule,UBERON:0004647,hepatocyte,hepatocyte,CL:0000182,fasted status,,,increases,X conversion to Y,fatty acids,,,acetyl-CoA,,,,,,,beta-oxidation; carnitine palmitoyltransferase 1 is the entry step and is inhibited by malonyl-CoA,hours,systemic,intra-organ,serum triglycerides,Triglyceride [Mass/volume] in Serum or Plasma,LOINC:2571-8,total cholesterol,Cholesterol [Mass/volume] in Serum or Plasma,LOINC:2093-3,hepatic fat fraction,,,plasma free fatty acids,,,insulin production,insulin secretion,GO:0030073,adipose lipolysis,lipid catabolic process,GO:0016042,bile acid synthesis,bile acid biosynthetic process,GO:0006699,,,,Yamada's Textbook of Gastroenterology,ISBN 9781119600206,20,,"High-Yield Physiology, 1st edition. Dudek, 2008.",ISBN: 978-0781745871,33,,,,,,,,,,,,,,,,,,,
digestive system,digestive system process,GO:0022602,metabolic processing,metabolic process,GO:0008152,hepatic lipid metabolism,lipid metabolic process,GO:0006629,"synthesis, storage and export",,,,,,,,,,,,,,,"the liver cannot use ketone bodies itself, lacking succinyl-CoA transferase, so it is an obligate exporter",Excess acetyl-CoA is diverted through HMG-CoA to acetoacetate and beta-hydroxybutyrate,cell,liver lobule,liver lobule,UBERON:0004647,hepatocyte,hepatocyte,CL:0000182,fasted status,,,increases,X conversion to Y,acetyl-CoA,,,ketone bodies,,,,,,"[0, 0.6]",units = mmol/L beta-hydroxybutyrate when fed; rises to 1-2 after 3 days and 6-8 in prolonged starvation,hours-days,systemic,intra-organ,serum triglycerides,Triglyceride [Mass/volume] in Serum or Plasma,LOINC:2571-8,total cholesterol,Cholesterol [Mass/volume] in Serum or Plasma,LOINC:2093-3,hepatic fat fraction,,,plasma free fatty acids,,,insulin production,insulin secretion,GO:0030073,adipose lipolysis,lipid catabolic process,GO:0016042,bile acid synthesis,bile acid biosynthetic process,GO:0006699,,,,Yamada's Textbook of Gastroenterology,ISBN 9781119600206,20,,"High-Yield Physiology, 1st edition. Dudek, 2008.",ISBN: 978-0781745871,33,,,,,,,,,,,,,,,,,,,
digestive system,digestive system process,GO:0022602,metabolic processing,metabolic process,GO:0008152,hepatic lipid metabolism,lipid metabolic process,GO:0006629,"synthesis, storage and export",,,,,,,,,,,,,,,,Ketone bodies are exported as an alternative fuel for extrahepatic tissues,cell,liver lobule,liver lobule,UBERON:0004647,hepatocyte,hepatocyte,CL:0000182,,,,does,X secretion,ketone bodies,,,,,,,,,,"used by muscle, kidney and, after adaptation, brain, sparing glucose and muscle protein",hours-days,,circulatory,serum triglycerides,Triglyceride [Mass/volume] in Serum or Plasma,LOINC:2571-8,total cholesterol,Cholesterol [Mass/volume] in Serum or Plasma,LOINC:2093-3,hepatic fat fraction,,,plasma free fatty acids,,,insulin production,insulin secretion,GO:0030073,adipose lipolysis,lipid catabolic process,GO:0016042,bile acid synthesis,bile acid biosynthetic process,GO:0006699,,,,Yamada's Textbook of Gastroenterology,ISBN 9781119600206,20,,"High-Yield Physiology, 1st edition. Dudek, 2008.",ISBN: 978-0781745871,33,,,,,,,,,,,,,,,,,,,
digestive system,digestive system process,GO:0022602,metabolic processing,metabolic process,GO:0008152,hepatic lipid metabolism,lipid metabolic process,GO:0006629,"synthesis, storage and export",,,,,,,,,,,,,,,,The liver is the principal site of endogenous cholesterol synthesis,cell,liver lobule,liver lobule,UBERON:0004647,hepatocyte,hepatocyte,CL:0000182,,,,does,X conversion to Y,acetyl-CoA,,,cholesterol,,,,,,,HMG-CoA reductase is rate-limiting and the target of statins,hours-days,,intra-organ,serum triglycerides,Triglyceride [Mass/volume] in Serum or Plasma,LOINC:2571-8,total cholesterol,Cholesterol [Mass/volume] in Serum or Plasma,LOINC:2093-3,hepatic fat fraction,,,plasma free fatty acids,,,insulin production,insulin secretion,GO:0030073,adipose lipolysis,lipid catabolic process,GO:0016042,bile acid synthesis,bile acid biosynthetic process,GO:0006699,,,,Yamada's Textbook of Gastroenterology,ISBN 9781119600206,20,,"High-Yield Physiology, 1st edition. Dudek, 2008.",ISBN: 978-0781745871,33,,,,,,,,,,,,,,,,,,,
digestive system,digestive system process,GO:0022602,metabolic processing,metabolic process,GO:0008152,hepatic lipid metabolism,lipid metabolic process,GO:0006629,"synthesis, storage and export",,,,,,,,,,,,,,,,Sterol sensing feeds back on cholesterol synthesis,cell,liver lobule,liver lobule,UBERON:0004647,hepatocyte,hepatocyte,CL:0000182,intracellular cholesterol,,,decreases,X conversion to Y,acetyl-CoA,,,cholesterol,,,,,,,SREBP-mediated feedback suppresses both HMG-CoA reductase and LDL receptor expression,hours-days,intra-organ,intra-organ,serum triglycerides,Triglyceride [Mass/volume] in Serum or Plasma,LOINC:2571-8,total cholesterol,Cholesterol [Mass/volume] in Serum or Plasma,LOINC:2093-3,hepatic fat fraction,,,plasma free fatty acids,,,insulin production,insulin secretion,GO:0030073,adipose lipolysis,lipid catabolic process,GO:0016042,bile acid synthesis,bile acid biosynthetic process,GO:0006699,,,,Yamada's Textbook of Gastroenterology,ISBN 9781119600206,20,,"High-Yield Physiology, 1st edition. Dudek, 2008.",ISBN: 978-0781745871,33,,,,,,,,,,,,,,,,,,,
digestive system,digestive system process,GO:0022602,metabolic processing,metabolic process,GO:0008152,hepatic lipid metabolism,lipid metabolic process,GO:0006629,"synthesis, storage and export",,,,,,,,,,,,,,,,Hepatic LDL receptors clear cholesterol-rich particles from plasma,cell,liver lobule,liver lobule,UBERON:0004647,hepatocyte,hepatocyte,CL:0000182,,,,does,X uptake,low density lipoprotein,,,,,,,,,,LDL receptor-mediated endocytosis; loss of function causes familial hypercholesterolaemia,hours,,intra-organ,serum triglycerides,Triglyceride [Mass/volume] in Serum or Plasma,LOINC:2571-8,total cholesterol,Cholesterol [Mass/volume] in Serum or Plasma,LOINC:2093-3,hepatic fat fraction,,,plasma free fatty acids,,,insulin production,insulin secretion,GO:0030073,adipose lipolysis,lipid catabolic process,GO:0016042,bile acid synthesis,bile acid biosynthetic process,GO:0006699,,,,Yamada's Textbook of Gastroenterology,ISBN 9781119600206,20,,"High-Yield Physiology, 1st edition. Dudek, 2008.",ISBN: 978-0781745871,33,,,,,,,,,,,,,,,,,,,
digestive system,digestive system process,GO:0022602,metabolic processing,metabolic process,GO:0008152,hepatic lipid metabolism,lipid metabolic process,GO:0006629,"synthesis, storage and export",,,,,,,,,,,,,,,,Free cholesterol is esterified for safe intracellular storage,cell,liver lobule,liver lobule,UBERON:0004647,hepatocyte,hepatocyte,CL:0000182,,,,does,X conversion to Y,cholesterol,,,cholesteryl ester,,,,,,,ACAT-mediated esterification for storage,hours,,intra-organ,serum triglycerides,Triglyceride [Mass/volume] in Serum or Plasma,LOINC:2571-8,total cholesterol,Cholesterol [Mass/volume] in Serum or Plasma,LOINC:2093-3,hepatic fat fraction,,,plasma free fatty acids,,,insulin production,insulin secretion,GO:0030073,adipose lipolysis,lipid catabolic process,GO:0016042,bile acid synthesis,bile acid biosynthetic process,GO:0006699,,,,Yamada's Textbook of Gastroenterology,ISBN 9781119600206,20,,"High-Yield Physiology, 1st edition. Dudek, 2008.",ISBN: 978-0781745871,33,,,,,,,,,,,,,,,,,,,
digestive system,digestive system process,GO:0022602,metabolic processing,metabolic process,GO:0008152,hepatic protein and nitrogen metabolism,protein metabolic process,GO:0019538,synthesis and nitrogen disposal,urea metabolic process,GO:0019627,,,,,,,,,,,,,the long half-life makes albumin a marker of chronic rather than acute hepatic synthetic failure,The liver is the sole source of circulating albumin,cell,liver lobule,liver lobule,UBERON:0004647,hepatocyte,hepatocyte,CL:0000182,,,,does,X synthesis,albumin,,,,,,,,,"[3.5, 5.0]",units = g/dL serum albumin; 12-15 g synthesised daily with a half-life of about 20 days,hours-days,,circulatory,serum albumin,Albumin [Mass/volume] in Serum or Plasma,LOINC:1751-7,prothrombin time,Prothrombin time (PT),LOINC:5902-2,plasma ammonia,Ammonia [Moles/volume] in Plasma,LOINC:16362-6,blood urea nitrogen,,,renal urea excretion,,,skeletal muscle metabolism,,,inflammatory response,inflammatory response,GO:0006954,,,,Yamada's Textbook of Gastroenterology,ISBN 9781119600206,20,,"High-Yield Physiology, 1st edition. Dudek, 2008.",ISBN: 978-0781745871,33,,,,,,,,,,,,,,,,,,,
digestive system,digestive system process,GO:0022602,metabolic processing,metabolic process,GO:0008152,hepatic protein and nitrogen metabolism,protein metabolic process,GO:0019538,synthesis and nitrogen disposal,urea metabolic process,GO:0019627,,,,,,,,,,,,,,Hepatocytes synthesise the coagulation cascade proteins,cell,liver lobule,liver lobule,UBERON:0004647,hepatocyte,hepatocyte,CL:0000182,,,,does,X synthesis,coagulation factors,,,,,,,,,,all factors except von Willebrand factor; short half-lives make the prothrombin time a sensitive acute marker,hours,,circulatory,serum albumin,Albumin [Mass/volume] in Serum or Plasma,LOINC:1751-7,prothrombin time,Prothrombin time (PT),LOINC:5902-2,plasma ammonia,Ammonia [Moles/volume] in Plasma,LOINC:16362-6,blood urea nitrogen,,,renal urea excretion,,,skeletal muscle metabolism,,,inflammatory response,inflammatory response,GO:0006954,,,,Yamada's Textbook of Gastroenterology,ISBN 9781119600206,20,,"High-Yield Physiology, 1st edition. Dudek, 2008.",ISBN: 978-0781745871,33,,,,,,,,,,,,,,,,,,,
digestive system,digestive system process,GO:0022602,metabolic processing,metabolic process,GO:0008152,hepatic protein and nitrogen metabolism,protein metabolic process,GO:0019538,synthesis and nitrogen disposal,urea metabolic process,GO:0019627,,,,,,,,,,,,,,Inflammatory cytokines reprogramme hepatic protein output,cell,liver lobule,liver lobule,UBERON:0004647,hepatocyte,hepatocyte,CL:0000182,interleukin 6,,,increases,X synthesis,acute phase proteins,,,,,,,,,,"C-reactive protein, fibrinogen and hepcidin rise while albumin and transferrin fall",hours-days,circulatory,circulatory,serum albumin,Albumin [Mass/volume] in Serum or Plasma,LOINC:1751-7,prothrombin time,Prothrombin time (PT),LOINC:5902-2,plasma ammonia,Ammonia [Moles/volume] in Plasma,LOINC:16362-6,blood urea nitrogen,,,renal urea excretion,,,skeletal muscle metabolism,,,inflammatory response,inflammatory response,GO:0006954,,,,Yamada's Textbook of Gastroenterology,ISBN 9781119600206,20,,"High-Yield Physiology, 1st edition. Dudek, 2008.",ISBN: 978-0781745871,33,,,,,,,,,,,,,,,,,,,
digestive system,digestive system process,GO:0022602,metabolic processing,metabolic process,GO:0008152,hepatic protein and nitrogen metabolism,protein metabolic process,GO:0019538,synthesis and nitrogen disposal,urea metabolic process,GO:0019627,,,,,,,,,,,,,,Hepatocytes synthesise the nonessential amino acids,cell,liver lobule,liver lobule,UBERON:0004647,hepatocyte,hepatocyte,CL:0000182,,,,does,X synthesis,nonessential amino acids,,,,,,,,,,eleven amino acids can be made from carbon skeletons and transferred amino nitrogen,hours-days,,intra-organ,serum albumin,Albumin [Mass/volume] in Serum or Plasma,LOINC:1751-7,prothrombin time,Prothrombin time (PT),LOINC:5902-2,plasma ammonia,Ammonia [Moles/volume] in Plasma,LOINC:16362-6,blood urea nitrogen,,,renal urea excretion,,,skeletal muscle metabolism,,,inflammatory response,inflammatory response,GO:0006954,,,,Yamada's Textbook of Gastroenterology,ISBN 9781119600206,20,,"High-Yield Physiology, 1st edition. Dudek, 2008.",ISBN: 978-0781745871,33,,,,,,,,,,,,,,,,,,,
digestive system,digestive system process,GO:0022602,metabolic processing,metabolic process,GO:0008152,hepatic protein and nitrogen metabolism,protein metabolic process,GO:0019538,synthesis and nitrogen disposal,urea metabolic process,GO:0019627,,,,,,,,,,,,,,Amino acid catabolism separates nitrogen from the carbon skeleton,cell,liver lobule,liver lobule,UBERON:0004647,hepatocyte,hepatocyte,CL:0000182,,,,does,X conversion to Y,amino acids,,,alpha-keto acids and ammonia,,,,,,,transamination onto alpha-ketoglutarate followed by oxidative deamination of glutamate,minutes-hours,,intra-organ,serum albumin,Albumin [Mass/volume] in Serum or Plasma,LOINC:1751-7,prothrombin time,Prothrombin time (PT),LOINC:5902-2,plasma ammonia,Ammonia [Moles/volume] in Plasma,LOINC:16362-6,blood urea nitrogen,,,renal urea excretion,,,skeletal muscle metabolism,,,inflammatory response,inflammatory response,GO:0006954,,,,Yamada's Textbook of Gastroenterology,ISBN 9781119600206,20,,"High-Yield Physiology, 1st edition. Dudek, 2008.",ISBN: 978-0781745871,33,,,,,,,,,,,,,,,,,,,
digestive system,digestive system process,GO:0022602,metabolic processing,metabolic process,GO:0008152,hepatic protein and nitrogen metabolism,protein metabolic process,GO:0019538,synthesis and nitrogen disposal,urea metabolic process,GO:0019627,,,,,,,,,,,,,"failure of this pathway, whether from cirrhosis or portosystemic shunting, produces hyperammonaemia and encephalopathy",The urea cycle converts toxic ammonia to an excretable form,cell,liver lobule,liver lobule,UBERON:0004647,hepatocyte,hepatocyte,CL:0000182,,,,does,X conversion to Y,ammonia,,,urea,,,,,,"[15, 45]",units = umol/L plasma ammonia; about 30 g of urea excreted daily on a normal diet,minutes-hours,,circulatory,serum albumin,Albumin [Mass/volume] in Serum or Plasma,LOINC:1751-7,prothrombin time,Prothrombin time (PT),LOINC:5902-2,plasma ammonia,Ammonia [Moles/volume] in Plasma,LOINC:16362-6,blood urea nitrogen,,,renal urea excretion,,,skeletal muscle metabolism,,,inflammatory response,inflammatory response,GO:0006954,,,,Yamada's Textbook of Gastroenterology,ISBN 9781119600206,20,,"High-Yield Physiology, 1st edition. Dudek, 2008.",ISBN: 978-0781745871,33,,,,,,,,,,,,,,,,,,,
digestive system,digestive system process,GO:0022602,metabolic processing,metabolic process,GO:0008152,hepatic protein and nitrogen metabolism,protein metabolic process,GO:0019538,synthesis and nitrogen disposal,urea metabolic process,GO:0019627,,,,,,,,,,,,,,Urea is released to blood for renal excretion,cell,liver lobule,liver lobule,UBERON:0004647,hepatocyte,hepatocyte,CL:0000182,,,,does,X secretion,urea,,,,,,,,,,,minutes-hours,,circulatory,serum albumin,Albumin [Mass/volume] in Serum or Plasma,LOINC:1751-7,prothrombin time,Prothrombin time (PT),LOINC:5902-2,plasma ammonia,Ammonia [Moles/volume] in Plasma,LOINC:16362-6,blood urea nitrogen,,,renal urea excretion,,,skeletal muscle metabolism,,,inflammatory response,inflammatory response,GO:0006954,,,,Yamada's Textbook of Gastroenterology,ISBN 9781119600206,20,,"High-Yield Physiology, 1st edition. Dudek, 2008.",ISBN: 978-0781745871,33,,,,,,,,,,,,,,,,,,,
digestive system,digestive system process,GO:0022602,metabolic processing,metabolic process,GO:0008152,hepatic protein and nitrogen metabolism,protein metabolic process,GO:0019538,synthesis and nitrogen disposal,urea metabolic process,GO:0019627,,,,,,,,,,,,,,Deaminated carbon skeletons enter gluconeogenesis or ketogenesis,cell,liver lobule,liver lobule,UBERON:0004647,hepatocyte,hepatocyte,CL:0000182,,,,does,X conversion to Y,amino-acid carbon skeletons,,,glucose and ketone bodies,,,,,,,glucogenic and ketogenic fates depending on the residue,minutes-hours,,intra-organ,serum albumin,Albumin [Mass/volume] in Serum or Plasma,LOINC:1751-7,prothrombin time,Prothrombin time (PT),LOINC:5902-2,plasma ammonia,Ammonia [Moles/volume] in Plasma,LOINC:16362-6,blood urea nitrogen,,,renal urea excretion,,,skeletal muscle metabolism,,,inflammatory response,inflammatory response,GO:0006954,,,,Yamada's Textbook of Gastroenterology,ISBN 9781119600206,20,,"High-Yield Physiology, 1st edition. Dudek, 2008.",ISBN: 978-0781745871,33,,,,,,,,,,,,,,,,,,,
digestive system,digestive system process,GO:0022602,metabolic processing,metabolic process,GO:0008152,hepatic storage and clearance,metabolic process,GO:0008152,nutrient reserves and sinusoidal clearance,,,,,,,,,,,,,,,,The liver holds the body reserve of retinol,cell,liver lobule,liver lobule,UBERON:0004647,hepatocyte,hepatocyte,CL:0000182,,,,does,X storage,vitamin A,,,,,,,,,,hepatic reserves cover 1-2 years of deficient intake,days,,intra-organ,serum ferritin,Ferritin [Mass/volume] in Serum or Plasma,LOINC:2276-4,serum vitamin B12,,,serum 25-hydroxyvitamin D,,,,,,erythrocyte homeostasis,erythrocyte homeostasis,GO:0034101,gut microbiota,,,innate immune response,,,,,,Zakim and Boyer's Hepatology,ISBN: 978-0323375917,1,,,,,,,,,,,,,,,,,,,,,,,
digestive system,digestive system process,GO:0022602,metabolic processing,metabolic process,GO:0008152,hepatic storage and clearance,metabolic process,GO:0008152,nutrient reserves and sinusoidal clearance,,,,,,,,,,,,,,,,Hepatic B12 stores buffer years of malabsorption,cell,liver lobule,liver lobule,UBERON:0004647,hepatocyte,hepatocyte,CL:0000182,,,,does,X storage,vitamin B12,,,,,,,,,,"3-5 year reserve, which is why pernicious anaemia declares itself slowly",days,,intra-organ,serum ferritin,Ferritin [Mass/volume] in Serum or Plasma,LOINC:2276-4,serum vitamin B12,,,serum 25-hydroxyvitamin D,,,,,,erythrocyte homeostasis,erythrocyte homeostasis,GO:0034101,gut microbiota,,,innate immune response,,,,,,Zakim and Boyer's Hepatology,ISBN: 978-0323375917,1,,,,,,,,,,,,,,,,,,,,,,,
digestive system,digestive system process,GO:0022602,metabolic processing,metabolic process,GO:0008152,hepatic storage and clearance,metabolic process,GO:0008152,nutrient reserves and sinusoidal clearance,,,,,,,,,,,,,,,,The liver is the principal iron storage organ,cell,liver lobule,liver lobule,UBERON:0004647,hepatocyte,hepatocyte,CL:0000182,,,,does,X storage,iron,,,,,,,,,,stored as ferritin and haemosiderin; the reservoir that expands in haemochromatosis,days,,intra-organ,serum ferritin,Ferritin [Mass/volume] in Serum or Plasma,LOINC:2276-4,serum vitamin B12,,,serum 25-hydroxyvitamin D,,,,,,erythrocyte homeostasis,erythrocyte homeostasis,GO:0034101,gut microbiota,,,innate immune response,,,,,,Zakim and Boyer's Hepatology,ISBN: 978-0323375917,1,,,,,,,,,,,,,,,,,,,,,,,
digestive system,digestive system process,GO:0022602,metabolic processing,metabolic process,GO:0008152,hepatic storage and clearance,metabolic process,GO:0008152,nutrient reserves and sinusoidal clearance,,,,,,,,,,,,,,,,Stellate cells store retinyl esters in the space of Disse,cell,liver lobule,liver lobule,UBERON:0004647,hepatic stellate cell,,,,,,does,X storage,retinoid,,,,,,,,,,perisinusoidal stellate cells hold most hepatic vitamin A and lose these droplets on activation to myofibroblasts,days,,intra-organ,serum ferritin,Ferritin [Mass/volume] in Serum or Plasma,LOINC:2276-4,serum vitamin B12,,,serum 25-hydroxyvitamin D,,,,,,erythrocyte homeostasis,erythrocyte homeostasis,GO:0034101,gut microbiota,,,innate immune response,,,,,,Zakim and Boyer's Hepatology,ISBN: 978-0323375917,1,,,,,,,,,,,,,,,,,,,,,,,
digestive system,digestive system process,GO:0022602,metabolic processing,metabolic process,GO:0008152,hepatic storage and clearance,metabolic process,GO:0008152,nutrient reserves and sinusoidal clearance,,,,,,,,,,,,,,,the liver is the firewall between the portal circulation and the rest of the body,Kupffer cells clear translocated microbial products from portal blood,cell,liver lobule,liver lobule,UBERON:0004647,Kupffer cell,,,,,,does,X uptake,gut-derived bacteria and endotoxin,,,,,,,,,,resident sinusoidal macrophages clearing the portal inflow before it reaches the systemic circulation,minutes-hours,,intra-organ,serum ferritin,Ferritin [Mass/volume] in Serum or Plasma,LOINC:2276-4,serum vitamin B12,,,serum 25-hydroxyvitamin D,,,,,,erythrocyte homeostasis,erythrocyte homeostasis,GO:0034101,gut microbiota,,,innate immune response,,,,,,Zakim and Boyer's Hepatology,ISBN: 978-0323375917,1,,,,,,,,,,,,,,,,,,,,,,,
digestive system,digestive system process,GO:0022602,metabolic processing,metabolic process,GO:0008152,xenobiotic metabolism,xenobiotic metabolic process,GO:0006805,biotransformation and excretion,xenobiotic transport,GO:0042908,,,,,,,,,,,,,,Sinusoidal transporters concentrate drugs into the hepatocyte,cell,liver lobule,liver lobule,UBERON:0004647,hepatocyte,hepatocyte,CL:0000182,,,,does,X uptake,drug,,,,,,,,,,OATP1B1 and OATP1B3 mediate sinusoidal uptake of many anions including statins,minutes-hours,,intra-organ,plasma drug concentration,,,alanine aminotransferase,,,total bilirubin,Bilirubin.total [Mass/volume] in Serum or Plasma,LOINC:1975-2,,,,biliary excretion,,,renal excretion,,,gut microbiota,,,drug-drug interaction,,,Yamada's Textbook of Gastroenterology,ISBN 9781119600206,28,,,,,,,,,,,,,,,,,,,,,,,
digestive system,digestive system process,GO:0022602,metabolic processing,metabolic process,GO:0008152,xenobiotic metabolism,xenobiotic metabolic process,GO:0006805,biotransformation and excretion,xenobiotic transport,GO:0042908,,,,,,,,,,,,,the NADPH-P450 reductase electron relay is intracellular and is summarised here rather than given separate rows,Cytochrome P450 enzymes add or expose reactive functional groups,cell,liver lobule,liver lobule,UBERON:0004647,hepatocyte,hepatocyte,CL:0000182,,,,does,X conversion to Y,xenobiotic,,,oxidised metabolite,,,,,,,phase I cytochrome P450 oxidation; CYP3A4 handles roughly half of marketed drugs,minutes-hours,,intra-organ,plasma drug concentration,,,alanine aminotransferase,,,total bilirubin,Bilirubin.total [Mass/volume] in Serum or Plasma,LOINC:1975-2,,,,biliary excretion,,,renal excretion,,,gut microbiota,,,drug-drug interaction,,,Yamada's Textbook of Gastroenterology,ISBN 9781119600206,28,,,,,,,,,,,,,,,,,,,,,,,
digestive system,digestive system process,GO:0022602,metabolic processing,metabolic process,GO:0008152,xenobiotic metabolism,xenobiotic metabolic process,GO:0006805,biotransformation and excretion,xenobiotic transport,GO:0042908,,,,,,,,,,,,,,Nuclear receptor ligands induce P450 expression and accelerate clearance,cell,liver lobule,liver lobule,UBERON:0004647,hepatocyte,hepatocyte,CL:0000182,pregnane X receptor ligand,,,increases,X conversion to Y,xenobiotic,,,oxidised metabolite,,,,,,,"rifampicin, carbamazepine and St John wort induce CYP3A4 over days",hours-days,intra-organ,intra-organ,plasma drug concentration,,,alanine aminotransferase,,,total bilirubin,Bilirubin.total [Mass/volume] in Serum or Plasma,LOINC:1975-2,,,,biliary excretion,,,renal excretion,,,gut microbiota,,,drug-drug interaction,,,Yamada's Textbook of Gastroenterology,ISBN 9781119600206,28,,,,,,,,,,,,,,,,,,,,,,,
digestive system,digestive system process,GO:0022602,metabolic processing,metabolic process,GO:0008152,xenobiotic metabolism,xenobiotic metabolic process,GO:0006805,biotransformation and excretion,xenobiotic transport,GO:0042908,,,,,,,,,,,,,,Glucuronidation raises water solubility for biliary and renal excretion,cell,liver lobule,liver lobule,UBERON:0004647,hepatocyte,hepatocyte,CL:0000182,,,,does,X conversion to Y,metabolite,,,glucuronide conjugate,,,,,,,UGT-mediated; the same enzyme family that conjugates bilirubin,minutes-hours,,intra-organ,plasma drug concentration,,,alanine aminotransferase,,,total bilirubin,Bilirubin.total [Mass/volume] in Serum or Plasma,LOINC:1975-2,,,,biliary excretion,,,renal excretion,,,gut microbiota,,,drug-drug interaction,,,Yamada's Textbook of Gastroenterology,ISBN 9781119600206,28,,,,,,,,,,,,,,,,,,,,,,,
digestive system,digestive system process,GO:0022602,metabolic processing,metabolic process,GO:0008152,xenobiotic metabolism,xenobiotic metabolic process,GO:0006805,biotransformation and excretion,xenobiotic transport,GO:0042908,,,,,,,,,,,,,,"Sulfation provides a parallel, readily saturated conjugation route",cell,liver lobule,liver lobule,UBERON:0004647,hepatocyte,hepatocyte,CL:0000182,,,,does,X conversion to Y,metabolite,,,sulfate conjugate,,,,,,,"SULT-mediated using PAPS; saturable at high substrate load, as with paracetamol",minutes-hours,,intra-organ,plasma drug concentration,,,alanine aminotransferase,,,total bilirubin,Bilirubin.total [Mass/volume] in Serum or Plasma,LOINC:1975-2,,,,biliary excretion,,,renal excretion,,,gut microbiota,,,drug-drug interaction,,,Yamada's Textbook of Gastroenterology,ISBN 9781119600206,28,,,,,,,,,,,,,,,,,,,,,,,
digestive system,digestive system process,GO:0022602,metabolic processing,metabolic process,GO:0008152,xenobiotic metabolism,xenobiotic metabolic process,GO:0006805,biotransformation and excretion,xenobiotic transport,GO:0042908,,,,,,,,,,,,,,Glutathione conjugation neutralises reactive electrophiles,cell,liver lobule,liver lobule,UBERON:0004647,hepatocyte,hepatocyte,CL:0000182,,,,does,X conversion to Y,electrophilic metabolite,,,glutathione conjugate,,,,,,,GST-mediated; glutathione depletion below about 30% of normal is the threshold for paracetamol hepatotoxicity,minutes-hours,,intra-organ,plasma drug concentration,,,alanine aminotransferase,,,total bilirubin,Bilirubin.total [Mass/volume] in Serum or Plasma,LOINC:1975-2,,,,biliary excretion,,,renal excretion,,,gut microbiota,,,drug-drug interaction,,,Yamada's Textbook of Gastroenterology,ISBN 9781119600206,28,,,,,,,,,,,,,,,,,,,,,,,
digestive system,digestive system process,GO:0022602,metabolic processing,metabolic process,GO:0008152,xenobiotic metabolism,xenobiotic metabolic process,GO:0006805,biotransformation and excretion,xenobiotic transport,GO:0042908,,,,,,,,,,,,,,Canalicular efflux pumps clear conjugated drug into bile,cell,liver lobule,liver lobule,UBERON:0004647,hepatocyte,hepatocyte,CL:0000182,,,,does,X secretion,conjugated xenobiotic,,,,,,,,,,MRP2 and P-glycoprotein export conjugates into bile,minutes-hours,,intra-organ,plasma drug concentration,,,alanine aminotransferase,,,total bilirubin,Bilirubin.total [Mass/volume] in Serum or Plasma,LOINC:1975-2,,,,biliary excretion,,,renal excretion,,,gut microbiota,,,drug-drug interaction,,,Yamada's Textbook of Gastroenterology,ISBN 9781119600206,28,,,,,,,,,,,,,,,,,,,,,,,
digestive system,digestive system process,GO:0022602,metabolic processing,metabolic process,GO:0008152,xenobiotic metabolism,xenobiotic metabolic process,GO:0006805,biotransformation and excretion,xenobiotic transport,GO:0042908,,,,,,,,,,,,,,Intestinal P450 activity is a significant component of first-pass metabolism,cell,small intestine,small intestine,UBERON:0002108,enterocyte,enterocyte,CL:0000584,,,,does,X conversion to Y,drug,,,oxidised metabolite,,,,,,,"intestinal CYP3A4 contributes substantially to first-pass loss, which is why grapefruit juice raises exposure",minutes-hours,,intra-organ,plasma drug concentration,,,alanine aminotransferase,,,total bilirubin,Bilirubin.total [Mass/volume] in Serum or Plasma,LOINC:1975-2,,,,biliary excretion,,,renal excretion,,,gut microbiota,,,drug-drug interaction,,,Yamada's Textbook of Gastroenterology,ISBN 9781119600206,28,,,,,,,,,,,,,,,,,,,,,,,
digestive system,digestive system process,GO:0022602,metabolic processing,metabolic process,GO:0008152,xenobiotic metabolism,xenobiotic metabolic process,GO:0006805,biotransformation and excretion,xenobiotic transport,GO:0042908,,,,,,,,,,,,,,Apical efflux transporters oppose intestinal drug absorption,cell,small intestine,small intestine,UBERON:0002108,enterocyte,enterocyte,CL:0000584,,,,does,X secretion,xenobiotic,,,,,,,,,,"P-glycoprotein returns absorbed drug to the lumen, limiting oral bioavailability",minutes-hours,,intra-organ,plasma drug concentration,,,alanine aminotransferase,,,total bilirubin,Bilirubin.total [Mass/volume] in Serum or Plasma,LOINC:1975-2,,,,biliary excretion,,,renal excretion,,,gut microbiota,,,drug-drug interaction,,,Yamada's Textbook of Gastroenterology,ISBN 9781119600206,28,,,,,,,,,,,,,,,,,,,,,,,
digestive system,digestive system process,GO:0022602,metabolic processing,metabolic process,GO:0008152,ethanol metabolism,ethanol metabolic process,GO:0006067,oxidation to acetate,,,,,,,,,,,,,,,"the NADH generated shifts hepatic redox state, favouring lactate over pyruvate and fat over its oxidation",Alcohol dehydrogenase oxidises ethanol to acetaldehyde,cell,liver lobule,liver lobule,UBERON:0004647,hepatocyte,hepatocyte,CL:0000182,,,,does,X conversion to Y,ethanol,,,acetaldehyde,,,,,,,alcohol dehydrogenase handles ~80% at usual intakes; elimination is near zero-order at 15-20 mg/dL/h,minutes-hours,,intra-organ,blood ethanol,Ethanol [Mass/volume] in Blood,LOINC:5640-8,alanine aminotransferase,,,gamma glutamyl transferase,,,,,,xenobiotic metabolism,xenobiotic metabolic process,GO:0006805,hepatic lipid metabolism,lipid metabolic process,GO:0006629,,,,,,,"High-Yield Physiology, 1st edition. Dudek, 2008.",ISBN: 978-0781745871,33,,,,,,,,,,,,,,,,,,,,,,,
digestive system,digestive system process,GO:0022602,metabolic processing,metabolic process,GO:0008152,ethanol metabolism,ethanol metabolic process,GO:0006067,oxidation to acetate,,,,,,,,,,,,,,,,Sustained intake induces the microsomal ethanol oxidising system,cell,liver lobule,liver lobule,UBERON:0004647,hepatocyte,hepatocyte,CL:0000182,chronic ethanol intake,,,increases,X conversion to Y,ethanol,,,acetaldehyde,,,,,,,CYP2E1 induction adds a second route accounting for up to 20% at high intake and generating oxidative stress,days,systemic,intra-organ,blood ethanol,Ethanol [Mass/volume] in Blood,LOINC:5640-8,alanine aminotransferase,,,gamma glutamyl transferase,,,,,,xenobiotic metabolism,xenobiotic metabolic process,GO:0006805,hepatic lipid metabolism,lipid metabolic process,GO:0006629,,,,,,,"High-Yield Physiology, 1st edition. Dudek, 2008.",ISBN: 978-0781745871,33,,,,,,,,,,,,,,,,,,,,,,,
digestive system,digestive system process,GO:0022602,metabolic processing,metabolic process,GO:0008152,ethanol metabolism,ethanol metabolic process,GO:0006067,oxidation to acetate,,,,,,,,,,,,,,,,Aldehyde dehydrogenase clears toxic acetaldehyde to acetate,cell,liver lobule,liver lobule,UBERON:0004647,hepatocyte,hepatocyte,CL:0000182,,,,does,X conversion to Y,acetaldehyde,,,acetate,,,,,,,mitochondrial ALDH2; the inactive variant common in East Asian populations causes the flushing reaction,minutes-hours,,intra-organ,blood ethanol,Ethanol [Mass/volume] in Blood,LOINC:5640-8,alanine aminotransferase,,,gamma glutamyl transferase,,,,,,xenobiotic metabolism,xenobiotic metabolic process,GO:0006805,hepatic lipid metabolism,lipid metabolic process,GO:0006629,,,,,,,"High-Yield Physiology, 1st edition. Dudek, 2008.",ISBN: 978-0781745871,33,,,,,,,,,,,,,,,,,,,,,,,
digestive system,digestive system process,GO:0022602,appetite regulation,regulation of appetite,GO:0032098,hunger and satiety signalling,regulation of feeding behavior,GO:0060259,gut-derived appetite signals,,,,,,,,,,,,,,,,Gastric P/D1 cells release ghrelin into the circulation,cell,gastric fundus,fundus of stomach,UBERON:0001160,P/D1 cell,P/D1 enteroendocrine cell,CL:0002268,,,,does,X secretion,ghrelin,,,,,,,,,"[520, 700]",units = pg/mL; the only known circulating orexigenic gut hormone,minutes,,circulatory,plasma ghrelin,Ghrelin [Mass/volume] in Serum or Plasma,LOINC:76474-6,serum leptin,Leptin [Mass/volume] in Serum or Plasma,LOINC:21365-2,plasma glucose,Glucose [Mass/volume] in Serum or Plasma,LOINC:2345-7,body mass index,,,hypothalamic arcuate nucleus,,,vagal parasympathetic input,,,adipose signalling,,,insulin production,insulin secretion,GO:0030073,Yamada's Textbook of Gastroenterology,ISBN 9781119600206,24,,,,,,,,,,,,,,,,,,,,,,,
digestive system,digestive system process,GO:0022602,appetite regulation,regulation of appetite,GO:0032098,hunger and satiety signalling,regulation of feeding behavior,GO:0060259,gut-derived appetite signals,,,,,,,,,,,,,,,,Ghrelin peaks before anticipated meals and is suppressed by feeding,cell,gastric fundus,fundus of stomach,UBERON:0001160,P/D1 cell,P/D1 enteroendocrine cell,CL:0002268,fasted status,,,increases,X secretion,ghrelin,,,,,,,,,,rises preprandially and falls within an hour of eating,minutes-hours,systemic,circulatory,plasma ghrelin,Ghrelin [Mass/volume] in Serum or Plasma,LOINC:76474-6,serum leptin,Leptin [Mass/volume] in Serum or Plasma,LOINC:21365-2,plasma glucose,Glucose [Mass/volume] in Serum or Plasma,LOINC:2345-7,body mass index,,,hypothalamic arcuate nucleus,,,vagal parasympathetic input,,,adipose signalling,,,insulin production,insulin secretion,GO:0030073,Yamada's Textbook of Gastroenterology,ISBN 9781119600206,24,,,,,,,,,,,,,,,,,,,,,,,
digestive system,digestive system process,GO:0022602,appetite regulation,regulation of appetite,GO:0032098,hunger and satiety signalling,regulation of feeding behavior,GO:0060259,gut-derived appetite signals,,,,,,,,,,,,,,,,Distal gut L cells release GLP-1 in response to luminal nutrients,cell,ileum,ileum,UBERON:0002116,L cell,type L enteroendocrine cell,CL:0002279,,,,does,X secretion,glucagon-like peptide 1,,,,,,,,,"[1.5, 5.1]",units = pmol/L; an incretin that also slows gastric emptying and promotes satiety,minutes,,circulatory,plasma ghrelin,Ghrelin [Mass/volume] in Serum or Plasma,LOINC:76474-6,serum leptin,Leptin [Mass/volume] in Serum or Plasma,LOINC:21365-2,plasma glucose,Glucose [Mass/volume] in Serum or Plasma,LOINC:2345-7,body mass index,,,hypothalamic arcuate nucleus,,,vagal parasympathetic input,,,adipose signalling,,,insulin production,insulin secretion,GO:0030073,Yamada's Textbook of Gastroenterology,ISBN 9781119600206,24,,,,,,,,,,,,,,,,,,,,,,,
digestive system,digestive system process,GO:0022602,appetite regulation,regulation of appetite,GO:0032098,hunger and satiety signalling,regulation of feeding behavior,GO:0060259,gut-derived appetite signals,,,,,,,,,,,,,,,,Nutrient delivery to the distal small bowel triggers GLP-1 release,cell,ileum,ileum,UBERON:0002116,L cell,type L enteroendocrine cell,CL:0002279,luminal nutrients,,,increases,X secretion,glucagon-like peptide 1,,,,,,,,,,,minutes,intra-organ,circulatory,plasma ghrelin,Ghrelin [Mass/volume] in Serum or Plasma,LOINC:76474-6,serum leptin,Leptin [Mass/volume] in Serum or Plasma,LOINC:21365-2,plasma glucose,Glucose [Mass/volume] in Serum or Plasma,LOINC:2345-7,body mass index,,,hypothalamic arcuate nucleus,,,vagal parasympathetic input,,,adipose signalling,,,insulin production,insulin secretion,GO:0030073,Yamada's Textbook of Gastroenterology,ISBN 9781119600206,24,,,,,,,,,,,,,,,,,,,,,,,
digestive system,digestive system process,GO:0022602,appetite regulation,regulation of appetite,GO:0032098,hunger and satiety signalling,regulation of feeding behavior,GO:0060259,gut-derived appetite signals,,,,,,,,,,,,,,,,"L cells co-release peptide YY, a sustained satiety signal",cell,ileum,ileum,UBERON:0002116,L cell,type L enteroendocrine cell,CL:0002279,,,,does,X secretion,peptide YY,,,,,,,,,,co-secreted with GLP-1; mediates the ileal brake on proximal motility and secretion,minutes,,circulatory,plasma ghrelin,Ghrelin [Mass/volume] in Serum or Plasma,LOINC:76474-6,serum leptin,Leptin [Mass/volume] in Serum or Plasma,LOINC:21365-2,plasma glucose,Glucose [Mass/volume] in Serum or Plasma,LOINC:2345-7,body mass index,,,hypothalamic arcuate nucleus,,,vagal parasympathetic input,,,adipose signalling,,,insulin production,insulin secretion,GO:0030073,Yamada's Textbook of Gastroenterology,ISBN 9781119600206,24,,,,,,,,,,,,,,,,,,,,,,,
digestive system,digestive system process,GO:0022602,appetite regulation,regulation of appetite,GO:0032098,hunger and satiety signalling,regulation of feeding behavior,GO:0060259,gut-derived appetite signals,,,,,,,,,,,,,,,,Unabsorbed fat reaching the ileum drives peptide YY release,cell,ileum,ileum,UBERON:0002116,L cell,type L enteroendocrine cell,CL:0002279,luminal fat,,,increases,X secretion,peptide YY,,,,,,,,,,,minutes-hours,intra-organ,circulatory,plasma ghrelin,Ghrelin [Mass/volume] in Serum or Plasma,LOINC:76474-6,serum leptin,Leptin [Mass/volume] in Serum or Plasma,LOINC:21365-2,plasma glucose,Glucose [Mass/volume] in Serum or Plasma,LOINC:2345-7,body mass index,,,hypothalamic arcuate nucleus,,,vagal parasympathetic input,,,adipose signalling,,,insulin production,insulin secretion,GO:0030073,Yamada's Textbook of Gastroenterology,ISBN 9781119600206,24,,,,,,,,,,,,,,,,,,,,,,,
digestive system,digestive system process,GO:0022602,appetite regulation,regulation of appetite,GO:0032098,hunger and satiety signalling,regulation of feeding behavior,GO:0060259,gut-derived appetite signals,,,,,,,,,,,,,,,satiation ends a meal; satiety governs the interval to the next one,Postprandial gut hormone signalling shifts the organism to a satiated state,organism,intestine,intestine,UBERON:0000160,digestive system,,,cholecystokinin,,,increases,transition to X,satiated status,,,,,,,,,,CCK acts largely on vagal afferents to terminate the meal,minutes,circulatory,systemic,plasma ghrelin,Ghrelin [Mass/volume] in Serum or Plasma,LOINC:76474-6,serum leptin,Leptin [Mass/volume] in Serum or Plasma,LOINC:21365-2,plasma glucose,Glucose [Mass/volume] in Serum or Plasma,LOINC:2345-7,body mass index,,,hypothalamic arcuate nucleus,,,vagal parasympathetic input,,,adipose signalling,,,insulin production,insulin secretion,GO:0030073,Yamada's Textbook of Gastroenterology,ISBN 9781119600206,24,,,,,,,,,,,,,,,,,,,,,,,
digestive system,digestive system process,GO:0022602,appetite regulation,regulation of appetite,GO:0032098,hunger and satiety signalling,regulation of feeding behavior,GO:0060259,gut-derived appetite signals,,,,,,,,,,,,,,,,Rising ghrelin with an empty stomach initiates hunger and food seeking,organism,stomach,stomach,UBERON:0000945,digestive system,,,ghrelin,,,increases,transition to X,hunger status,,,,,,,,,,,minutes-hours,circulatory,systemic,plasma ghrelin,Ghrelin [Mass/volume] in Serum or Plasma,LOINC:76474-6,serum leptin,Leptin [Mass/volume] in Serum or Plasma,LOINC:21365-2,plasma glucose,Glucose [Mass/volume] in Serum or Plasma,LOINC:2345-7,body mass index,,,hypothalamic arcuate nucleus,,,vagal parasympathetic input,,,adipose signalling,,,insulin production,insulin secretion,GO:0030073,Yamada's Textbook of Gastroenterology,ISBN 9781119600206,24,,,,,,,,,,,,,,,,,,,,,,,
digestive system,digestive system process,GO:0022602,appetite regulation,regulation of appetite,GO:0032098,hunger and satiety signalling,regulation of feeding behavior,GO:0060259,gut-derived appetite signals,,,,,,,,,,,,,,,,Leptin reports energy stores and restrains long-term intake,organism,intestine,intestine,UBERON:0000160,digestive system,,,leptin,,,decreases,transition to X,hunger status,,,,,,,,,,adipose-derived; a long-term adiposity signal rather than a meal-to-meal one,hours-days,circulatory,systemic,plasma ghrelin,Ghrelin [Mass/volume] in Serum or Plasma,LOINC:76474-6,serum leptin,Leptin [Mass/volume] in Serum or Plasma,LOINC:21365-2,plasma glucose,Glucose [Mass/volume] in Serum or Plasma,LOINC:2345-7,body mass index,,,hypothalamic arcuate nucleus,,,vagal parasympathetic input,,,adipose signalling,,,insulin production,insulin secretion,GO:0030073,Yamada's Textbook of Gastroenterology,ISBN 9781119600206,24,,,,,,,,,,,,,,,,,,,,,,,