Whole Person Physiome Table for Pulmonary System,,,,,,,,,,,,,,,,,,,,,,,,,,,,,,,,,,,,,,,,,,,,,,,,,,,,,,,,,,,,,,,,,,,,,,,,,,,,,,,,,,,,,,,,,,,,,,,,,,,,,
,,,,,,,,,,,,,,,,,,,,,,,,,,,,,,,,,,,,,,,,,,,,,,,,,,,,,,,,,,,,,,,,,,,,,,,,,,,,,,,,,,,,,,,,,,,,,,,,,,,,,
Author Name(s):,Jacob C. Scherba,Minyan Zhu,,,,,,,,,,,,,,,,,,,,,,,,,,,,,,,,,,,,,,,,,,,,,,,,,,,,,,,,,,,,,,,,,,,,,,,,,,,,,,,,,,,,,,,,,,,,,,,,,,,
Author ORCID(s):,0000-0001-8187-0507,0000-0002-1868-3896,,,,,,,,,,,,,,,,,,,,,,,,,,,,,,,,,,,,,,,,,,,,,,,,,,,,,,,,,,,,,,,,,,,,,,,,,,,,,,,,,,,,,,,,,,,,,,,,,,,
Reviewer Name(s):,Maria Basil,Katalin Susztak,,,,,,,,,,,,,,,,,,,,,,,,,,,,,,,,,,,,,,,,,,,,,,,,,,,,,,,,,,,,,,,,,,,,,,,,,,,,,,,,,,,,,,,,,,,,,,,,,,,
Reviewer ORCID(s):,0000-0003-4716-1285,0000‑0002‑1005‑3726,,,,,,,,,,,,,,,,,,,,,,,,,,,,,,,,,,,,,,,,,,,,,,,,,,,,,,,,,,,,,,,,,,,,,,,,,,,,,,,,,,,,,,,,,,,,,,,,,,,
General Publication(s):,,,,,,,,,,,,,,,,,,,,,,,,,,,,,,,,,,,,,,,,,,,,,,,,,,,,,,,,,,,,,,,,,,,,,,,,,,,,,,,,,,,,,,,,,,,,,,,,,,,,,
Data DOI:,,,,,,,,,,,,,,,,,,,,,,,,,,,,,,,,,,,,,,,,,,,,,,,,,,,,,,,,,,,,,,,,,,,,,,,,,,,,,,,,,,,,,,,,,,,,,,,,,,,,,
Date:,8/6/2026,,,,,,,,,,,,,,,,,,,,,,,,,,,,,,,,,,,,,,,,,,,,,,,,,,,,,,,,,,,,,,,,,,,,,,,,,,,,,,,,,,,,,,,,,,,,,,,,,,,,
Version Number:,v1.0,,,,,,,,,,,,,,,,,,,,,,,,,,,,,,,,,,,,,,,,,,,,,,,,,,,,,,,,,,,,,,,,,,,,,,,,,,,,,,,,,,,,,,,,,,,,,,,,,,,,
Physiological Function,,,,,,,,,,,,,,,,,,,,,,,,,Physiological Process,,,,,,,,,,,,,,,,,,,,,,,,Scales of Effect,,,Clinical Metrics,,,,,,,,,,,,Interacting Functions,,,,,,,,,,,,Reference Material,,,,,,,,,,,,Common Data Elements,,,,,,,,,,,,,
"List physiological functions as a hierarchy, starting with the body system in Function/1 (this should be the same as the table name), a major life function in Function/2, and more specific functions in subsequent columns. Add more columns if needed. Place limited explanatory text if needed in FunctionNotes. Each function should include a ID from Gene Ontology (GO) if possible or another standard ontology. The LABEL column is the label for that ID as it appears in that ontology.",,,,,,,,,,,,,,,,,,,,,,,,,"Provide a very brief description (a few words) of the specific processes that occur during the corresponding function (e.g., a chemical reaction, physical change, feedback loop, etc.) in the Process column. Enter whether the Effector is a cell, tissue, or organ. Provide the anatomical location of the Effector in EffectorLocation along with the associated UBERON ID, if avaialble. Enter the Effector and its UBERON ID in the following columns. See Glossary for detailed instructions on tabulating the Signal, Effect, Behavior, Behavior X, Behavior Y, and X Target columns.",,,,,,,,,,,,,,,,,,,,,,,Enter notes here from primary texts on quantitative information available for the processes denoted to the left,"Indicate the time scale category for this process: milliseconds, seconds, minutes, hours, days, weeks, years.","Indicate the signal scale category for this process: autocrine, paracrine, intra-organ, circulatory, systemic","Indicate the signal scale category for this process: autocrine, paracrine, intra-organ, circulatory, systemic","OPTIONAL FOR NOW. List clinical measures, such as laboratory tests, vital signs, or radiology studies, related to the physiological function. These columns are simple lists and are NOT hierarchical. Include an ID for the measurement, such as a LOINC code, if known. Add more columns if needed.",,,,,,,,,,,,"OPTIONAL FOR NOW. List other interacting physiological functions. These columns are simple lists and NOT hierarchical. Add more columns if needed. For the LABEL and ID columns, use Gene Ontology (GO) if possible.",,,,,,,,,,,,"REQUIRED. Enter references in support of the information on this row. The ID column should include a standard identifier, such as a DOI or ISBN. The optional CHAPTER column should be used to list the relevant chapters in a book. The optional NOTES column can be used to clarify which part of the row the reference is for, such as a reference about the anatomical structures involved in the function rather than the interactions. Add more sets of reference columns if needed, making sure to include the ID column.",,,,,,,,,,,,"REQUIRED IF AVAILABLE. For each row, enter any corresponding common data elements (CDEs) that relate to the process.  Add more sets of CDE columns if needed, making sure to include the ID column.",,,,,,,,,,,,,
Function/1,Function/1/LABEL,Function/1/ID,Function/2,Function/2/LABEL,Function/2/ID,Function/3,Function/3/LABEL,Function/3/ID,Function/4,Function/4/LABEL,Function/4/ID,Function/5,Function/5/LABEL,Function/5/ID,Function/6,Function/6/LABEL,Function/6/ID,Function/7,Function/7/LABEL,Function/7/ID,Function/8,Function/8/LABEL,Function/8/ID,FunctionNotes,Process,EffectorScale,EffectorLocation,EffectorLocation/LABEL,EffectorLocation/ID,Effector,Effector/LABEL,Effector/ID,Signal,Signal/LABEL,Signal/ID,Effect,Behavior,Behavior X,Behavior X/LABEL,Behavior X/ID,Behavior Y,Behavior Y/LABEL,Behavior Y/ID,Behavior Z,Behavior Z/LABEL,Behavior Z/ID,X Target,QuantitativeNotes,TimeScale,SignalScale,EffectScale,ClinicalMeasure/1,ClinicalMeasure/1/LABEL,ClinicalMeasure/1/ID,ClinicalMeasure/2,ClinicalMeasure/2/LABEL,ClinicalMeasure/2/ID,ClinicalMeasure/3,ClinicalMeasure/3/LABEL,ClinicalMeasure/3/ID,ClinicalMeasure/4,ClinicalMeasure/4/LABEL,ClinicalMeasure/4/ID,Interaction/1,Interaction/1/LABEL,Interaction/1/ID,Interaction/2,Interaction/2/LABEL,Interaction/2/ID,Interaction/3,Interaction/3/LABEL,Interaction/3/ID,Interaction/4,Interaction/4/LABEL,Interaction/4/ID,REF/1,REF/1/ID,REF/1/CHAPTER,REF/1/NOTES,REF/2,REF/2/ID,REF/2/CHAPTER,REF/2/NOTES,REF/3,REF/3/ID,REF/3/CHAPTER,REF/3/NOTES,CDE/1,CDE/1/ID,CDE/2,CDE/2/ID,CDE/3,CDE/3/ID,CDE/4,CDE/4/ID,CDE/5,CDE/5/ID,CDE/6,CDE/6/ID,CDE/7,CDE/7/ID
respiratory system,respiratory system process,GO:0003016,ventilation,respiratory gaseous exchange by respiratory system,GO:0007585,respiratory pump,muscle contraction,GO:0006936,inspiratory muscle contraction,muscle contraction,GO:0006936,,,,,,,,,,,,,"GRAMMAR NOTE: brainstem rhythm generation is represented as a signal on respiratory muscle, not as a behavior of pre-Botzinger neurons, for the same reason interstitial cells of Cajal have no row in the digestive table","Diaphragmatic contraction enlarges the thorax and lowers intrapleural pressure, drawing air in",cell,diaphragm,diaphragm,UBERON:0001103,skeletal muscle fiber,,,,,,does,contraction,,,,,,,,,,"[400, 600]","units = mL tidal volume; diaphragm generates 70-80% of it; descent 1-2 cm in quiet breathing, up to 10 cm in forced",seconds,,intra-organ,tidal volume,Tidal volume.inspired,LOINC:76221-1,respiratory rate,Respiratory rate,LOINC:9279-1,forced vital capacity,Forced vital capacity [Volume] Respiratory system,LOINC:19870-5,,,,brainstem respiratory centres,,,phrenic and intercostal motor output,,,cardiovascular system,blood circulation,GO:0008015,,,,West's Respiratory Physiology: The Essentials,,7,,,,,,,,,,,,,,,,,,,,,,,
respiratory system,respiratory system process,GO:0003016,ventilation,respiratory gaseous exchange by respiratory system,GO:0007585,respiratory pump,muscle contraction,GO:0006936,inspiratory muscle contraction,muscle contraction,GO:0006936,,,,,,,,,,,,,,,cell,diaphragm,diaphragm,UBERON:0001103,skeletal muscle fiber,,,phrenic nerve activity,,,increases,contraction X,frequency,,,,,,,,,"[12, 16]",units = breaths/min at rest; phrenic roots C3-C5,seconds,systemic,intra-organ,tidal volume,Tidal volume.inspired,LOINC:76221-1,respiratory rate,Respiratory rate,LOINC:9279-1,forced vital capacity,Forced vital capacity [Volume] Respiratory system,LOINC:19870-5,,,,brainstem respiratory centres,,,phrenic and intercostal motor output,,,cardiovascular system,blood circulation,GO:0008015,,,,West's Respiratory Physiology: The Essentials,,7,,,,,,,,,,,,,,,,,,,,,,,
respiratory system,respiratory system process,GO:0003016,ventilation,respiratory gaseous exchange by respiratory system,GO:0007585,respiratory pump,muscle contraction,GO:0006936,inspiratory muscle contraction,muscle contraction,GO:0006936,,,,,,,,,,,,,,,cell,diaphragm,diaphragm,UBERON:0001103,skeletal muscle fiber,,,phrenic nerve activity,,,increases,contraction X,force,,,,,,,,,,intrapleural pressure falls from about -5 to -8 cmH2O during quiet inspiration,seconds,systemic,intra-organ,tidal volume,Tidal volume.inspired,LOINC:76221-1,respiratory rate,Respiratory rate,LOINC:9279-1,forced vital capacity,Forced vital capacity [Volume] Respiratory system,LOINC:19870-5,,,,brainstem respiratory centres,,,phrenic and intercostal motor output,,,cardiovascular system,blood circulation,GO:0008015,,,,West's Respiratory Physiology: The Essentials,,7,,,,,,,,,,,,,,,,,,,,,,,
respiratory system,respiratory system process,GO:0003016,ventilation,respiratory gaseous exchange by respiratory system,GO:0007585,respiratory pump,muscle contraction,GO:0006936,inspiratory muscle contraction,muscle contraction,GO:0006936,,,,,,,,,,,,,,External intercostal contraction adds to thoracic expansion during inspiration,cell,thoracic cavity,thoracic cavity,UBERON:0002224,external intercostal muscle cell,,,,,,does,contraction,,,,,,,,,,,"raises the ribs, increasing anteroposterior and lateral thoracic diameter",seconds,,intra-organ,tidal volume,Tidal volume.inspired,LOINC:76221-1,respiratory rate,Respiratory rate,LOINC:9279-1,forced vital capacity,Forced vital capacity [Volume] Respiratory system,LOINC:19870-5,,,,brainstem respiratory centres,,,phrenic and intercostal motor output,,,cardiovascular system,blood circulation,GO:0008015,,,,West's Respiratory Physiology: The Essentials,,7,,,,,,,,,,,,,,,,,,,,,,,
respiratory system,respiratory system process,GO:0003016,ventilation,respiratory gaseous exchange by respiratory system,GO:0007585,respiratory pump,muscle contraction,GO:0006936,inspiratory muscle contraction,muscle contraction,GO:0006936,,,,,,,,,,,,,,,cell,thoracic cavity,thoracic cavity,UBERON:0002224,accessory respiratory muscle cell,,,ventilatory demand,,,increases,contraction X,force,,,,,,,,,,scalene and sternocleidomastoid recruitment; visible use is a clinical sign of respiratory distress,seconds,systemic,intra-organ,tidal volume,Tidal volume.inspired,LOINC:76221-1,respiratory rate,Respiratory rate,LOINC:9279-1,forced vital capacity,Forced vital capacity [Volume] Respiratory system,LOINC:19870-5,,,,brainstem respiratory centres,,,phrenic and intercostal motor output,,,cardiovascular system,blood circulation,GO:0008015,,,,West's Respiratory Physiology: The Essentials,,7,,,,,,,,,,,,,,,,,,,,,,,
respiratory system,respiratory system process,GO:0003016,ventilation,respiratory gaseous exchange by respiratory system,GO:0007585,respiratory pump,muscle contraction,GO:0006936,expiration,,,,,,,,,,,,,,,"elastic recoil has two sources: tissue elastin and collagen, and alveolar surface tension, the larger of the two",Passive elastic recoil of the lung drives quiet expiration,organ,lung,lung,UBERON:0002048,lung,,,,,,does,X export,alveolar gas,,,,,,,,,,"quiet expiration is passive, driven by stored elastic recoil; lung compliance about 200 mL/cmH2O",seconds,,intra-organ,tidal volume,Tidal volume.inspired,LOINC:76221-1,forced vital capacity,Forced vital capacity [Volume] Respiratory system,LOINC:19870-5,airway resistance,Airway resistance,LOINC:75946-4,,,,brainstem respiratory centres,,,lung elastic recoil,,,abdominal wall,,,,,,West's Respiratory Physiology: The Essentials,,7,,,,,,,,,,,,,,,,,,,,,,,
respiratory system,respiratory system process,GO:0003016,ventilation,respiratory gaseous exchange by respiratory system,GO:0007585,respiratory pump,muscle contraction,GO:0006936,expiration,,,,,,,,,,,,,,,,,cell,thoracic cavity,thoracic cavity,UBERON:0002224,abdominal wall muscle cell,,,forced expiration,,,increases,contraction X,force,,,,,,,,,,raises intra-abdominal pressure and drives the diaphragm upward,seconds,systemic,intra-organ,tidal volume,Tidal volume.inspired,LOINC:76221-1,forced vital capacity,Forced vital capacity [Volume] Respiratory system,LOINC:19870-5,airway resistance,Airway resistance,LOINC:75946-4,,,,brainstem respiratory centres,,,lung elastic recoil,,,abdominal wall,,,,,,West's Respiratory Physiology: The Essentials,,7,,,,,,,,,,,,,,,,,,,,,,,
respiratory system,respiratory system process,GO:0003016,ventilation,respiratory gaseous exchange by respiratory system,GO:0007585,respiratory pump,muscle contraction,GO:0006936,expiration,,,,,,,,,,,,,,,,,cell,thoracic cavity,thoracic cavity,UBERON:0002224,internal intercostal muscle cell,,,forced expiration,,,increases,contraction X,force,,,,,,,,,,"pulls the ribs down and in, reducing thoracic volume",seconds,systemic,intra-organ,tidal volume,Tidal volume.inspired,LOINC:76221-1,forced vital capacity,Forced vital capacity [Volume] Respiratory system,LOINC:19870-5,airway resistance,Airway resistance,LOINC:75946-4,,,,brainstem respiratory centres,,,lung elastic recoil,,,abdominal wall,,,,,,West's Respiratory Physiology: The Essentials,,7,,,,,,,,,,,,,,,,,,,,,,,
respiratory system,respiratory system process,GO:0003016,ventilation,respiratory gaseous exchange by respiratory system,GO:0007585,alveolar ventilation,respiratory gaseous exchange by respiratory system,GO:0007585,bulk airflow and dead space,,,,,,,,,,,,,,,"alveolar PCO2 is inversely proportional to alveolar ventilation for a given CO2 production, which is why ventilation sets PaCO2","Bulk airflow delivers fresh gas to the alveoli, where it mixes with resident alveolar gas",organ,lung,lung,UBERON:0002048,lung,,,,,,does,transport of X from Y to Z,air,,,atmosphere,,,alveolus,,,"[4, 5]",units = L/min alveolar ventilation; minute ventilation 6-8 L/min minus dead space ventilation,seconds,,intra-organ,tidal volume,Tidal volume.inspired,LOINC:76221-1,respiratory rate,Respiratory rate,LOINC:9279-1,arterial PCO2,Carbon dioxide [Partial pressure] in Arterial blood,LOINC:2019-8,forced vital capacity,Forced vital capacity [Volume] Respiratory system,LOINC:19870-5,acid-base homeostasis,regulation of pH,GO:0006885,brainstem respiratory centres,,,ventilation-perfusion matching,,,,,,West's Respiratory Physiology: The Essentials,,2,,,,,,,,,,,,,,,,,,,,,,,
respiratory system,respiratory system process,GO:0003016,ventilation,respiratory gaseous exchange by respiratory system,GO:0007585,alveolar ventilation,respiratory gaseous exchange by respiratory system,GO:0007585,bulk airflow and dead space,,,,,,,,,,,,,,,,,organ,lung,lung,UBERON:0002048,lung,,,anatomic dead space,,,decreases,transport of X from Y to Z,air,,,atmosphere,,,alveolus,,,"[0.20, 0.35]","units = dead space to tidal volume ratio; anatomic dead space about 150 mL, roughly 2 mL/kg",seconds,intra-organ,intra-organ,tidal volume,Tidal volume.inspired,LOINC:76221-1,respiratory rate,Respiratory rate,LOINC:9279-1,arterial PCO2,Carbon dioxide [Partial pressure] in Arterial blood,LOINC:2019-8,forced vital capacity,Forced vital capacity [Volume] Respiratory system,LOINC:19870-5,acid-base homeostasis,regulation of pH,GO:0006885,brainstem respiratory centres,,,ventilation-perfusion matching,,,,,,West's Respiratory Physiology: The Essentials,,2,,,,,,,,,,,,,,,,,,,,,,,
respiratory system,respiratory system process,GO:0003016,ventilation,respiratory gaseous exchange by respiratory system,GO:0007585,alveolar ventilation,respiratory gaseous exchange by respiratory system,GO:0007585,bulk airflow and dead space,,,,,,,,,,,,,,,"regional ventilation and perfusion both increase toward the lung base, but perfusion increases more steeply, so the V/Q ratio falls from apex to base",Gravity-dependent pleural pressure gradients make basal alveoli ventilate better than apical ones,organ,lung,lung,UBERON:0002048,lung,,,gravity,,,increases,transport of X from Y to Z,air,,,atmosphere,,,dependent alveoli,,,,the pleural pressure gradient leaves dependent alveoli smaller at FRC and therefore on a steeper part of the compliance curve,seconds,systemic,intra-organ,tidal volume,Tidal volume.inspired,LOINC:76221-1,respiratory rate,Respiratory rate,LOINC:9279-1,arterial PCO2,Carbon dioxide [Partial pressure] in Arterial blood,LOINC:2019-8,forced vital capacity,Forced vital capacity [Volume] Respiratory system,LOINC:19870-5,acid-base homeostasis,regulation of pH,GO:0006885,brainstem respiratory centres,,,ventilation-perfusion matching,,,,,,West's Respiratory Physiology: The Essentials,,2,,,,,,,,,,,,,,,,,,,,,,,
respiratory system,respiratory system process,GO:0003016,ventilation,respiratory gaseous exchange by respiratory system,GO:0007585,alveolar ventilation,respiratory gaseous exchange by respiratory system,GO:0007585,bulk airflow and dead space,,,,,,,,,,,,,,,,Ventilatory CO2 elimination sets arterial PCO2 and the respiratory arm of acid-base balance,organ,lung,lung,UBERON:0002048,lung,,,,,,does,X export,carbon dioxide,,,,,,,,,"[35, 45]",units = mmHg arterial PCO2; about 200 mL CO2 eliminated per minute at rest,seconds-minutes,,systemic,tidal volume,Tidal volume.inspired,LOINC:76221-1,respiratory rate,Respiratory rate,LOINC:9279-1,arterial PCO2,Carbon dioxide [Partial pressure] in Arterial blood,LOINC:2019-8,forced vital capacity,Forced vital capacity [Volume] Respiratory system,LOINC:19870-5,acid-base homeostasis,regulation of pH,GO:0006885,brainstem respiratory centres,,,ventilation-perfusion matching,,,,,,West's Respiratory Physiology: The Essentials,,2,,,,,,,,,,,,,,,,,,,,,,,
respiratory system,respiratory system process,GO:0003016,ventilation,respiratory gaseous exchange by respiratory system,GO:0007585,airway resistance,regulation of tube diameter,GO:0035296,bronchomotor tone,,,,,,,,,,,,,,,"because resistance varies with the fourth power of radius, small changes in caliber produce large changes in resistance; the low contribution of small airways makes early disease there silent",Airway smooth muscle tone sets the calibre of conducting airways and hence resistance to airflow,cell,bronchus,bronchus,UBERON:0002185,smooth muscle cell,smooth muscle cell,CL:0000192,,,,does,contraction,,,,,,,,,,"[1, 2]","units = cmH2O/L/s total airway resistance; medium bronchi dominate, small airways under 2 mm contribute only ~20%",seconds,,intra-organ,airway resistance,Airway resistance,LOINC:75946-4,forced vital capacity,Forced vital capacity [Volume] Respiratory system,LOINC:19870-5,respiratory rate,Respiratory rate,LOINC:9279-1,,,,autonomic nervous system,,,inflammatory mediators,,,lung volume,,,,,,West's Respiratory Physiology: The Essentials,,7,,,,,,,,,,,,,,,,,,,,,,,
respiratory system,respiratory system process,GO:0003016,ventilation,respiratory gaseous exchange by respiratory system,GO:0007585,airway resistance,regulation of tube diameter,GO:0035296,bronchomotor tone,,,,,,,,,,,,,,,,,cell,bronchus,bronchus,UBERON:0002185,smooth muscle cell,smooth muscle cell,CL:0000192,acetylcholine,,,increases,contraction X,force,,,,,,,,,,muscarinic M3; vagal tone is the dominant reversible component of resting bronchomotor tone,seconds,systemic,intra-organ,airway resistance,Airway resistance,LOINC:75946-4,forced vital capacity,Forced vital capacity [Volume] Respiratory system,LOINC:19870-5,respiratory rate,Respiratory rate,LOINC:9279-1,,,,autonomic nervous system,,,inflammatory mediators,,,lung volume,,,,,,West's Respiratory Physiology: The Essentials,,7,,,,,,,,,,,,,,,,,,,,,,,
respiratory system,respiratory system process,GO:0003016,ventilation,respiratory gaseous exchange by respiratory system,GO:0007585,airway resistance,regulation of tube diameter,GO:0035296,bronchomotor tone,,,,,,,,,,,,,,,,,cell,bronchus,bronchus,UBERON:0002185,smooth muscle cell,smooth muscle cell,CL:0000192,epinephrine,,,decreases,contraction X,force,,,,,,,,,,beta-2 adrenergic; the basis of bronchodilator therapy,seconds,circulatory,intra-organ,airway resistance,Airway resistance,LOINC:75946-4,forced vital capacity,Forced vital capacity [Volume] Respiratory system,LOINC:19870-5,respiratory rate,Respiratory rate,LOINC:9279-1,,,,autonomic nervous system,,,inflammatory mediators,,,lung volume,,,,,,West's Respiratory Physiology: The Essentials,,7,,,,,,,,,,,,,,,,,,,,,,,
respiratory system,respiratory system process,GO:0003016,ventilation,respiratory gaseous exchange by respiratory system,GO:0007585,airway resistance,regulation of tube diameter,GO:0035296,bronchomotor tone,,,,,,,,,,,,,,,,,cell,bronchus,bronchus,UBERON:0002185,smooth muscle cell,smooth muscle cell,CL:0000192,histamine,,,increases,contraction X,force,,,,,,,,,,,seconds,paracrine,intra-organ,airway resistance,Airway resistance,LOINC:75946-4,forced vital capacity,Forced vital capacity [Volume] Respiratory system,LOINC:19870-5,respiratory rate,Respiratory rate,LOINC:9279-1,,,,autonomic nervous system,,,inflammatory mediators,,,lung volume,,,,,,West's Respiratory Physiology: The Essentials,,7,,,,,,,,,,,,,,,,,,,,,,,
respiratory system,respiratory system process,GO:0003016,ventilation,respiratory gaseous exchange by respiratory system,GO:0007585,airway resistance,regulation of tube diameter,GO:0035296,bronchomotor tone,,,,,,,,,,,,,,,,,cell,bronchus,bronchus,UBERON:0002185,smooth muscle cell,smooth muscle cell,CL:0000192,cysteinyl leukotrienes,,,increases,contraction X,force,,,,,,,,,,far more potent than histamine on a molar basis and longer acting,minutes,paracrine,intra-organ,airway resistance,Airway resistance,LOINC:75946-4,forced vital capacity,Forced vital capacity [Volume] Respiratory system,LOINC:19870-5,respiratory rate,Respiratory rate,LOINC:9279-1,,,,autonomic nervous system,,,inflammatory mediators,,,lung volume,,,,,,West's Respiratory Physiology: The Essentials,,7,,,,,,,,,,,,,,,,,,,,,,,
respiratory system,respiratory system process,GO:0003016,ventilation,respiratory gaseous exchange by respiratory system,GO:0007585,airway resistance,regulation of tube diameter,GO:0035296,bronchomotor tone,,,,,,,,,,,,,,,,,cell,bronchus,bronchus,UBERON:0002185,smooth muscle cell,smooth muscle cell,CL:0000192,nitric oxide,,,decreases,contraction X,force,,,,,,,,,,,seconds,paracrine,intra-organ,airway resistance,Airway resistance,LOINC:75946-4,forced vital capacity,Forced vital capacity [Volume] Respiratory system,LOINC:19870-5,respiratory rate,Respiratory rate,LOINC:9279-1,,,,autonomic nervous system,,,inflammatory mediators,,,lung volume,,,,,,West's Respiratory Physiology: The Essentials,,7,,,,,,,,,,,,,,,,,,,,,,,
respiratory system,respiratory system process,GO:0003016,ventilation,respiratory gaseous exchange by respiratory system,GO:0007585,airway resistance,regulation of tube diameter,GO:0035296,bronchomotor tone,,,,,,,,,,,,,,,,,cell,bronchus,bronchus,UBERON:0002185,smooth muscle cell,smooth muscle cell,CL:0000192,airway carbon dioxide partial pressure,,,increases,contraction X,force,,,,,,,,,,"local hypocapnia in underperfused lung units constricts the airways serving them, the ventilatory mirror of hypoxic vasoconstriction",minutes,intra-organ,intra-organ,airway resistance,Airway resistance,LOINC:75946-4,forced vital capacity,Forced vital capacity [Volume] Respiratory system,LOINC:19870-5,respiratory rate,Respiratory rate,LOINC:9279-1,,,,autonomic nervous system,,,inflammatory mediators,,,lung volume,,,,,,West's Respiratory Physiology: The Essentials,,7,,,,,,,,,,,,,,,,,,,,,,,
respiratory system,respiratory system process,GO:0003016,ventilation,respiratory gaseous exchange by respiratory system,GO:0007585,airway resistance,regulation of tube diameter,GO:0035296,bronchomotor tone,,,,,,,,,,,,,,,,,cell,bronchus,bronchus,UBERON:0002185,smooth muscle cell,smooth muscle cell,CL:0000192,lung volume,,,decreases,contraction X,force,,,,,,,,,,"radial traction from surrounding parenchyma holds airways open, so resistance falls hyperbolically as lung volume rises",seconds,intra-organ,intra-organ,airway resistance,Airway resistance,LOINC:75946-4,forced vital capacity,Forced vital capacity [Volume] Respiratory system,LOINC:19870-5,respiratory rate,Respiratory rate,LOINC:9279-1,,,,autonomic nervous system,,,inflammatory mediators,,,lung volume,,,,,,West's Respiratory Physiology: The Essentials,,7,,,,,,,,,,,,,,,,,,,,,,,
respiratory system,respiratory system process,GO:0003016,ventilation,respiratory gaseous exchange by respiratory system,GO:0007585,airway resistance,regulation of tube diameter,GO:0035296,bronchomotor tone,,,,,,,,,,,,,,,loss of elastic recoil in emphysema moves the equal pressure point distally and produces flow limitation at lower efforts,,organ,lung,lung,UBERON:0002048,lung,,,pleural pressure,,,decreases,X export,alveolar gas,,,,,,,,,,"dynamic compression: beyond a threshold effort, expiratory flow becomes effort-independent as the equal pressure point moves into collapsible airways",seconds,intra-organ,intra-organ,airway resistance,Airway resistance,LOINC:75946-4,forced vital capacity,Forced vital capacity [Volume] Respiratory system,LOINC:19870-5,respiratory rate,Respiratory rate,LOINC:9279-1,,,,autonomic nervous system,,,inflammatory mediators,,,lung volume,,,,,,West's Respiratory Physiology: The Essentials,,7,,,,,,,,,,,,,,,,,,,,,,,
respiratory system,respiratory system process,GO:0003016,ventilation,respiratory gaseous exchange by respiratory system,GO:0007585,alveolar stability,,,surfactant production,,,,,,,,,,,,,,,"by Laplace, surface tension in a sphere generates a collapsing pressure inversely proportional to radius; surfactant lowers tension more in smaller alveoli, which stabilises them against emptying into larger ones",Type II pneumocytes secrete surfactant from lamellar bodies onto the alveolar surface,cell,alveolus,alveolus of lung,UBERON:0002299,pulmonary alveolar type 2 cell,pulmonary alveolar type 2 cell,CL:0002063,,,,does,X secretion,pulmonary surfactant,,,,,,,,,,dipalmitoylphosphatidylcholine-rich; lowers alveolar surface tension from about 70 to under 5 mN/m at end-expiration,minutes-hours,,intra-organ,arterial PO2,Oxygen [Partial pressure] in Arterial blood,LOINC:2703-7,forced vital capacity,Forced vital capacity [Volume] Respiratory system,LOINC:19870-5,tidal volume,Tidal volume.inspired,LOINC:76221-1,,,,alveolar fluid clearance,,,lung compliance,,,fetal lung maturation,,,,,,West's Respiratory Physiology: The Essentials,,7,,,,,,,,,,,,,,,,,,,,,,,
respiratory system,respiratory system process,GO:0003016,ventilation,respiratory gaseous exchange by respiratory system,GO:0007585,alveolar stability,,,surfactant production,,,,,,,,,,,,,,,,,cell,alveolus,alveolus of lung,UBERON:0002299,pulmonary alveolar type 2 cell,pulmonary alveolar type 2 cell,CL:0002063,lung inflation,,,increases,X secretion,pulmonary surfactant,,,,,,,,,,deep breaths and sighs stimulate release; surfactant turnover half-life is a matter of hours,minutes-hours,intra-organ,intra-organ,arterial PO2,Oxygen [Partial pressure] in Arterial blood,LOINC:2703-7,forced vital capacity,Forced vital capacity [Volume] Respiratory system,LOINC:19870-5,tidal volume,Tidal volume.inspired,LOINC:76221-1,,,,alveolar fluid clearance,,,lung compliance,,,fetal lung maturation,,,,,,West's Respiratory Physiology: The Essentials,,7,,,,,,,,,,,,,,,,,,,,,,,
respiratory system,respiratory system process,GO:0003016,ventilation,respiratory gaseous exchange by respiratory system,GO:0007585,alveolar stability,,,surfactant production,,,,,,,,,,,,,,,,,cell,alveolus,alveolus of lung,UBERON:0002299,pulmonary alveolar type 2 cell,pulmonary alveolar type 2 cell,CL:0002063,glucocorticoid,,,increases,X secretion,pulmonary surfactant,,,,,,,,,,the basis for antenatal corticosteroid administration before preterm delivery,hours-days,circulatory,intra-organ,arterial PO2,Oxygen [Partial pressure] in Arterial blood,LOINC:2703-7,forced vital capacity,Forced vital capacity [Volume] Respiratory system,LOINC:19870-5,tidal volume,Tidal volume.inspired,LOINC:76221-1,,,,alveolar fluid clearance,,,lung compliance,,,fetal lung maturation,,,,,,West's Respiratory Physiology: The Essentials,,7,,,,,,,,,,,,,,,,,,,,,,,
respiratory system,respiratory system process,GO:0003016,ventilation,respiratory gaseous exchange by respiratory system,GO:0007585,alveolar stability,,,surfactant production,,,,,,,,,,,,,,,,Type II pneumocytes serve as the alveolar epithelial progenitor,cell,alveolus,alveolus of lung,UBERON:0002299,pulmonary alveolar type 2 cell,pulmonary alveolar type 2 cell,CL:0002063,,,,does,X synthesis,pulmonary alveolar type 1 cell,,,,,,,,,,type II cells are the progenitor population that restores the type I epithelium after injury,hours-days,,intra-organ,arterial PO2,Oxygen [Partial pressure] in Arterial blood,LOINC:2703-7,forced vital capacity,Forced vital capacity [Volume] Respiratory system,LOINC:19870-5,tidal volume,Tidal volume.inspired,LOINC:76221-1,,,,alveolar fluid clearance,,,lung compliance,,,fetal lung maturation,,,,,,West's Respiratory Physiology: The Essentials,,7,,,,,,,,,,,,,,,,,,,,,,,
respiratory system,respiratory system process,GO:0003016,ventilation,respiratory gaseous exchange by respiratory system,GO:0007585,alveolar stability,,,surfactant production,,,,,,,,,,,,,,,,Active alveolar sodium and fluid clearance keeps the gas exchange surface free of liquid,cell,alveolus,alveolus of lung,UBERON:0002299,pulmonary alveolar type 2 cell,pulmonary alveolar type 2 cell,CL:0002063,,,,does,X uptake,alveolar fluid,,,,,,,,,,ENaC-driven sodium absorption with osmotic water flux keeps the alveolar surface thin and dry,minutes-hours,,intra-organ,arterial PO2,Oxygen [Partial pressure] in Arterial blood,LOINC:2703-7,forced vital capacity,Forced vital capacity [Volume] Respiratory system,LOINC:19870-5,tidal volume,Tidal volume.inspired,LOINC:76221-1,,,,alveolar fluid clearance,,,lung compliance,,,fetal lung maturation,,,,,,West's Respiratory Physiology: The Essentials,,7,,,,,,,,,,,,,,,,,,,,,,,
respiratory system,respiratory system process,GO:0003016,gas exchange,gas transport,GO:0015669,alveolar-capillary diffusion,gas transport,GO:0015669,oxygen transfer,oxygen transport,GO:0015671,,,,,,,,,,,,,"transfer is normally perfusion-limited: equilibration is complete in about 0.25 s of the 0.75 s capillary transit, leaving a threefold reserve",Oxygen diffuses down its partial pressure gradient across the thin alveolar-capillary barrier,cell,alveolus,alveolus of lung,UBERON:0002299,pulmonary alveolar type 1 cell,pulmonary alveolar type 1 cell,CL:0002062,,,,does,transport of X from Y to Z,oxygen,,,alveolar gas,,,pulmonary capillary blood,,,"[80, 100]",units = mmHg arterial PO2; barrier 0.2-0.3 um thick over 50-100 m2; about 250 mL O2 taken up per minute at rest,milliseconds-seconds,,circulatory,arterial PO2,Oxygen [Partial pressure] in Arterial blood,LOINC:2703-7,arterial oxygen saturation,Oxygen saturation in Arterial blood,LOINC:2708-6,hemoglobin,Hemoglobin [Mass/volume] in Blood,LOINC:718-7,,,,cardiovascular system,blood circulation,GO:0008015,ventilation-perfusion matching,,,hemoglobin oxygen binding,oxygen binding,GO:0019825,,,,West's Respiratory Physiology: The Essentials,,3,,,,,,,,,,,,,,,,,,,,,,,
respiratory system,respiratory system process,GO:0003016,gas exchange,gas transport,GO:0015669,alveolar-capillary diffusion,gas transport,GO:0015669,oxygen transfer,oxygen transport,GO:0015671,,,,,,,,,,,,,,,cell,alveolus,alveolus of lung,UBERON:0002299,pulmonary alveolar type 1 cell,pulmonary alveolar type 1 cell,CL:0002062,alveolar oxygen partial pressure,,,increases,transport of X from Y to Z,oxygen,,,alveolar gas,,,pulmonary capillary blood,,,,mixed venous PO2 about 40 mmHg against alveolar 100 mmHg gives the driving gradient,seconds,intra-organ,circulatory,arterial PO2,Oxygen [Partial pressure] in Arterial blood,LOINC:2703-7,arterial oxygen saturation,Oxygen saturation in Arterial blood,LOINC:2708-6,hemoglobin,Hemoglobin [Mass/volume] in Blood,LOINC:718-7,,,,cardiovascular system,blood circulation,GO:0008015,ventilation-perfusion matching,,,hemoglobin oxygen binding,oxygen binding,GO:0019825,,,,West's Respiratory Physiology: The Essentials,,3,,,,,,,,,,,,,,,,,,,,,,,
respiratory system,respiratory system process,GO:0003016,gas exchange,gas transport,GO:0015669,alveolar-capillary diffusion,gas transport,GO:0015669,oxygen transfer,oxygen transport,GO:0015671,,,,,,,,,,,,,,,cell,alveolus,alveolus of lung,UBERON:0002299,pulmonary alveolar type 1 cell,pulmonary alveolar type 1 cell,CL:0002062,alveolar-capillary membrane thickness,,,decreases,transport of X from Y to Z,oxygen,,,alveolar gas,,,pulmonary capillary blood,,,,thickening from fibrosis or oedema slows equilibration; at rest the transit-time reserve usually still prevents hypoxaemia,seconds,intra-organ,circulatory,arterial PO2,Oxygen [Partial pressure] in Arterial blood,LOINC:2703-7,arterial oxygen saturation,Oxygen saturation in Arterial blood,LOINC:2708-6,hemoglobin,Hemoglobin [Mass/volume] in Blood,LOINC:718-7,,,,cardiovascular system,blood circulation,GO:0008015,ventilation-perfusion matching,,,hemoglobin oxygen binding,oxygen binding,GO:0019825,,,,West's Respiratory Physiology: The Essentials,,3,,,,,,,,,,,,,,,,,,,,,,,
respiratory system,respiratory system process,GO:0003016,gas exchange,gas transport,GO:0015669,alveolar-capillary diffusion,gas transport,GO:0015669,oxygen transfer,oxygen transport,GO:0015671,,,,,,,,,,,,,,,cell,alveolus,alveolus of lung,UBERON:0002299,pulmonary alveolar type 1 cell,pulmonary alveolar type 1 cell,CL:0002062,exercise,,,decreases,transport of X from Y to Z,oxygen,,,alveolar gas,,,pulmonary capillary blood,,,,"capillary transit time falls toward 0.25 s, abolishing the diffusion reserve; unmasks diffusion limitation in disease or at altitude",seconds,systemic,circulatory,arterial PO2,Oxygen [Partial pressure] in Arterial blood,LOINC:2703-7,arterial oxygen saturation,Oxygen saturation in Arterial blood,LOINC:2708-6,hemoglobin,Hemoglobin [Mass/volume] in Blood,LOINC:718-7,,,,cardiovascular system,blood circulation,GO:0008015,ventilation-perfusion matching,,,hemoglobin oxygen binding,oxygen binding,GO:0019825,,,,West's Respiratory Physiology: The Essentials,,3,,,,,,,,,,,,,,,,,,,,,,,
respiratory system,respiratory system process,GO:0003016,gas exchange,gas transport,GO:0015669,alveolar-capillary diffusion,gas transport,GO:0015669,oxygen transfer,oxygen transport,GO:0015671,,,,,,,,,,,,,,Carbon dioxide diffuses from capillary blood into alveolar gas for elimination,cell,alveolus,alveolus of lung,UBERON:0002299,pulmonary alveolar type 1 cell,pulmonary alveolar type 1 cell,CL:0002062,,,,does,transport of X from Y to Z,carbon dioxide,,,pulmonary capillary blood,,,alveolar gas,,,,"CO2 is about 20 times more soluble than O2, so its transfer is essentially never diffusion-limited",milliseconds-seconds,,circulatory,arterial PCO2,Carbon dioxide [Partial pressure] in Arterial blood,LOINC:2019-8,arterial pH,pH of Arterial blood,LOINC:2744-1,plasma bicarbonate,Bicarbonate [Moles/volume] in Serum or Plasma,LOINC:1963-8,,,,cardiovascular system,blood circulation,GO:0008015,ventilation-perfusion matching,,,hemoglobin oxygen binding,oxygen binding,GO:0019825,,,,West's Respiratory Physiology: The Essentials,,3,,,,,,,,,,,,,,,,,,,,,,,
respiratory system,respiratory system process,GO:0003016,gas exchange,gas transport,GO:0015669,alveolar-capillary diffusion,gas transport,GO:0015669,oxygen transfer,oxygen transport,GO:0015671,,,,,,,,,,,,,total diffusing capacity has a membrane component and a blood-phase component in series; anaemia lowers the measured value independently of the lung,,organ,lung,lung,UBERON:0002048,lung,,,pulmonary capillary blood volume,,,increases,transport of X from Y to Z,oxygen,,,alveolar gas,,,pulmonary capillary blood,,,,recruitment in exercise raises the blood-phase component of diffusing capacity; DLCO rises with cardiac output,seconds-minutes,circulatory,circulatory,arterial PO2,Oxygen [Partial pressure] in Arterial blood,LOINC:2703-7,arterial oxygen saturation,Oxygen saturation in Arterial blood,LOINC:2708-6,hemoglobin,Hemoglobin [Mass/volume] in Blood,LOINC:718-7,,,,cardiovascular system,blood circulation,GO:0008015,ventilation-perfusion matching,,,hemoglobin oxygen binding,oxygen binding,GO:0019825,,,,West's Respiratory Physiology: The Essentials,,3,,,,,,,,,,,,,,,,,,,,,,,
respiratory system,respiratory system process,GO:0003016,gas exchange,gas transport,GO:0015669,ventilation-perfusion matching,regulation of respiratory gaseous exchange,GO:0043576,regional matching and its failure,,,,,,,,,,,,,,,"ventilation-perfusion inequality is the commonest cause of hypoxaemia; the overall V/Q ratio is about 0.8, falling from roughly 3 at the apex to 0.6 at the base",Matching of regional ventilation to regional perfusion determines overall gas exchange efficiency,organ,lung,lung,UBERON:0002048,lung,,,,,,does,transport of X from Y to Z,oxygen,,,alveolar gas,,,systemic arterial blood,,,"[5, 15]","units = mmHg alveolar-arterial oxygen difference in a young adult, rising with age",seconds,,systemic,arterial PO2,Oxygen [Partial pressure] in Arterial blood,LOINC:2703-7,arterial PCO2,Carbon dioxide [Partial pressure] in Arterial blood,LOINC:2019-8,arterial oxygen saturation,Oxygen saturation in Arterial blood,LOINC:2708-6,,,,hypoxic pulmonary vasoconstriction,vasoconstriction,GO:0042310,brainstem respiratory centres,,,cardiovascular system,blood circulation,GO:0008015,,,,West's Respiratory Physiology: The Essentials,,5,,,,,,,,,,,,,,,,,,,,,,,
respiratory system,respiratory system process,GO:0003016,gas exchange,gas transport,GO:0015669,ventilation-perfusion matching,regulation of respiratory gaseous exchange,GO:0043576,regional matching and its failure,,,,,,,,,,,,,,,,,organ,lung,lung,UBERON:0002048,lung,,,ventilation-perfusion inequality,,,decreases,transport of X from Y to Z,oxygen,,,alveolar gas,,,systemic arterial blood,,,,high V/Q units cannot compensate for low ones because the oxyhaemoglobin curve is flat at high PO2,minutes,intra-organ,systemic,arterial PO2,Oxygen [Partial pressure] in Arterial blood,LOINC:2703-7,arterial PCO2,Carbon dioxide [Partial pressure] in Arterial blood,LOINC:2019-8,arterial oxygen saturation,Oxygen saturation in Arterial blood,LOINC:2708-6,,,,hypoxic pulmonary vasoconstriction,vasoconstriction,GO:0042310,brainstem respiratory centres,,,cardiovascular system,blood circulation,GO:0008015,,,,West's Respiratory Physiology: The Essentials,,5,,,,,,,,,,,,,,,,,,,,,,,
respiratory system,respiratory system process,GO:0003016,gas exchange,gas transport,GO:0015669,ventilation-perfusion matching,regulation of respiratory gaseous exchange,GO:0043576,regional matching and its failure,,,,,,,,,,,,,,,"true shunt is distinguished from V/Q inequality by its failure to correct with 100% oxygen, since shunted blood never contacts alveolar gas",A small fraction of cardiac output bypasses ventilated alveoli and enters systemic blood desaturated,organ,lung,lung,UBERON:0002048,lung,,,,,,does,transport of X from Y to Z,venous blood,,,bronchial and thebesian circulation,,,systemic arterial blood,,,"[2, 3]",units = percent of cardiac output as normal physiological shunt,seconds,,systemic,arterial PO2,Oxygen [Partial pressure] in Arterial blood,LOINC:2703-7,arterial PCO2,Carbon dioxide [Partial pressure] in Arterial blood,LOINC:2019-8,arterial oxygen saturation,Oxygen saturation in Arterial blood,LOINC:2708-6,,,,hypoxic pulmonary vasoconstriction,vasoconstriction,GO:0042310,brainstem respiratory centres,,,cardiovascular system,blood circulation,GO:0008015,,,,West's Respiratory Physiology: The Essentials,,5,,,,,,,,,,,,,,,,,,,,,,,
respiratory system,respiratory system process,GO:0003016,gas exchange,gas transport,GO:0015669,ventilation-perfusion matching,regulation of respiratory gaseous exchange,GO:0043576,regional matching and its failure,,,,,,,,,,,,,,,,,organ,lung,lung,UBERON:0002048,lung,,,alveolar ventilation,,,decreases,transport of X from Y to Z,oxygen,,,alveolar gas,,,systemic arterial blood,,,,"hypoventilation raises PaCO2 and lowers PaO2 with a normal A-a gradient, and corrects readily with supplemental oxygen",minutes,systemic,systemic,arterial PO2,Oxygen [Partial pressure] in Arterial blood,LOINC:2703-7,arterial PCO2,Carbon dioxide [Partial pressure] in Arterial blood,LOINC:2019-8,arterial oxygen saturation,Oxygen saturation in Arterial blood,LOINC:2708-6,,,,hypoxic pulmonary vasoconstriction,vasoconstriction,GO:0042310,brainstem respiratory centres,,,cardiovascular system,blood circulation,GO:0008015,,,,West's Respiratory Physiology: The Essentials,,5,,,,,,,,,,,,,,,,,,,,,,,
respiratory system,respiratory system process,GO:0003016,pulmonary circulation,blood circulation,GO:0008015,pulmonary perfusion,blood circulation,GO:0008015,pulmonary vascular tone and resistance,,,,,,,,,,,,,,,"pulmonary vascular resistance is roughly one tenth of systemic, reflecting thin-walled, highly distensible vessels","The pulmonary circulation carries the whole cardiac output through a low-pressure, low-resistance bed",organ,lung,lung,UBERON:0002048,lung,,,,,,does,transport of X from Y to Z,blood,,,pulmonary artery,,,pulmonary vein,,,"[4, 6]","units = L/min; the entire cardiac output passes through at a mean pulmonary artery pressure of only about 15 mmHg (25/8), with left atrial pressure 5-12",seconds,,circulatory,arterial PO2,Oxygen [Partial pressure] in Arterial blood,LOINC:2703-7,arterial oxygen saturation,Oxygen saturation in Arterial blood,LOINC:2708-6,hemoglobin,Hemoglobin [Mass/volume] in Blood,LOINC:718-7,,,,cardiovascular system,blood circulation,GO:0008015,ventilation-perfusion matching,,,right ventricular afterload,,,,,,West's Respiratory Physiology: The Essentials,,4,,,,,,,,,,,,,,,,,,,,,,,
respiratory system,respiratory system process,GO:0003016,pulmonary circulation,blood circulation,GO:0008015,pulmonary perfusion,blood circulation,GO:0008015,pulmonary vascular tone and resistance,,,,,,,,,,,,,,,this passive fall in resistance is why pulmonary artery pressure barely rises during exercise despite a several-fold increase in flow,,organ,lung vasculature,lung vasculature,UBERON:0000102,lung vasculature,,,pulmonary arterial pressure,,,increases,transport of X from Y to Z,blood,,,pulmonary artery,,,pulmonary vein,,,,recruitment of unperfused capillaries and distension of perfused ones lower resistance as pressure or flow rises,seconds-minutes,circulatory,circulatory,arterial PO2,Oxygen [Partial pressure] in Arterial blood,LOINC:2703-7,arterial oxygen saturation,Oxygen saturation in Arterial blood,LOINC:2708-6,hemoglobin,Hemoglobin [Mass/volume] in Blood,LOINC:718-7,,,,cardiovascular system,blood circulation,GO:0008015,ventilation-perfusion matching,,,right ventricular afterload,,,,,,West's Respiratory Physiology: The Essentials,,4,,,,,,,,,,,,,,,,,,,,,,,
respiratory system,respiratory system process,GO:0003016,pulmonary circulation,blood circulation,GO:0008015,pulmonary perfusion,blood circulation,GO:0008015,pulmonary vascular tone and resistance,,,,,,,,,,,,,,,,,organ,lung vasculature,lung vasculature,UBERON:0000102,lung vasculature,,,alveolar pressure,,,decreases,transport of X from Y to Z,blood,,,pulmonary artery,,,pulmonary vein,,,,"where alveolar pressure exceeds arterial pressure, capillaries collapse and flow ceases, creating alveolar dead space",seconds,intra-organ,circulatory,arterial PO2,Oxygen [Partial pressure] in Arterial blood,LOINC:2703-7,arterial oxygen saturation,Oxygen saturation in Arterial blood,LOINC:2708-6,hemoglobin,Hemoglobin [Mass/volume] in Blood,LOINC:718-7,,,,cardiovascular system,blood circulation,GO:0008015,ventilation-perfusion matching,,,right ventricular afterload,,,,,,West's Respiratory Physiology: The Essentials,,4,,,,,,,,,,,,,,,,,,,,,,,
respiratory system,respiratory system process,GO:0003016,pulmonary circulation,blood circulation,GO:0008015,pulmonary perfusion,blood circulation,GO:0008015,pulmonary vascular tone and resistance,,,,,,,,,,,,,,,,,organ,lung vasculature,lung vasculature,UBERON:0000102,lung vasculature,,,gravity,,,increases,transport of X from Y to Z,blood,,,pulmonary artery,,,dependent lung regions,,,,"the hydrostatic column creates a steep apex-to-base perfusion gradient, steeper than the ventilation gradient",seconds,systemic,circulatory,arterial PO2,Oxygen [Partial pressure] in Arterial blood,LOINC:2703-7,arterial oxygen saturation,Oxygen saturation in Arterial blood,LOINC:2708-6,hemoglobin,Hemoglobin [Mass/volume] in Blood,LOINC:718-7,,,,cardiovascular system,blood circulation,GO:0008015,ventilation-perfusion matching,,,right ventricular afterload,,,,,,West's Respiratory Physiology: The Essentials,,4,,,,,,,,,,,,,,,,,,,,,,,
respiratory system,respiratory system process,GO:0003016,pulmonary circulation,blood circulation,GO:0008015,pulmonary perfusion,blood circulation,GO:0008015,pulmonary vascular tone and resistance,,,,,,,,,,,,,,,,,organ,lung vasculature,lung vasculature,UBERON:0000102,lung vasculature,,,lung volume,,,decreases,transport of X from Y to Z,blood,,,pulmonary artery,,,pulmonary vein,,,,"resistance is minimal near FRC and rises at both extremes, as extra-alveolar vessels narrow at low volume and capillaries are stretched at high volume",seconds,intra-organ,circulatory,arterial PO2,Oxygen [Partial pressure] in Arterial blood,LOINC:2703-7,arterial oxygen saturation,Oxygen saturation in Arterial blood,LOINC:2708-6,hemoglobin,Hemoglobin [Mass/volume] in Blood,LOINC:718-7,,,,cardiovascular system,blood circulation,GO:0008015,ventilation-perfusion matching,,,right ventricular afterload,,,,,,West's Respiratory Physiology: The Essentials,,4,,,,,,,,,,,,,,,,,,,,,,,
respiratory system,respiratory system process,GO:0003016,pulmonary circulation,blood circulation,GO:0008015,pulmonary vasomotor control,vasoconstriction,GO:0042310,hypoxic pulmonary vasoconstriction and mediator tone,,,,,,,,,,,,,,,"hypoxic pulmonary vasoconstriction is the opposite of the systemic response to hypoxia, and diverts blood away from poorly ventilated lung",Pulmonary arteriolar smooth muscle sets local vascular tone and regional blood flow distribution,cell,lung vasculature,lung vasculature,UBERON:0000102,smooth muscle cell,smooth muscle cell,CL:0000192,,,,does,contraction,,,,,,,,,,,resting pulmonary arteriolar tone is low compared with systemic arterioles,seconds-minutes,,intra-organ,arterial PO2,Oxygen [Partial pressure] in Arterial blood,LOINC:2703-7,arterial oxygen saturation,Oxygen saturation in Arterial blood,LOINC:2708-6,,,,,,,ventilation-perfusion matching,,,right ventricular afterload,,,fetal circulation,,,,,,West's Respiratory Physiology: The Essentials,,4,,,,,,,,,,,,,,,,,,,,,,,
respiratory system,respiratory system process,GO:0003016,pulmonary circulation,blood circulation,GO:0008015,pulmonary vasomotor control,vasoconstriction,GO:0042310,hypoxic pulmonary vasoconstriction and mediator tone,,,,,,,,,,,,,,,,,cell,lung vasculature,lung vasculature,UBERON:0000102,smooth muscle cell,smooth muscle cell,CL:0000192,alveolar oxygen partial pressure,,,decreases,contraction X,force,,,,,,,,,,response is steep below an alveolar PO2 of about 70 mmHg; when global rather than regional it produces pulmonary hypertension,seconds-minutes,intra-organ,intra-organ,arterial PO2,Oxygen [Partial pressure] in Arterial blood,LOINC:2703-7,arterial oxygen saturation,Oxygen saturation in Arterial blood,LOINC:2708-6,,,,,,,ventilation-perfusion matching,,,right ventricular afterload,,,fetal circulation,,,,,,West's Respiratory Physiology: The Essentials,,4,,,,,,,,,,,,,,,,,,,,,,,
respiratory system,respiratory system process,GO:0003016,pulmonary circulation,blood circulation,GO:0008015,pulmonary vasomotor control,vasoconstriction,GO:0042310,hypoxic pulmonary vasoconstriction and mediator tone,,,,,,,,,,,,,,,,,cell,lung vasculature,lung vasculature,UBERON:0000102,smooth muscle cell,smooth muscle cell,CL:0000192,endothelin 1,,,increases,contraction X,force,,,,,,,,,,,minutes-hours,paracrine,intra-organ,arterial PO2,Oxygen [Partial pressure] in Arterial blood,LOINC:2703-7,arterial oxygen saturation,Oxygen saturation in Arterial blood,LOINC:2708-6,,,,,,,ventilation-perfusion matching,,,right ventricular afterload,,,fetal circulation,,,,,,West's Respiratory Physiology: The Essentials,,4,,,,,,,,,,,,,,,,,,,,,,,
respiratory system,respiratory system process,GO:0003016,pulmonary circulation,blood circulation,GO:0008015,pulmonary vasomotor control,vasoconstriction,GO:0042310,hypoxic pulmonary vasoconstriction and mediator tone,,,,,,,,,,,,,,,,,cell,lung vasculature,lung vasculature,UBERON:0000102,smooth muscle cell,smooth muscle cell,CL:0000192,thromboxane A2,,,increases,contraction X,force,,,,,,,,,,,minutes,paracrine,intra-organ,arterial PO2,Oxygen [Partial pressure] in Arterial blood,LOINC:2703-7,arterial oxygen saturation,Oxygen saturation in Arterial blood,LOINC:2708-6,,,,,,,ventilation-perfusion matching,,,right ventricular afterload,,,fetal circulation,,,,,,West's Respiratory Physiology: The Essentials,,4,,,,,,,,,,,,,,,,,,,,,,,
respiratory system,respiratory system process,GO:0003016,pulmonary circulation,blood circulation,GO:0008015,pulmonary vasomotor control,vasoconstriction,GO:0042310,hypoxic pulmonary vasoconstriction and mediator tone,,,,,,,,,,,,,,,,,cell,lung vasculature,lung vasculature,UBERON:0000102,smooth muscle cell,smooth muscle cell,CL:0000192,serotonin,,,increases,contraction X,force,,,,,,,,,,,minutes,circulatory,intra-organ,arterial PO2,Oxygen [Partial pressure] in Arterial blood,LOINC:2703-7,arterial oxygen saturation,Oxygen saturation in Arterial blood,LOINC:2708-6,,,,,,,ventilation-perfusion matching,,,right ventricular afterload,,,fetal circulation,,,,,,West's Respiratory Physiology: The Essentials,,4,,,,,,,,,,,,,,,,,,,,,,,
respiratory system,respiratory system process,GO:0003016,pulmonary circulation,blood circulation,GO:0008015,pulmonary vasomotor control,vasoconstriction,GO:0042310,hypoxic pulmonary vasoconstriction and mediator tone,,,,,,,,,,,,,,,,,cell,lung vasculature,lung vasculature,UBERON:0000102,smooth muscle cell,smooth muscle cell,CL:0000192,hydrogen ion,,,increases,contraction X,force,,,,,,,,,,acidaemia potentiates hypoxic vasoconstriction; alkalosis blunts it,minutes,circulatory,intra-organ,arterial PO2,Oxygen [Partial pressure] in Arterial blood,LOINC:2703-7,arterial oxygen saturation,Oxygen saturation in Arterial blood,LOINC:2708-6,,,,,,,ventilation-perfusion matching,,,right ventricular afterload,,,fetal circulation,,,,,,West's Respiratory Physiology: The Essentials,,4,,,,,,,,,,,,,,,,,,,,,,,
respiratory system,respiratory system process,GO:0003016,pulmonary circulation,blood circulation,GO:0008015,pulmonary vasomotor control,vasoconstriction,GO:0042310,hypoxic pulmonary vasoconstriction and mediator tone,,,,,,,,,,,,,,,,,cell,lung vasculature,lung vasculature,UBERON:0000102,smooth muscle cell,smooth muscle cell,CL:0000192,nitric oxide,,,decreases,contraction X,force,,,,,,,,,,"the basis of inhaled nitric oxide therapy, which dilates only ventilated units and so improves matching",seconds-minutes,paracrine,intra-organ,arterial PO2,Oxygen [Partial pressure] in Arterial blood,LOINC:2703-7,arterial oxygen saturation,Oxygen saturation in Arterial blood,LOINC:2708-6,,,,,,,ventilation-perfusion matching,,,right ventricular afterload,,,fetal circulation,,,,,,West's Respiratory Physiology: The Essentials,,4,,,,,,,,,,,,,,,,,,,,,,,
respiratory system,respiratory system process,GO:0003016,pulmonary circulation,blood circulation,GO:0008015,pulmonary vasomotor control,vasoconstriction,GO:0042310,hypoxic pulmonary vasoconstriction and mediator tone,,,,,,,,,,,,,,,,,cell,lung vasculature,lung vasculature,UBERON:0000102,smooth muscle cell,smooth muscle cell,CL:0000192,prostacyclin,,,decreases,contraction X,force,,,,,,,,,,,minutes,paracrine,intra-organ,arterial PO2,Oxygen [Partial pressure] in Arterial blood,LOINC:2703-7,arterial oxygen saturation,Oxygen saturation in Arterial blood,LOINC:2708-6,,,,,,,ventilation-perfusion matching,,,right ventricular afterload,,,fetal circulation,,,,,,West's Respiratory Physiology: The Essentials,,4,,,,,,,,,,,,,,,,,,,,,,,
respiratory system,respiratory system process,GO:0003016,pulmonary circulation,blood circulation,GO:0008015,pulmonary vasomotor control,vasoconstriction,GO:0042310,hypoxic pulmonary vasoconstriction and mediator tone,,,,,,,,,,,,,,,,Pulmonary endothelium releases nitric oxide to maintain vasodilator tone,cell,lung vasculature,lung vasculature,UBERON:0000102,lung endothelial cell,lung endothelial cell,CL:1001567,,,,does,X secretion,nitric oxide,,,,,,,,,,shear-stress and agonist dependent; tonically restrains pulmonary vascular tone,seconds-minutes,,paracrine,arterial PO2,Oxygen [Partial pressure] in Arterial blood,LOINC:2703-7,arterial oxygen saturation,Oxygen saturation in Arterial blood,LOINC:2708-6,,,,,,,ventilation-perfusion matching,,,right ventricular afterload,,,fetal circulation,,,,,,West's Respiratory Physiology: The Essentials,,4,,,,,,,,,,,,,,,,,,,,,,,
respiratory system,respiratory system process,GO:0003016,pulmonary circulation,blood circulation,GO:0008015,pulmonary vasomotor control,vasoconstriction,GO:0042310,hypoxic pulmonary vasoconstriction and mediator tone,,,,,,,,,,,,,,,,Pulmonary endothelium releases endothelin 1 as a long-acting vasoconstrictor,cell,lung vasculature,lung vasculature,UBERON:0000102,lung endothelial cell,lung endothelial cell,CL:1001567,,,,does,X secretion,endothelin 1,,,,,,,,,,"upregulated in pulmonary hypertension, and the target of endothelin receptor antagonists",minutes-hours,,paracrine,arterial PO2,Oxygen [Partial pressure] in Arterial blood,LOINC:2703-7,arterial oxygen saturation,Oxygen saturation in Arterial blood,LOINC:2708-6,,,,,,,ventilation-perfusion matching,,,right ventricular afterload,,,fetal circulation,,,,,,West's Respiratory Physiology: The Essentials,,4,,,,,,,,,,,,,,,,,,,,,,,
respiratory system,respiratory system process,GO:0003016,pulmonary circulation,blood circulation,GO:0008015,alveolar fluid balance,,,transcapillary filtration and clearance,,,,,,,,,,,,,,,"the interstitium around vessels and bronchi acts as a sump, so interstitial oedema precedes alveolar flooding and gas exchange failure",Starling forces across the pulmonary capillary govern net fluid movement into the interstitium,cell,pulmonary capillary,pulmonary capillary,UBERON:0016405,lung endothelial cell,lung endothelial cell,CL:1001567,,,,does,transport of X from Y to Z,fluid,,,pulmonary capillary,,,pulmonary interstitium,,,,net filtration is small and normally balanced by lymphatic removal; capillary hydrostatic pressure is only about 10 mmHg against a plasma oncotic pressure near 25,minutes-hours,,intra-organ,arterial PO2,Oxygen [Partial pressure] in Arterial blood,LOINC:2703-7,arterial oxygen saturation,Oxygen saturation in Arterial blood,LOINC:2708-6,,,,,,,cardiovascular system,blood circulation,GO:0008015,lymphatic drainage,,,alveolar fluid clearance,,,,,,West's Respiratory Physiology: The Essentials,,4,,,,,,,,,,,,,,,,,,,,,,,
respiratory system,respiratory system process,GO:0003016,pulmonary circulation,blood circulation,GO:0008015,alveolar fluid balance,,,transcapillary filtration and clearance,,,,,,,,,,,,,,,,,cell,pulmonary capillary,pulmonary capillary,UBERON:0016405,lung endothelial cell,lung endothelial cell,CL:1001567,pulmonary capillary hydrostatic pressure,,,increases,transport of X from Y to Z,fluid,,,pulmonary capillary,,,pulmonary interstitium,,,,cardiogenic oedema appears as left atrial pressure rises above roughly 20-25 mmHg,minutes-hours,circulatory,intra-organ,arterial PO2,Oxygen [Partial pressure] in Arterial blood,LOINC:2703-7,arterial oxygen saturation,Oxygen saturation in Arterial blood,LOINC:2708-6,,,,,,,cardiovascular system,blood circulation,GO:0008015,lymphatic drainage,,,alveolar fluid clearance,,,,,,West's Respiratory Physiology: The Essentials,,4,,,,,,,,,,,,,,,,,,,,,,,
respiratory system,respiratory system process,GO:0003016,pulmonary circulation,blood circulation,GO:0008015,alveolar fluid balance,,,transcapillary filtration and clearance,,,,,,,,,,,,,,,,,cell,pulmonary capillary,pulmonary capillary,UBERON:0016405,lung endothelial cell,lung endothelial cell,CL:1001567,endothelial permeability,,,increases,transport of X from Y to Z,fluid,,,pulmonary capillary,,,pulmonary interstitium,,,,"inflammatory injury raises permeability, producing oedema at normal filling pressures",hours,paracrine,intra-organ,arterial PO2,Oxygen [Partial pressure] in Arterial blood,LOINC:2703-7,arterial oxygen saturation,Oxygen saturation in Arterial blood,LOINC:2708-6,,,,,,,cardiovascular system,blood circulation,GO:0008015,lymphatic drainage,,,alveolar fluid clearance,,,,,,West's Respiratory Physiology: The Essentials,,4,,,,,,,,,,,,,,,,,,,,,,,
respiratory system,respiratory system process,GO:0003016,pulmonary circulation,blood circulation,GO:0008015,alveolar fluid balance,,,transcapillary filtration and clearance,,,,,,,,,,,,,,,,Pulmonary lymphatics clear filtered interstitial fluid and delay oedema formation,tissue,lung,lung,UBERON:0002048,lymphatic endothelial cell,,,,,,does,transport of X from Y to Z,interstitial fluid,,,pulmonary interstitium,,,thoracic duct,,,,"lymph flow can increase up to tenfold before interstitial fluid accumulates, which buffers slowly rising filling pressures",minutes-hours,,intra-organ,arterial PO2,Oxygen [Partial pressure] in Arterial blood,LOINC:2703-7,arterial oxygen saturation,Oxygen saturation in Arterial blood,LOINC:2708-6,,,,,,,cardiovascular system,blood circulation,GO:0008015,lymphatic drainage,,,alveolar fluid clearance,,,,,,West's Respiratory Physiology: The Essentials,,4,,,,,,,,,,,,,,,,,,,,,,,
respiratory system,respiratory system process,GO:0003016,blood gas transport,gas transport,GO:0015669,oxygen carriage,oxygen transport,GO:0015671,hemoglobin loading and unloading,oxygen binding,GO:0019825,,,,,,,,,,,,,dissolved oxygen alone could supply only a small fraction of resting demand; haemoglobin raises carrying capacity roughly seventyfold,Haemoglobin holds the great majority of blood oxygen in reversible chemical combination,cell,blood,blood,UBERON:0000178,erythrocyte,erythrocyte,CL:0000232,,,,does,X storage,oxygen,,,,,,,,,"[19, 21]","units = mL O2/dL blood; 1.34 mL O2 per g haemoglobin at a haemoglobin of 15 g/dL, plus 0.3 mL/dL dissolved",seconds,,circulatory,arterial oxygen saturation,Oxygen saturation in Arterial blood,LOINC:2708-6,hemoglobin,Hemoglobin [Mass/volume] in Blood,LOINC:718-7,arterial PO2,Oxygen [Partial pressure] in Arterial blood,LOINC:2703-7,arterial pH,pH of Arterial blood,LOINC:2744-1,cardiovascular system,blood circulation,GO:0008015,erythropoiesis,,,tissue metabolism,,,acid-base homeostasis,regulation of pH,GO:0006885,West's Respiratory Physiology: The Essentials,,6,,,,,,,,,,,,,,,,,,,,,,,
respiratory system,respiratory system process,GO:0003016,blood gas transport,gas transport,GO:0015669,oxygen carriage,oxygen transport,GO:0015671,hemoglobin loading and unloading,oxygen binding,GO:0019825,,,,,,,,,,,,,the flat upper portion of the curve means saturation is well defended against falls in alveolar PO2 down to about 60 mmHg,Erythrocytes load oxygen in the pulmonary capillary along the flat upper part of the dissociation curve,cell,blood,blood,UBERON:0000178,erythrocyte,erythrocyte,CL:0000232,,,,does,X uptake,oxygen,,,,,,,,,"[95, 100]",units = percent arterial saturation; cooperative binding across four haem sites gives the sigmoid dissociation curve,seconds,,circulatory,arterial oxygen saturation,Oxygen saturation in Arterial blood,LOINC:2708-6,hemoglobin,Hemoglobin [Mass/volume] in Blood,LOINC:718-7,arterial PO2,Oxygen [Partial pressure] in Arterial blood,LOINC:2703-7,arterial pH,pH of Arterial blood,LOINC:2744-1,cardiovascular system,blood circulation,GO:0008015,erythropoiesis,,,tissue metabolism,,,acid-base homeostasis,regulation of pH,GO:0006885,West's Respiratory Physiology: The Essentials,,6,,,,,,,,,,,,,,,,,,,,,,,
respiratory system,respiratory system process,GO:0003016,blood gas transport,gas transport,GO:0015669,oxygen carriage,oxygen transport,GO:0015671,hemoglobin loading and unloading,oxygen binding,GO:0019825,,,,,,,,,,,,,,Erythrocytes unload oxygen in tissue capillaries along the steep part of the dissociation curve,cell,blood,blood,UBERON:0000178,erythrocyte,erythrocyte,CL:0000232,,,,does,X secretion,oxygen,,,,,,,,,"[25, 29]",units = mmHg P50; the steep portion of the curve permits large oxygen release for small falls in tissue PO2,seconds,,circulatory,arterial oxygen saturation,Oxygen saturation in Arterial blood,LOINC:2708-6,hemoglobin,Hemoglobin [Mass/volume] in Blood,LOINC:718-7,arterial PO2,Oxygen [Partial pressure] in Arterial blood,LOINC:2703-7,arterial pH,pH of Arterial blood,LOINC:2744-1,cardiovascular system,blood circulation,GO:0008015,erythropoiesis,,,tissue metabolism,,,acid-base homeostasis,regulation of pH,GO:0006885,West's Respiratory Physiology: The Essentials,,6,,,,,,,,,,,,,,,,,,,,,,,
respiratory system,respiratory system process,GO:0003016,blood gas transport,gas transport,GO:0015669,oxygen carriage,oxygen transport,GO:0015671,hemoglobin loading and unloading,oxygen binding,GO:0019825,,,,,,,,,,,,,,,cell,blood,blood,UBERON:0000178,erythrocyte,erythrocyte,CL:0000232,hydrogen ion,,,increases,X secretion,oxygen,,,,,,,,,,Bohr effect: acidifying metabolically active tissue shifts the curve right and promotes local unloading,seconds,circulatory,circulatory,arterial oxygen saturation,Oxygen saturation in Arterial blood,LOINC:2708-6,hemoglobin,Hemoglobin [Mass/volume] in Blood,LOINC:718-7,arterial PO2,Oxygen [Partial pressure] in Arterial blood,LOINC:2703-7,arterial pH,pH of Arterial blood,LOINC:2744-1,cardiovascular system,blood circulation,GO:0008015,erythropoiesis,,,tissue metabolism,,,acid-base homeostasis,regulation of pH,GO:0006885,West's Respiratory Physiology: The Essentials,,6,,,,,,,,,,,,,,,,,,,,,,,
respiratory system,respiratory system process,GO:0003016,blood gas transport,gas transport,GO:0015669,oxygen carriage,oxygen transport,GO:0015671,hemoglobin loading and unloading,oxygen binding,GO:0019825,,,,,,,,,,,,,,,cell,blood,blood,UBERON:0000178,erythrocyte,erythrocyte,CL:0000232,carbon dioxide,,,increases,X secretion,oxygen,,,,,,,,,,,seconds,circulatory,circulatory,arterial oxygen saturation,Oxygen saturation in Arterial blood,LOINC:2708-6,hemoglobin,Hemoglobin [Mass/volume] in Blood,LOINC:718-7,arterial PO2,Oxygen [Partial pressure] in Arterial blood,LOINC:2703-7,arterial pH,pH of Arterial blood,LOINC:2744-1,cardiovascular system,blood circulation,GO:0008015,erythropoiesis,,,tissue metabolism,,,acid-base homeostasis,regulation of pH,GO:0006885,West's Respiratory Physiology: The Essentials,,6,,,,,,,,,,,,,,,,,,,,,,,
respiratory system,respiratory system process,GO:0003016,blood gas transport,gas transport,GO:0015669,oxygen carriage,oxygen transport,GO:0015671,hemoglobin loading and unloading,oxygen binding,GO:0019825,,,,,,,,,,,,,,,cell,blood,blood,UBERON:0000178,erythrocyte,erythrocyte,CL:0000232,temperature,,,increases,X secretion,oxygen,,,,,,,,,,"exercising muscle is warm as well as acidic, and both shift the curve in the same helpful direction",seconds-minutes,systemic,circulatory,arterial oxygen saturation,Oxygen saturation in Arterial blood,LOINC:2708-6,hemoglobin,Hemoglobin [Mass/volume] in Blood,LOINC:718-7,arterial PO2,Oxygen [Partial pressure] in Arterial blood,LOINC:2703-7,arterial pH,pH of Arterial blood,LOINC:2744-1,cardiovascular system,blood circulation,GO:0008015,erythropoiesis,,,tissue metabolism,,,acid-base homeostasis,regulation of pH,GO:0006885,West's Respiratory Physiology: The Essentials,,6,,,,,,,,,,,,,,,,,,,,,,,
respiratory system,respiratory system process,GO:0003016,blood gas transport,gas transport,GO:0015669,oxygen carriage,oxygen transport,GO:0015671,hemoglobin loading and unloading,oxygen binding,GO:0019825,,,,,,,,,,,,,,,cell,blood,blood,UBERON:0000178,erythrocyte,erythrocyte,CL:0000232,"2,3-bisphosphoglycerate",,,increases,X secretion,oxygen,,,,,,,,,,rises within hours to days of hypoxia or anaemia; a slow adaptive right shift,hours-days,intra-organ,circulatory,arterial oxygen saturation,Oxygen saturation in Arterial blood,LOINC:2708-6,hemoglobin,Hemoglobin [Mass/volume] in Blood,LOINC:718-7,arterial PO2,Oxygen [Partial pressure] in Arterial blood,LOINC:2703-7,arterial pH,pH of Arterial blood,LOINC:2744-1,cardiovascular system,blood circulation,GO:0008015,erythropoiesis,,,tissue metabolism,,,acid-base homeostasis,regulation of pH,GO:0006885,West's Respiratory Physiology: The Essentials,,6,,,,,,,,,,,,,,,,,,,,,,,
respiratory system,respiratory system process,GO:0003016,blood gas transport,gas transport,GO:0015669,oxygen carriage,oxygen transport,GO:0015671,hemoglobin loading and unloading,oxygen binding,GO:0019825,,,,,,,,,,,,,,,cell,blood,blood,UBERON:0000178,erythrocyte,erythrocyte,CL:0000232,carbon monoxide,,,decreases,X secretion,oxygen,,,,,,,,,,"CO binds haemoglobin about 240 times more avidly than oxygen and also left-shifts the curve, so it both lowers capacity and impairs release",minutes-hours,circulatory,circulatory,arterial oxygen saturation,Oxygen saturation in Arterial blood,LOINC:2708-6,hemoglobin,Hemoglobin [Mass/volume] in Blood,LOINC:718-7,arterial PO2,Oxygen [Partial pressure] in Arterial blood,LOINC:2703-7,arterial pH,pH of Arterial blood,LOINC:2744-1,cardiovascular system,blood circulation,GO:0008015,erythropoiesis,,,tissue metabolism,,,acid-base homeostasis,regulation of pH,GO:0006885,West's Respiratory Physiology: The Essentials,,6,,,,,,,,,,,,,,,,,,,,,,,
respiratory system,respiratory system process,GO:0003016,blood gas transport,gas transport,GO:0015669,oxygen carriage,oxygen transport,GO:0015671,hemoglobin loading and unloading,oxygen binding,GO:0019825,,,,,,,,,,,,,,,cell,blood,blood,UBERON:0000178,erythrocyte,erythrocyte,CL:0000232,methaemoglobin,,,decreases,X storage,oxygen,,,,,,,,,,oxidation of haem iron to the ferric state abolishes oxygen binding at the affected sites,minutes-hours,circulatory,circulatory,arterial oxygen saturation,Oxygen saturation in Arterial blood,LOINC:2708-6,hemoglobin,Hemoglobin [Mass/volume] in Blood,LOINC:718-7,arterial PO2,Oxygen [Partial pressure] in Arterial blood,LOINC:2703-7,arterial pH,pH of Arterial blood,LOINC:2744-1,cardiovascular system,blood circulation,GO:0008015,erythropoiesis,,,tissue metabolism,,,acid-base homeostasis,regulation of pH,GO:0006885,West's Respiratory Physiology: The Essentials,,6,,,,,,,,,,,,,,,,,,,,,,,
respiratory system,respiratory system process,GO:0003016,blood gas transport,gas transport,GO:0015669,oxygen carriage,oxygen transport,GO:0015671,hemoglobin loading and unloading,oxygen binding,GO:0019825,,,,,,,,,,,,,,,cell,blood,blood,UBERON:0000178,erythrocyte,erythrocyte,CL:0000232,fetal hemoglobin,,,decreases,X secretion,oxygen,,,,,,,,,,"HbF has a P50 near 19 mmHg, which favours placental oxygen extraction from maternal blood",seconds,circulatory,circulatory,arterial oxygen saturation,Oxygen saturation in Arterial blood,LOINC:2708-6,hemoglobin,Hemoglobin [Mass/volume] in Blood,LOINC:718-7,arterial PO2,Oxygen [Partial pressure] in Arterial blood,LOINC:2703-7,arterial pH,pH of Arterial blood,LOINC:2744-1,cardiovascular system,blood circulation,GO:0008015,erythropoiesis,,,tissue metabolism,,,acid-base homeostasis,regulation of pH,GO:0006885,West's Respiratory Physiology: The Essentials,,6,,,,,,,,,,,,,,,,,,,,,,,
respiratory system,respiratory system process,GO:0003016,blood gas transport,gas transport,GO:0015669,carbon dioxide carriage,carbon dioxide transport,GO:0015670,"bicarbonate, carbamino and dissolved forms",,,,,,,,,,,,,,,"plasma lacks carbonic anhydrase, so the hydration reaction that makes bicarbonate transport possible happens almost entirely inside the red cell","Erythrocyte carbonic anhydrase hydrates CO2 to carbonic acid, which dissociates to bicarbonate and a proton",cell,blood,blood,UBERON:0000178,erythrocyte,erythrocyte,CL:0000232,,,,does,X conversion to Y,carbon dioxide,,,bicarbonate,,,,,,"[22, 26]","units = mmol/L plasma bicarbonate; about 70% of transported CO2 travels as bicarbonate, generated by erythrocyte carbonic anhydrase",seconds,,circulatory,arterial PCO2,Carbon dioxide [Partial pressure] in Arterial blood,LOINC:2019-8,plasma bicarbonate,Bicarbonate [Moles/volume] in Serum or Plasma,LOINC:1963-8,arterial pH,pH of Arterial blood,LOINC:2744-1,,,,acid-base homeostasis,regulation of pH,GO:0006885,renal acid-base compensation,,,hemoglobin oxygen binding,oxygen binding,GO:0019825,,,,West's Respiratory Physiology: The Essentials,,6,,,,,,,,,,,,,,,,,,,,,,,
respiratory system,respiratory system process,GO:0003016,blood gas transport,gas transport,GO:0015669,carbon dioxide carriage,carbon dioxide transport,GO:0015670,"bicarbonate, carbamino and dissolved forms",,,,,,,,,,,,,,,,Band 3 anion exchange moves newly formed bicarbonate into plasma in exchange for chloride,cell,blood,blood,UBERON:0000178,erythrocyte,erythrocyte,CL:0000232,,,,does,transport of X from Y to Z,bicarbonate,,,erythrocyte,,,plasma,,,,"the chloride shift exchanges bicarbonate outward for chloride inward, preserving electroneutrality and expanding the effective carrying pool",seconds,,circulatory,arterial PCO2,Carbon dioxide [Partial pressure] in Arterial blood,LOINC:2019-8,plasma bicarbonate,Bicarbonate [Moles/volume] in Serum or Plasma,LOINC:1963-8,arterial pH,pH of Arterial blood,LOINC:2744-1,,,,acid-base homeostasis,regulation of pH,GO:0006885,renal acid-base compensation,,,hemoglobin oxygen binding,oxygen binding,GO:0019825,,,,West's Respiratory Physiology: The Essentials,,6,,,,,,,,,,,,,,,,,,,,,,,
respiratory system,respiratory system process,GO:0003016,blood gas transport,gas transport,GO:0015669,carbon dioxide carriage,carbon dioxide transport,GO:0015670,"bicarbonate, carbamino and dissolved forms",,,,,,,,,,,,,,,,Carbon dioxide binds directly to haemoglobin as carbamino compounds,cell,blood,blood,UBERON:0000178,erythrocyte,erythrocyte,CL:0000232,,,,does,X uptake,carbon dioxide,,,,,,,,,,carbamino compounds on the terminal amino groups of globin carry about 20-25% of transported CO2,seconds,,circulatory,arterial PCO2,Carbon dioxide [Partial pressure] in Arterial blood,LOINC:2019-8,plasma bicarbonate,Bicarbonate [Moles/volume] in Serum or Plasma,LOINC:1963-8,arterial pH,pH of Arterial blood,LOINC:2744-1,,,,acid-base homeostasis,regulation of pH,GO:0006885,renal acid-base compensation,,,hemoglobin oxygen binding,oxygen binding,GO:0019825,,,,West's Respiratory Physiology: The Essentials,,6,,,,,,,,,,,,,,,,,,,,,,,
respiratory system,respiratory system process,GO:0003016,blood gas transport,gas transport,GO:0015669,carbon dioxide carriage,carbon dioxide transport,GO:0015670,"bicarbonate, carbamino and dissolved forms",,,,,,,,,,,,,,,,,cell,blood,blood,UBERON:0000178,erythrocyte,erythrocyte,CL:0000232,deoxyhemoglobin,,,increases,X uptake,carbon dioxide,,,,,,,,,,"Haldane effect: deoxygenated haemoglobin binds more CO2 and buffers more protons, so venous blood carries CO2 better than arterial blood would",seconds,circulatory,circulatory,arterial PCO2,Carbon dioxide [Partial pressure] in Arterial blood,LOINC:2019-8,plasma bicarbonate,Bicarbonate [Moles/volume] in Serum or Plasma,LOINC:1963-8,arterial pH,pH of Arterial blood,LOINC:2744-1,,,,acid-base homeostasis,regulation of pH,GO:0006885,renal acid-base compensation,,,hemoglobin oxygen binding,oxygen binding,GO:0019825,,,,West's Respiratory Physiology: The Essentials,,6,,,,,,,,,,,,,,,,,,,,,,,
respiratory system,respiratory system process,GO:0003016,blood gas transport,gas transport,GO:0015669,carbon dioxide carriage,carbon dioxide transport,GO:0015670,"bicarbonate, carbamino and dissolved forms",,,,,,,,,,,,,,,,,cell,blood,blood,UBERON:0000178,erythrocyte,erythrocyte,CL:0000232,oxyhemoglobin,,,decreases,X uptake,carbon dioxide,,,,,,,,,,"oxygenation in the lung promotes CO2 release, the same effect running in reverse",seconds,circulatory,circulatory,arterial PCO2,Carbon dioxide [Partial pressure] in Arterial blood,LOINC:2019-8,plasma bicarbonate,Bicarbonate [Moles/volume] in Serum or Plasma,LOINC:1963-8,arterial pH,pH of Arterial blood,LOINC:2744-1,,,,acid-base homeostasis,regulation of pH,GO:0006885,renal acid-base compensation,,,hemoglobin oxygen binding,oxygen binding,GO:0019825,,,,West's Respiratory Physiology: The Essentials,,6,,,,,,,,,,,,,,,,,,,,,,,
respiratory system,respiratory system process,GO:0003016,blood gas transport,gas transport,GO:0015669,carbon dioxide carriage,carbon dioxide transport,GO:0015670,"bicarbonate, carbamino and dissolved forms",,,,,,,,,,,,,,,the near-linear CO2 curve is why increased ventilation can correct PaCO2 in V/Q inequality even though it cannot correct PaO2,"In the lung the carbonic anhydrase reaction runs backward, regenerating CO2 for excretion",organ,lung,lung,UBERON:0002048,lung,,,,,,does,X conversion to Y,bicarbonate,,,carbon dioxide,,,,,,,"the reaction reverses in the pulmonary capillary as CO2 is blown off; the CO2 dissociation curve is nearly linear over the physiological range, unlike that for oxygen",seconds,,circulatory,arterial PCO2,Carbon dioxide [Partial pressure] in Arterial blood,LOINC:2019-8,plasma bicarbonate,Bicarbonate [Moles/volume] in Serum or Plasma,LOINC:1963-8,arterial pH,pH of Arterial blood,LOINC:2744-1,,,,acid-base homeostasis,regulation of pH,GO:0006885,renal acid-base compensation,,,hemoglobin oxygen binding,oxygen binding,GO:0019825,,,,West's Respiratory Physiology: The Essentials,,6,,,,,,,,,,,,,,,,,,,,,,,
respiratory system,respiratory system process,GO:0003016,control of breathing,regulation of respiratory gaseous exchange,GO:0043576,chemoreflex control,regulation of respiratory gaseous exchange,GO:0043576,central and peripheral chemoreception,,,,,,,,,,,,,,,"central chemoreceptors in the ventral medulla respond to CSF hydrogen ion; CO2 crosses the blood-brain barrier freely while H+ and bicarbonate do not, which is why CO2 rather than plasma pH is the proximate stimulus",Rising arterial CO2 stimulates ventilation through medullary chemoreception of CSF acidity,organ system,lung,lung,UBERON:0002048,respiratory system,,,arterial carbon dioxide partial pressure,,,increases,transport of X from Y to Z,air,,,atmosphere,,,alveolus,,,"[2, 3]",units = L/min increase in ventilation per mmHg rise in PaCO2; the dominant minute-to-minute drive to breathe,seconds-minutes,circulatory,systemic,arterial PCO2,Carbon dioxide [Partial pressure] in Arterial blood,LOINC:2019-8,arterial PO2,Oxygen [Partial pressure] in Arterial blood,LOINC:2703-7,arterial pH,pH of Arterial blood,LOINC:2744-1,respiratory rate,Respiratory rate,LOINC:9279-1,brainstem respiratory centres,,,acid-base homeostasis,regulation of pH,GO:0006885,renal acid-base compensation,,,cerebral blood flow,,,West's Respiratory Physiology: The Essentials,,8,,,,,,,,,,,,,,,,,,,,,,,
respiratory system,respiratory system process,GO:0003016,control of breathing,regulation of respiratory gaseous exchange,GO:0043576,chemoreflex control,regulation of respiratory gaseous exchange,GO:0043576,central and peripheral chemoreception,,,,,,,,,,,,,,,,,organ system,lung,lung,UBERON:0002048,respiratory system,,,arterial oxygen partial pressure,,,decreases,transport of X from Y to Z,air,,,atmosphere,,,alveolus,,,,"the hypoxic drive is weak until PaO2 falls below about 60 mmHg, then rises steeply",seconds-minutes,circulatory,systemic,arterial PCO2,Carbon dioxide [Partial pressure] in Arterial blood,LOINC:2019-8,arterial PO2,Oxygen [Partial pressure] in Arterial blood,LOINC:2703-7,arterial pH,pH of Arterial blood,LOINC:2744-1,respiratory rate,Respiratory rate,LOINC:9279-1,brainstem respiratory centres,,,acid-base homeostasis,regulation of pH,GO:0006885,renal acid-base compensation,,,cerebral blood flow,,,West's Respiratory Physiology: The Essentials,,8,,,,,,,,,,,,,,,,,,,,,,,
respiratory system,respiratory system process,GO:0003016,control of breathing,regulation of respiratory gaseous exchange,GO:0043576,chemoreflex control,regulation of respiratory gaseous exchange,GO:0043576,central and peripheral chemoreception,,,,,,,,,,,,,,,,,organ system,lung,lung,UBERON:0002048,respiratory system,,,arterial pH,,,decreases,transport of X from Y to Z,air,,,atmosphere,,,alveolus,,,,"metabolic acidosis drives ventilation through the peripheral chemoreceptors, producing respiratory compensation",minutes-hours,circulatory,systemic,arterial PCO2,Carbon dioxide [Partial pressure] in Arterial blood,LOINC:2019-8,arterial PO2,Oxygen [Partial pressure] in Arterial blood,LOINC:2703-7,arterial pH,pH of Arterial blood,LOINC:2744-1,respiratory rate,Respiratory rate,LOINC:9279-1,brainstem respiratory centres,,,acid-base homeostasis,regulation of pH,GO:0006885,renal acid-base compensation,,,cerebral blood flow,,,West's Respiratory Physiology: The Essentials,,8,,,,,,,,,,,,,,,,,,,,,,,
respiratory system,respiratory system process,GO:0003016,control of breathing,regulation of respiratory gaseous exchange,GO:0043576,chemoreflex control,regulation of respiratory gaseous exchange,GO:0043576,central and peripheral chemoreception,,,,,,,,,,,,,,,,,organ system,lung,lung,UBERON:0002048,respiratory system,,,chronic hypoxia,,,increases,transport of X from Y to Z,air,,,atmosphere,,,alveolus,,,,ventilatory acclimatisation develops over hours to days as CSF bicarbonate falls and restores central chemoreceptor sensitivity,hours-days,systemic,systemic,arterial PCO2,Carbon dioxide [Partial pressure] in Arterial blood,LOINC:2019-8,arterial PO2,Oxygen [Partial pressure] in Arterial blood,LOINC:2703-7,arterial pH,pH of Arterial blood,LOINC:2744-1,respiratory rate,Respiratory rate,LOINC:9279-1,brainstem respiratory centres,,,acid-base homeostasis,regulation of pH,GO:0006885,renal acid-base compensation,,,cerebral blood flow,,,West's Respiratory Physiology: The Essentials,,8,,,,,,,,,,,,,,,,,,,,,,,
respiratory system,respiratory system process,GO:0003016,control of breathing,regulation of respiratory gaseous exchange,GO:0043576,chemoreflex control,regulation of respiratory gaseous exchange,GO:0043576,central and peripheral chemoreception,,,,,,,,,,,,,,,"the carotid body has the highest blood flow per gram of any tissue, so it samples arterial rather than local metabolic conditions",Carotid body glomus cells transduce arterial blood gas composition into afferent nerve traffic,cell,carotid body,carotid body,UBERON:0001256,glomus cell,type I cell of carotid body,CL:0002292,,,,does,X secretion,neurotransmitter,,,,,,,,,,ATP and dopamine release onto carotid sinus nerve afferents; the carotid bodies are the sole significant sensor of arterial hypoxaemia,seconds,,paracrine,arterial PCO2,Carbon dioxide [Partial pressure] in Arterial blood,LOINC:2019-8,arterial PO2,Oxygen [Partial pressure] in Arterial blood,LOINC:2703-7,arterial pH,pH of Arterial blood,LOINC:2744-1,respiratory rate,Respiratory rate,LOINC:9279-1,brainstem respiratory centres,,,acid-base homeostasis,regulation of pH,GO:0006885,renal acid-base compensation,,,cerebral blood flow,,,West's Respiratory Physiology: The Essentials,,8,,,,,,,,,,,,,,,,,,,,,,,
respiratory system,respiratory system process,GO:0003016,control of breathing,regulation of respiratory gaseous exchange,GO:0043576,chemoreflex control,regulation of respiratory gaseous exchange,GO:0043576,central and peripheral chemoreception,,,,,,,,,,,,,,,,,cell,carotid body,carotid body,UBERON:0001256,glomus cell,type I cell of carotid body,CL:0002292,arterial oxygen partial pressure,,,decreases,X secretion,neurotransmitter,,,,,,,,,,oxygen-sensitive potassium channel inhibition depolarises the cell; firing rises steeply below a PaO2 of 60 mmHg,seconds,circulatory,paracrine,arterial PCO2,Carbon dioxide [Partial pressure] in Arterial blood,LOINC:2019-8,arterial PO2,Oxygen [Partial pressure] in Arterial blood,LOINC:2703-7,arterial pH,pH of Arterial blood,LOINC:2744-1,respiratory rate,Respiratory rate,LOINC:9279-1,brainstem respiratory centres,,,acid-base homeostasis,regulation of pH,GO:0006885,renal acid-base compensation,,,cerebral blood flow,,,West's Respiratory Physiology: The Essentials,,8,,,,,,,,,,,,,,,,,,,,,,,
respiratory system,respiratory system process,GO:0003016,control of breathing,regulation of respiratory gaseous exchange,GO:0043576,chemoreflex control,regulation of respiratory gaseous exchange,GO:0043576,central and peripheral chemoreception,,,,,,,,,,,,,,,,,cell,carotid body,carotid body,UBERON:0001256,glomus cell,type I cell of carotid body,CL:0002292,arterial carbon dioxide partial pressure,,,increases,X secretion,neurotransmitter,,,,,,,,,,"accounts for roughly 20% of the total ventilatory response to CO2, with faster onset than the central response",seconds,circulatory,paracrine,arterial PCO2,Carbon dioxide [Partial pressure] in Arterial blood,LOINC:2019-8,arterial PO2,Oxygen [Partial pressure] in Arterial blood,LOINC:2703-7,arterial pH,pH of Arterial blood,LOINC:2744-1,respiratory rate,Respiratory rate,LOINC:9279-1,brainstem respiratory centres,,,acid-base homeostasis,regulation of pH,GO:0006885,renal acid-base compensation,,,cerebral blood flow,,,West's Respiratory Physiology: The Essentials,,8,,,,,,,,,,,,,,,,,,,,,,,
respiratory system,respiratory system process,GO:0003016,control of breathing,regulation of respiratory gaseous exchange,GO:0043576,chemoreflex control,regulation of respiratory gaseous exchange,GO:0043576,central and peripheral chemoreception,,,,,,,,,,,,,,,,,cell,carotid body,carotid body,UBERON:0001256,glomus cell,type I cell of carotid body,CL:0002292,hydrogen ion,,,increases,X secretion,neurotransmitter,,,,,,,,,,hypoxia and acidosis potentiate one another rather than simply summing,seconds,circulatory,paracrine,arterial PCO2,Carbon dioxide [Partial pressure] in Arterial blood,LOINC:2019-8,arterial PO2,Oxygen [Partial pressure] in Arterial blood,LOINC:2703-7,arterial pH,pH of Arterial blood,LOINC:2744-1,respiratory rate,Respiratory rate,LOINC:9279-1,brainstem respiratory centres,,,acid-base homeostasis,regulation of pH,GO:0006885,renal acid-base compensation,,,cerebral blood flow,,,West's Respiratory Physiology: The Essentials,,8,,,,,,,,,,,,,,,,,,,,,,,
respiratory system,respiratory system process,GO:0003016,control of breathing,regulation of respiratory gaseous exchange,GO:0043576,reflex and behavioural control,regulation of respiratory gaseous exchange by nervous system process,GO:0002087,mechanoreceptor and higher control,,,,,,,,,,,,,,,the reflex is prominent in neonates and during mechanical ventilation with large tidal volumes,Vagal stretch receptor feedback terminates inspiration when the lung is sufficiently inflated,organ system,lung,lung,UBERON:0002048,respiratory system,,,lung inflation,,,decreases,transport of X from Y to Z,air,,,atmosphere,,,alveolus,,,,"Hering-Breuer inflation reflex, carried by slowly adapting vagal stretch receptors; in adults it is largely quiescent below tidal volumes of about 1 L",seconds,intra-organ,systemic,tidal volume,Tidal volume.inspired,LOINC:76221-1,respiratory rate,Respiratory rate,LOINC:9279-1,airway resistance,Airway resistance,LOINC:75946-4,,,,brainstem respiratory centres,,,vagal afferents,,,cerebral cortex,,,,,,West's Respiratory Physiology: The Essentials,,8,,,,,,,,,,,,,,,,,,,,,,,
respiratory system,respiratory system process,GO:0003016,control of breathing,regulation of respiratory gaseous exchange,GO:0043576,reflex and behavioural control,regulation of respiratory gaseous exchange by nervous system process,GO:0002087,mechanoreceptor and higher control,,,,,,,,,,,,,,,rapidly adapting irritant receptors also trigger reflex bronchoconstriction and mucus secretion,"Irritant receptor activation triggers the cough reflex, expelling airway contents",organ,bronchus,bronchus,UBERON:0002185,bronchus,,,airway irritant,,,increases,X export,airway contents,,,,,,,,,,"cough: deep inspiration, glottic closure against a forced expiratory effort, then explosive release at flows approaching 10 L/s",seconds,intra-organ,intra-organ,tidal volume,Tidal volume.inspired,LOINC:76221-1,respiratory rate,Respiratory rate,LOINC:9279-1,airway resistance,Airway resistance,LOINC:75946-4,,,,brainstem respiratory centres,,,vagal afferents,,,cerebral cortex,,,,,,West's Respiratory Physiology: The Essentials,,8,,,,,,,,,,,,,,,,,,,,,,,
respiratory system,respiratory system process,GO:0003016,control of breathing,regulation of respiratory gaseous exchange,GO:0043576,reflex and behavioural control,regulation of respiratory gaseous exchange by nervous system process,GO:0002087,mechanoreceptor and higher control,,,,,,,,,,,,,,,,,cell,bronchus,bronchus,UBERON:0002185,smooth muscle cell,smooth muscle cell,CL:0000192,airway irritant,,,increases,contraction X,force,,,,,,,,,,"reflex bronchoconstriction accompanies cough on exposure to smoke, cold air or noxious gases",seconds,intra-organ,intra-organ,tidal volume,Tidal volume.inspired,LOINC:76221-1,respiratory rate,Respiratory rate,LOINC:9279-1,airway resistance,Airway resistance,LOINC:75946-4,,,,brainstem respiratory centres,,,vagal afferents,,,cerebral cortex,,,,,,West's Respiratory Physiology: The Essentials,,8,,,,,,,,,,,,,,,,,,,,,,,
respiratory system,respiratory system process,GO:0003016,control of breathing,regulation of respiratory gaseous exchange,GO:0043576,reflex and behavioural control,regulation of respiratory gaseous exchange by nervous system process,GO:0002087,mechanoreceptor and higher control,,,,,,,,,,,,,,,,,cell,diaphragm,diaphragm,UBERON:0001103,skeletal muscle fiber,,,pulmonary interstitial congestion,,,increases,contraction X,frequency,,,,,,,,,,juxtacapillary J receptor activation produces the rapid shallow breathing of pulmonary oedema and interstitial disease,seconds,intra-organ,systemic,tidal volume,Tidal volume.inspired,LOINC:76221-1,respiratory rate,Respiratory rate,LOINC:9279-1,airway resistance,Airway resistance,LOINC:75946-4,,,,brainstem respiratory centres,,,vagal afferents,,,cerebral cortex,,,,,,West's Respiratory Physiology: The Essentials,,8,,,,,,,,,,,,,,,,,,,,,,,
respiratory system,respiratory system process,GO:0003016,control of breathing,regulation of respiratory gaseous exchange,GO:0043576,reflex and behavioural control,regulation of respiratory gaseous exchange by nervous system process,GO:0002087,mechanoreceptor and higher control,,,,,,,,,,,,,,,"the exercise hyperpnoea is faster in onset than any measured change in arterial blood gases, implicating central command and limb mechanoreceptor feedback",Exercise raises ventilation in near-exact proportion to CO2 production,organ system,lung,lung,UBERON:0002048,respiratory system,,,exercise,,,increases,transport of X from Y to Z,air,,,atmosphere,,,alveolus,,,,"ventilation rises from 6-8 L/min at rest to over 100 L/min in heavy exercise, yet PaCO2 stays near normal until the anaerobic threshold",seconds-minutes,systemic,systemic,tidal volume,Tidal volume.inspired,LOINC:76221-1,respiratory rate,Respiratory rate,LOINC:9279-1,airway resistance,Airway resistance,LOINC:75946-4,,,,brainstem respiratory centres,,,vagal afferents,,,cerebral cortex,,,,,,West's Respiratory Physiology: The Essentials,,8,,,,,,,,,,,,,,,,,,,,,,,
respiratory system,respiratory system process,GO:0003016,control of breathing,regulation of respiratory gaseous exchange,GO:0043576,reflex and behavioural control,regulation of respiratory gaseous exchange by nervous system process,GO:0002087,mechanoreceptor and higher control,,,,,,,,,,,,,,,,,organ system,lung,lung,UBERON:0002048,respiratory system,,,voluntary cortical drive,,,increases,transport of X from Y to Z,air,,,atmosphere,,,alveolus,,,,"cortical pathways bypass the brainstem; breath-holding is limited by rising PCO2 and falling PO2, giving a break point near a PaCO2 of 50 mmHg",seconds-minutes,systemic,systemic,tidal volume,Tidal volume.inspired,LOINC:76221-1,respiratory rate,Respiratory rate,LOINC:9279-1,airway resistance,Airway resistance,LOINC:75946-4,,,,brainstem respiratory centres,,,vagal afferents,,,cerebral cortex,,,,,,West's Respiratory Physiology: The Essentials,,8,,,,,,,,,,,,,,,,,,,,,,,
respiratory system,respiratory system process,GO:0003016,control of breathing,regulation of respiratory gaseous exchange,GO:0043576,reflex and behavioural control,regulation of respiratory gaseous exchange by nervous system process,GO:0002087,mechanoreceptor and higher control,,,,,,,,,,,,,,,,,organ system,lung,lung,UBERON:0002048,respiratory system,,,body temperature,,,increases,transport of X from Y to Z,air,,,atmosphere,,,alveolus,,,,fever and hyperthermia stimulate ventilation through hypothalamic pathways,minutes-hours,systemic,systemic,tidal volume,Tidal volume.inspired,LOINC:76221-1,respiratory rate,Respiratory rate,LOINC:9279-1,airway resistance,Airway resistance,LOINC:75946-4,,,,brainstem respiratory centres,,,vagal afferents,,,cerebral cortex,,,,,,West's Respiratory Physiology: The Essentials,,8,,,,,,,,,,,,,,,,,,,,,,,
respiratory system,respiratory system process,GO:0003016,control of breathing,regulation of respiratory gaseous exchange,GO:0043576,state-dependent control,sleep,GO:0030431,ventilation during sleep,,,,,,,,,,,,,,,"voluntary and behavioural control are lost in sleep, leaving ventilation dependent on chemoreflexes alone",Sleep withdraws the wakefulness drive to breathe and blunts chemoreceptor responsiveness,organ system,lung,lung,UBERON:0002048,respiratory system,,,sleep,,,decreases,transport of X from Y to Z,air,,,atmosphere,,,alveolus,,,,PaCO2 rises by 2-8 mmHg in normal sleep as the wakefulness drive is withdrawn and chemoreflex sensitivity falls,minutes-hours,systemic,systemic,arterial PCO2,Carbon dioxide [Partial pressure] in Arterial blood,LOINC:2019-8,arterial oxygen saturation,Oxygen saturation in Arterial blood,LOINC:2708-6,respiratory rate,Respiratory rate,LOINC:9279-1,,,,brainstem respiratory centres,,,upper airway patency,,,cardiovascular consequences,,,,,,West's Respiratory Physiology: The Essentials,,8,,,,,,,,,,,,,,,,,,,,,,,
respiratory system,respiratory system process,GO:0003016,control of breathing,regulation of respiratory gaseous exchange,GO:0043576,state-dependent control,sleep,GO:0030431,ventilation during sleep,,,,,,,,,,,,,,,,,cell,trachea,trachea,UBERON:0003126,upper airway dilator muscle cell,,,sleep,,,decreases,contraction X,force,,,,,,,,,,"loss of genioglossus and other pharyngeal dilator tone permits collapse during inspiration, the basis of obstructive sleep apnoea",seconds,systemic,intra-organ,arterial PCO2,Carbon dioxide [Partial pressure] in Arterial blood,LOINC:2019-8,arterial oxygen saturation,Oxygen saturation in Arterial blood,LOINC:2708-6,respiratory rate,Respiratory rate,LOINC:9279-1,,,,brainstem respiratory centres,,,upper airway patency,,,cardiovascular consequences,,,,,,West's Respiratory Physiology: The Essentials,,8,,,,,,,,,,,,,,,,,,,,,,,
respiratory system,respiratory system process,GO:0003016,control of breathing,regulation of respiratory gaseous exchange,GO:0043576,state-dependent control,sleep,GO:0030431,ventilation during sleep,,,,,,,,,,,,,,,"periodic breathing is an instability of a negative feedback loop, not a failure of any single component",,organ system,lung,lung,UBERON:0002048,respiratory system,,,circulatory delay,,,increases,contraction X,frequency,,,,,,,,,,long circulation time and high chemoreflex gain generate the crescendo-decrescendo cycles of Cheyne-Stokes respiration,minutes,systemic,systemic,arterial PCO2,Carbon dioxide [Partial pressure] in Arterial blood,LOINC:2019-8,arterial oxygen saturation,Oxygen saturation in Arterial blood,LOINC:2708-6,respiratory rate,Respiratory rate,LOINC:9279-1,,,,brainstem respiratory centres,,,upper airway patency,,,cardiovascular consequences,,,,,,West's Respiratory Physiology: The Essentials,,8,,,,,,,,,,,,,,,,,,,,,,,
respiratory system,respiratory system process,GO:0003016,airway defense and clearance,,,mucociliary clearance,,,airway secretion and transport,,,,,,,,,,,,,,,,Airway epithelium conditions inspired air to body temperature and full saturation,cell,trachea,trachea,UBERON:0003126,airway epithelial cell,,,,,,does,X secretion,water,,,,,,,,,,the nose and upper airway warm inspired air to 37 C and saturate it to 100% relative humidity before it reaches the alveoli,seconds,,intra-organ,forced vital capacity,Forced vital capacity [Volume] Respiratory system,LOINC:19870-5,airway resistance,Airway resistance,LOINC:75946-4,,,,,,,innate immune response,,,cough reflex,,,autonomic nervous system,,,,,,West's Respiratory Physiology: The Essentials,,,,,,,,,,,,,,,,,,,,,,,,,
respiratory system,respiratory system process,GO:0003016,airway defense and clearance,,,mucociliary clearance,,,airway secretion and transport,,,,,,,,,,,,,,,,Goblet cells and submucosal glands secrete the mucus gel that traps inhaled particles,cell,bronchus,bronchus,UBERON:0002185,goblet cell,goblet cell,CL:0000160,,,,does,X secretion,mucin,,,,,,,,,,airway surface liquid comprises a watery periciliary layer beneath a mucus gel; total airway secretion is roughly 10-100 mL/day,minutes-hours,,intra-organ,forced vital capacity,Forced vital capacity [Volume] Respiratory system,LOINC:19870-5,airway resistance,Airway resistance,LOINC:75946-4,,,,,,,innate immune response,,,cough reflex,,,autonomic nervous system,,,,,,West's Respiratory Physiology: The Essentials,,,,,,,,,,,,,,,,,,,,,,,,,
respiratory system,respiratory system process,GO:0003016,airway defense and clearance,,,mucociliary clearance,,,airway secretion and transport,,,,,,,,,,,,,,,,,cell,bronchus,bronchus,UBERON:0002185,goblet cell,goblet cell,CL:0000160,airway irritant,,,increases,X secretion,mucin,,,,,,,,,,chronic irritant exposure produces goblet cell hyperplasia and the sputum production of chronic bronchitis,hours-days,intra-organ,intra-organ,forced vital capacity,Forced vital capacity [Volume] Respiratory system,LOINC:19870-5,airway resistance,Airway resistance,LOINC:75946-4,,,,,,,innate immune response,,,cough reflex,,,autonomic nervous system,,,,,,West's Respiratory Physiology: The Essentials,,,,,,,,,,,,,,,,,,,,,,,,,
respiratory system,respiratory system process,GO:0003016,airway defense and clearance,,,mucociliary clearance,,,airway secretion and transport,,,,,,,,,,,,,,,the mucociliary escalator clears particles of about 2-10 um deposited in conducting airways; smaller particles reach the alveoli and depend on macrophage clearance,Coordinated ciliary beating propels the mucus blanket proximally out of the lung,cell,trachea,trachea,UBERON:0003126,ciliated epithelial cell,,,,,,does,transport of X from Y to Z,mucus,,,distal airway,,,pharynx,,,,"cilia beat at 12-15 Hz, moving tracheal mucus at roughly 5-10 mm/min toward the larynx for swallowing",minutes-hours,,intra-organ,forced vital capacity,Forced vital capacity [Volume] Respiratory system,LOINC:19870-5,airway resistance,Airway resistance,LOINC:75946-4,,,,,,,innate immune response,,,cough reflex,,,autonomic nervous system,,,,,,West's Respiratory Physiology: The Essentials,,,,,,,,,,,,,,,,,,,,,,,,,
respiratory system,respiratory system process,GO:0003016,airway defense and clearance,,,mucociliary clearance,,,airway secretion and transport,,,,,,,,,,,,,,,,,cell,trachea,trachea,UBERON:0003126,ciliated epithelial cell,,,cigarette smoke,,,decreases,transport of X from Y to Z,mucus,,,distal airway,,,pharynx,,,,impairs ciliary beat frequency and coordination; dehydration and hyperoxia have similar effects,hours-days,intra-organ,intra-organ,forced vital capacity,Forced vital capacity [Volume] Respiratory system,LOINC:19870-5,airway resistance,Airway resistance,LOINC:75946-4,,,,,,,innate immune response,,,cough reflex,,,autonomic nervous system,,,,,,West's Respiratory Physiology: The Essentials,,,,,,,,,,,,,,,,,,,,,,,,,
respiratory system,respiratory system process,GO:0003016,airway defense and clearance,,,mucociliary clearance,,,airway secretion and transport,,,,,,,,,,,,,,,,Alveolar macrophages phagocytose particles and organisms that evade mucociliary clearance,cell,alveolus,alveolus of lung,UBERON:0002299,alveolar macrophage,alveolar macrophage,CL:0000583,,,,does,X uptake,inhaled particulate and microorganisms,,,,,,,,,,"the principal clearance route for particles under about 2 um reaching the alveoli, which have no cilia",hours-days,,intra-organ,forced vital capacity,Forced vital capacity [Volume] Respiratory system,LOINC:19870-5,airway resistance,Airway resistance,LOINC:75946-4,,,,,,,innate immune response,,,cough reflex,,,autonomic nervous system,,,,,,West's Respiratory Physiology: The Essentials,,,,,,,,,,,,,,,,,,,,,,,,,
respiratory system,respiratory system process,GO:0003016,airway defense and clearance,,,mucociliary clearance,,,airway secretion and transport,,,,,,,,,,,,,,,,Club cells secrete protective proteins into the distal airway surface liquid,cell,respiratory bronchiole,respiratory bronchiole,UBERON:0002188,club cell,club cell,CL:0000158,,,,does,X secretion,club cell secretory protein,,,,,,,,,,"contributes anti-inflammatory and antiprotease activity to distal airway lining fluid, and serves as a bronchiolar progenitor",hours,,intra-organ,forced vital capacity,Forced vital capacity [Volume] Respiratory system,LOINC:19870-5,airway resistance,Airway resistance,LOINC:75946-4,,,,,,,innate immune response,,,cough reflex,,,autonomic nervous system,,,,,,West's Respiratory Physiology: The Essentials,,,,,,,,,,,,,,,,,,,,,,,,,
respiratory system,respiratory system process,GO:0003016,airway defense and clearance,,,mucociliary clearance,,,airway secretion and transport,,,,,,,,,,,,,,,,Airway mast cells release bronchoconstrictor and inflammatory mediators on allergen exposure,cell,bronchus,bronchus,UBERON:0002185,mast cell,mast cell,CL:0000097,allergen,,,increases,X secretion,histamine,,,,,,,,,,"IgE-mediated degranulation releases histamine, leukotrienes and prostaglandins, producing the immediate asthmatic response",seconds-minutes,intra-organ,paracrine,forced vital capacity,Forced vital capacity [Volume] Respiratory system,LOINC:19870-5,airway resistance,Airway resistance,LOINC:75946-4,,,,,,,innate immune response,,,cough reflex,,,autonomic nervous system,,,,,,West's Respiratory Physiology: The Essentials,,,,,,,,,,,,,,,,,,,,,,,,,
respiratory system,respiratory system process,GO:0003016,non-respiratory lung function,,,metabolic and reservoir function,metabolic process,GO:0008152,processing of bloodborne substances,,,,,,,,,,,,,,,the pulmonary endothelium is uniquely positioned to process the entire cardiac output on every circuit,Pulmonary endothelial ACE activates circulating angiotensin I,cell,pulmonary capillary,pulmonary capillary,UBERON:0016405,lung endothelial cell,lung endothelial cell,CL:1001567,,,,does,X conversion to Y,angiotensin I,,,angiotensin II,,,,,,,angiotensin-converting enzyme on the luminal endothelial surface converts about 70% in a single pass,seconds,,circulatory,arterial PO2,Oxygen [Partial pressure] in Arterial blood,LOINC:2703-7,hemoglobin,Hemoglobin [Mass/volume] in Blood,LOINC:718-7,,,,,,,renin-angiotensin system,regulation of systemic arterial blood pressure by circulatory renin-angiotensin,GO:0001991,cardiovascular system,blood circulation,GO:0008015,coagulation,,,,,,West's Respiratory Physiology: The Essentials,,4,,,,,,,,,,,,,,,,,,,,,,,
respiratory system,respiratory system process,GO:0003016,non-respiratory lung function,,,metabolic and reservoir function,metabolic process,GO:0008152,processing of bloodborne substances,,,,,,,,,,,,,,,,Pulmonary endothelium inactivates bradykinin during passage through the lung,cell,pulmonary capillary,pulmonary capillary,UBERON:0016405,lung endothelial cell,lung endothelial cell,CL:1001567,,,,does,X uptake,bradykinin,,,,,,,,,,"the same enzyme that activates angiotensin I inactivates bradykinin, which is why ACE inhibition causes cough and angioedema",seconds,,circulatory,arterial PO2,Oxygen [Partial pressure] in Arterial blood,LOINC:2703-7,hemoglobin,Hemoglobin [Mass/volume] in Blood,LOINC:718-7,,,,,,,renin-angiotensin system,regulation of systemic arterial blood pressure by circulatory renin-angiotensin,GO:0001991,cardiovascular system,blood circulation,GO:0008015,coagulation,,,,,,West's Respiratory Physiology: The Essentials,,4,,,,,,,,,,,,,,,,,,,,,,,
respiratory system,respiratory system process,GO:0003016,non-respiratory lung function,,,metabolic and reservoir function,metabolic process,GO:0008152,processing of bloodborne substances,,,,,,,,,,,,,,,,Pulmonary endothelium selectively clears vasoactive amines and eicosanoids from mixed venous blood,cell,pulmonary capillary,pulmonary capillary,UBERON:0016405,lung endothelial cell,lung endothelial cell,CL:1001567,,,,does,X uptake,serotonin,,,,,,,,,,"also removes prostaglandins E2 and F2-alpha and noradrenaline; angiotensin II, vasopressin and prostacyclin pass through essentially unchanged",seconds,,circulatory,arterial PO2,Oxygen [Partial pressure] in Arterial blood,LOINC:2703-7,hemoglobin,Hemoglobin [Mass/volume] in Blood,LOINC:718-7,,,,,,,renin-angiotensin system,regulation of systemic arterial blood pressure by circulatory renin-angiotensin,GO:0001991,cardiovascular system,blood circulation,GO:0008015,coagulation,,,,,,West's Respiratory Physiology: The Essentials,,4,,,,,,,,,,,,,,,,,,,,,,,
respiratory system,respiratory system process,GO:0003016,non-respiratory lung function,,,metabolic and reservoir function,metabolic process,GO:0008152,processing of bloodborne substances,,,,,,,,,,,,,,,postural change and haemorrhage shift several hundred millilitres between the pulmonary and systemic circulations,The distensible pulmonary vascular bed serves as a blood reservoir for the left heart,organ,lung vasculature,lung vasculature,UBERON:0000102,lung vasculature,,,,,,does,X storage,blood,,,,,,,,,"[400, 600]",units = mL pulmonary blood volume; acts as a reservoir that buffers left ventricular filling over several beats,seconds-minutes,,circulatory,arterial PO2,Oxygen [Partial pressure] in Arterial blood,LOINC:2703-7,hemoglobin,Hemoglobin [Mass/volume] in Blood,LOINC:718-7,,,,,,,renin-angiotensin system,regulation of systemic arterial blood pressure by circulatory renin-angiotensin,GO:0001991,cardiovascular system,blood circulation,GO:0008015,coagulation,,,,,,West's Respiratory Physiology: The Essentials,,4,,,,,,,,,,,,,,,,,,,,,,,
respiratory system,respiratory system process,GO:0003016,non-respiratory lung function,,,metabolic and reservoir function,metabolic process,GO:0008152,processing of bloodborne substances,,,,,,,,,,,,,,,,The pulmonary capillary bed traps particulate matter arriving in venous blood,cell,pulmonary capillary,pulmonary capillary,UBERON:0016405,lung endothelial cell,lung endothelial cell,CL:1001567,,,,does,X uptake,circulating microthrombi and cell aggregates,,,,,,,,,,"the pulmonary capillary bed filters venous return before it reaches the systemic arterial circulation, including the brain and coronary beds",seconds-minutes,,circulatory,arterial PO2,Oxygen [Partial pressure] in Arterial blood,LOINC:2703-7,hemoglobin,Hemoglobin [Mass/volume] in Blood,LOINC:718-7,,,,,,,renin-angiotensin system,regulation of systemic arterial blood pressure by circulatory renin-angiotensin,GO:0001991,cardiovascular system,blood circulation,GO:0008015,coagulation,,,,,,West's Respiratory Physiology: The Essentials,,4,,,,,,,,,,,,,,,,,,,,,,,