Whole Person Physiome Table for Digestive System,,,,,,,,,,,,,,,,,,,,,,,,,,,,,,,,,,,,,,,,,,,,,,,,,,,,,,,,,,,,,,,,,,,,,,,,,,,,,
,,,,,,,,,,,,,,,,,,,,,,,,,,,,,,,,,,,,,,,,,,,,,,,,,,,,,,,,,,,,,,,,,,,,,,,,,,,,,
Author Name(s):,Minyan Zhu,,,,,,,,,,,,,,,,,,,,,,,,,,,,,,,,,,,,,,,,,,,,,,,,,,,,,,,,,,,,,,,,,,,,,,,,,,,,
Author ORCID(s):,0000-0002-1868-3896,,,,,,,,,,,,,,,,,,,,,,,,,,,,,,,,,,,,,,,,,,,,,,,,,,,,,,,,,,,,,,,,,,,,,,,,,,,,
Reviewer Name(s):,Rebecca Wells,Katalin Susztak,,,,,,,,,,,,,,,,,,,,,,,,,,,,,,,,,,,,,,,,,,,,,,,,,,,,,,,,,,,,,,,,,,,,,,,,,,,
Reviewer ORCID(s):,0000-0002-6988-4102,0000‑0002‑1005‑3726,,,,,,,,,,,,,,,,,,,,,,,,,,,,,,,,,,,,,,,,,,,,,,,,,,,,,,,,,,,,,,,,,,,,,,,,,,,
General Publication(s):,"Yamada’s Textbook of Gastroenterology (7e, 2022)",,,,,,,,,,,,,,,,,,,,,,,,,,,,,,,,,,,,,,,,,,,,,,,,,,,,,,,,,,,,,,,,,,,,,,,,,,,,
Data DOI:,,,,,,,,,,,,,,,,,,,,,,,,,,,,,,,,,,,,,,,,,,,,,,,,,,,,,,,,,,,,,,,,,,,,,,,,,,,,,
Date:,10/28/2025,,,,,,,,,,,,,,,,,,,,,,,,,,,,,,,,,,,,,,,,,,,,,,,,,,,,,,,,,,,,,,,,,,,,,,,,,,,,
Version Number:,v1.0,,,,,,,,,,,,,,,,,,,,,,,,,,,,,,,,,,,,,,,,,,,,,,,,,,,,,,,,,,,,,,,,,,,,,,,,,,,,
"List physiological functions as a hierarchy, starting with the body system in Function/1 (this should be the same as the table name), a major life function in Function/2, and more specific functions in subsequent columns. Add more columns if needed. Place limited explanatory text if needed in FunctionNotes. Each function should include a ID from Gene Ontology (GO) if possible or another standard ontology. The LABEL column is the label for that ID as it appears in that ontology.",,,,,,,,,,,,,,,,,,,,,,,,,"Provide a very brief description (a few words) of the specific processes that occur during the corresponding function (e.g., a chemical reaction, physical change, feedback loop, etc.) in the Process column. Enter whether the Effector is a cell, tissue, or organ. Provide the anatomical location of the Effector in EffectorLocation along with the associated UBERON ID, if avaialble. Enter the Effector and its UBERON ID in the following columns. See Glossary for detailed instructions on tabulating the Signal, Effect, Behavior, Behavior X, Behavior Y, and X Target columns.",,,,,,,,,,,,,,"Indicate the signal scale category for this process: autocrine, paracrine, intra-organ, circulatory, systemic","Indicate the signal scale category for this process: autocrine, paracrine, intra-organ, circulatory, systemic","Indicate the time scale category for this process: milliseconds, seconds, minutes, hours, days, weeks, years.","OPTIONAL FOR NOW. List clinical measures, such as laboratory tests, vital signs, or radiology studies, related to the physiological function. These columns are simple lists and are NOT hierarchical. Include an ID for the measurement, such as a LOINC code, if known. Add more columns if needed.",,,,,,,,,,,,"OPTIONAL FOR NOW. List other interacting physiological functions. These columns are simple lists and NOT hierarchical. Add more columns if needed. For the LABEL and ID columns, use Gene Ontology (GO) if possible.",,,,,,,,,,,,"REQUIRED. Enter references in support of the information on this row. The ID column should include a standard identifier, such as a DOI or ISBN. The optional CHAPTER column should be used to list the relevant chapters in a book. The optional NOTES column can be used to clarify which part of the row the reference is for, such as a reference about the anatomical structures involved in the function rather than the interactions. Add more sets of reference columns if needed, making sure to include the ID column.",,,,,,,,,,,
Function/1,Function/1/LABEL,Function/1/ID,Function/2,Function/2/LABEL,Function/2/ID,Function/3,Function/3/LABEL,Function/3/ID,Function/4,Function/4/LABEL,Function/4/ID,Function/5,Function/5/LABEL,Function/5/ID,Function/6,Function/6/LABEL,Function/6/ID,Function/7,Function/7/LABEL,Function/7/ID,Function/8,Function/8/LABEL,Function/8/ID,FunctionNotes,Process,EffectorScale,EffectorLocation,EffectorLocation/LABEL,EffectorLocation/ID,Effector,Effector/LABEL,Effector/ID,Signal,Effect,Behavior,Behavior X,Behavior Y,EffectParameters (quantitative values),SignalScale,EffectScale,TimeScale,ClinicalMeasure/1,ClinicalMeasure/1/LABEL,ClinicalMeasure/1/ID,ClinicalMeasure/2,ClinicalMeasure/2/LABEL,ClinicalMeasure/2/ID,ClinicalMeasure/3,ClinicalMeasure/3/LABEL,ClinicalMeasure/3/ID,ClinicalMeasure/4,ClinicalMeasure/4/LABEL,ClinicalMeasure/4/ID,Interaction/1,Interaction/1/LABEL,Interaction/1/ID,Interaction/2,Interaction/2/LABEL,Interaction/2/ID,Interaction/3,Interaction/3/LABEL,Interaction/3/ID,Interaction/4,Interaction/4/LABEL,Interaction/4/ID,REF/1,REF/1/ID,REF/1/CHAPTER,REF/1/NOTES,REF/2,REF/2/ID,REF/2/CHAPTER,REF/2/NOTES,REF/3,REF/3/ID,REF/3/CHAPTER,REF/3/NOTES
Digestive system,digestive system process,GO:0022602,Epithelia and GI Function,digestive tract morphogenesis,GO:0048546,Maintain epithelial polarity and barrier integrity,establishment or maintenance of cell polarity,GO:0007163,,,,,,,,,,,,,,,,,Epithelial polarization and junction assembly: E-cadherin adhesion formation,Tissue,Intestine,intestine,UBERON:0000160,Polarized enterocyte,enterocyte,CL:0000584,,does,X formation,E-cadherin adhesion,,,,Molecular,Hours-days,TER, (was wrongly matched to unrelated 'Terminal insomnia' entry),, E-cadherin,E-cadherin [Presence] in Tissue by Immune stain,29540-2,,,,,,,LKB1-AMPK-Wnt polarity axis,,,,,,,,,,,,Yamada’s Textbook of Gastroenterology ,ISBN 9781119600206,15,,,,,,,,,
Digestive system,digestive system process,GO:0022602,Epithelia and GI Function,digestive tract morphogenesis,GO:0048546,Maintain epithelial polarity and barrier integrity,establishment or maintenance of cell polarity,GO:0007163,,,,,,,,,,,,,,,,,Epithelial polarization and junction assembly: Actin-myosin ring contraction,Tissue,Intestine,intestine,UBERON:0000160,Polarized enterocyte,enterocyte,CL:0000584,,does,Induction of X,Actin-myosin ring contraction,,,,Molecular,Hours-days,TER, (was wrongly matched to unrelated 'Terminal insomnia' entry),, E-cadherin,E-cadherin [Presence] in Tissue by Immune stain,29540-2,,,,,,,LKB1-AMPK-Wnt polarity axis,,,,,,,,,,,,Yamada’s Textbook of Gastroenterology ,ISBN 9781119600206,15,,,,,,,,,
Digestive system,digestive system process,GO:0022602,Epithelia and GI Function,digestive tract morphogenesis,GO:0048546,Maintain epithelial polarity and barrier integrity,establishment or maintenance of cell polarity,GO:0007163,,,,,,,,,,,,,,,,,"Epithelial polarization and junction assembly: Tight junction (claudin, occludin, ZO-1) organization",Tissue,Intestine,intestine,UBERON:0000160,Polarized enterocyte,enterocyte,CL:0000584,,does,Induction of X,tight-junction complex organization,,,,Segmental (intra-organ),Hours-days,TER, (was wrongly matched to unrelated 'Terminal insomnia' entry),, E-cadherin,E-cadherin [Presence] in Tissue by Immune stain,29540-2,,,,,,,LKB1-AMPK-Wnt polarity axis,,,,,,,,,,,,Yamada’s Textbook of Gastroenterology ,ISBN 9781119600206,15,,,,,,,,,
Digestive system,digestive system process,GO:0022602,Epithelia and GI Function,digestive tract morphogenesis,GO:0048546,Maintain epithelial polarity and barrier integrity,establishment or maintenance of cell polarity,GO:0007163,Luminal barrier support by Glycocalyx,,,,,,,,,,,,,,,,Barrier interface formation (hyaluronic acid–ri layer),Organ system,"GI tract, colon",digestive tract,UBERON:0001555,"GI tract, colon",digestive tract,UBERON:0001555,,does,X formation,Barrier interface ,,,,Systemic,hours,Fecal calprotectin,Calprotectin [Mass/volume] in Stool,82874-9,,,,,,,,,,Glycocalyx–luminal interface interaction,,,,,,,,,,,,Yamada’s Textbook of Gastroenterology ,ISBN 9781119600206,6,,,,,,,,,
Digestive system,digestive system process,GO:0022602,Epithelia and GI Function,digestive tract morphogenesis,GO:0048546,Maintain epithelial polarity and barrier integrity,establishment or maintenance of cell polarity,GO:0007163,Mucosal defense support by Glycocalyx,,,,,,,,,,,,,,,,Apical glycocalyx (mostly hyaluronic acid) for Protective gel interface stabilization,Organ system,"GI tract, especially stoma",digestive tract,UBERON:0001555,"GI tract, especially stoma",digestive tract,UBERON:0001555,,does,X protection of Y,Gastric mucosal surface,Luminal acid and pepsin,,,Systemic,minutes,Endoscopic mucosal integrity assessment,,,,,,,,,,,,Glycocalyx–mucus layer interaction,,,,,,,,,,,,Yamada’s Textbook of Gastroenterology ,ISBN 9781119600206,17,,,,,,,,,
Digestive system,digestive system process,GO:0022602,Epithelia and GI Function,digestive tract morphogenesis,GO:0048546,Maintain epithelial polarity and barrier integrity,establishment or maintenance of cell polarity,GO:0007163,Secretory surface support by Glycocalyx,,,,,,,,,,,,,,,,Apical glycocalyx coating (mostly hyaluronic acid) for Apical enzyme release interface maintenance,Organ system,"GI tract, especially stoma",digestive tract,UBERON:0001555,"GI tract, especially stoma",digestive tract,UBERON:0001555,H+,increases,X convertion to Y,Pepsinogen,Pepsin,,Systemic,Systemic,minutes,Gastric pH monitoring,pH of Gastric fluid,2749-0,,,,,,,,,,Glycocalyx–acidic lumen interaction,,,,,,,,,,,,Yamada’s Textbook of Gastroenterology ,ISBN 9781119600206,17,,,,,,,,,
Digestive system,digestive system process,GO:0022602,Epithelia and GI Function,digestive tract morphogenesis,GO:0048546,Maintain epithelial polarity and barrier integrity,establishment or maintenance of cell polarity,GO:0007163,Protection from bile acid toxicity by Peribiliary glycocalyx,,,,,,,,,,,,,,,,Bicarbonate umbrella formation,Organ system,"GI tract, bile duct",digestive tract,UBERON:0001555,"GI tract, bile duct",digestive tract,UBERON:0001555,Bile acids,increases,X induction of Y,Bile acids,Epithelial cell damage,,Systemic,Systemic,hours,Serum alkaline phosphatase (ALP),Alkaline phosphatase [Enzymatic activity/volume] in Serum or Plasma,6768-6,,,,,,,,,,Glycocalyx–bile acid interaction,,,,,,,,,,,,Yamada’s Textbook of Gastroenterology ,ISBN 9781119600206,92,,,,,,,,,
Digestive system,digestive system process,GO:0022602,Epithelia and GI Function,digestive tract morphogenesis,GO:0048546,Maintain epithelial polarity and barrier integrity,establishment or maintenance of cell polarity,GO:0007163,Acid neutralization support by Peribiliary glycocalyx,,,,,,,,,,,,,,,,Bicarbonate secretion into glycocalyx,Organ system,"GI tract, bile duct",digestive tract,UBERON:0001555,"GI tract, bile duct",digestive tract,UBERON:0001555,HCO3−,does,X release to Y,Bicarbonate,Glycocalyx,,Systemic,Systemic,minutes,Serum bicarbonate level,Bicarbonate [Moles/volume] in Serum or Plasma,1963-8,,,,,,,,,,AE2–glycocalyx interaction,,,,,,,,,,,,Yamada’s Textbook of Gastroenterology ,ISBN 9781119600206,92,,,,,,,,,
Digestive system,digestive system process,GO:0022602,Epithelia and GI Function,digestive tract morphogenesis,GO:0048546,Maintain epithelial polarity and barrier integrity,establishment or maintenance of cell polarity,GO:0007163,Impaired duct protection by Glycocalyx,,,,,,,,,,,,,,,,Cl−/HCO3− exange reduction,Organ system,"GI tract, bile duct",digestive tract,UBERON:0001555,"GI tract, bile duct",digestive tract,UBERON:0001555,AE2 downregulation,decreases,X maintainence of Y,Bicarbonate umbrella,Integrity,,Systemic,Systemic,days,Serum ALP and bilirubin,Alkaline phosphatase [Enzymatic activity/volume] in Serum or Plasma / Bilirubin.total [Mass/volume] in Serum or Plasma,6768-6 / 1975-2,,,,,,,,,,AE2–bicarbonate exange interaction,chloride:bicarbonate antiporter activity,GO:0140900,,,,,,,,,,Yamada’s Textbook of Gastroenterology ,ISBN 9781119600206,92,,,,,,,,,
Digestive system,digestive system process,GO:0022602,Epithelia and GI Function,digestive tract morphogenesis,GO:0048546,Maintain epithelial polarity and barrier integrity,establishment or maintenance of cell polarity,GO:0007163,Luminal content movement support by Secreted mucins,,,,,,,,,,,,,,,,Surface lubrication,Organ system,"GI tract(mouth to anus), especially Gut",digestive tract,UBERON:0001555,"GI tract(mouth to anus), especially Gut",digestive tract,UBERON:0001555,,does,regulation of X,Luminal content Movement,,,,Systemic,seconds,Gastrointestinal transit time test, (generic); component studies separately coded,,,,,,,,,,,Mucin–luminal content interaction,,,,,,,,,,,,Yamada’s Textbook of Gastroenterology ,ISBN 9781119600206,2,,,,,,,,,
Digestive system,digestive system process,GO:0022602,Epithelia and GI Function,digestive tract morphogenesis,GO:0048546,Maintain epithelial polarity and barrier integrity,establishment or maintenance of cell polarity,GO:0007163,Protection against shear stress by Secreted mucins,response to fluid shear stress,GO:0034405,,,,,,,,,,,,,,Meanical barrier formation,Organ system,"GI tract(mouth to anus), especially Gut",digestive tract,UBERON:0001555,"GI tract(mouth to anus), especially Gut",digestive tract,UBERON:0001555,,does,X protection of Y,Epithelial surface,Shear stress,,,Systemic,minutes,Endoscopic mucosal integrity assessment,,,,,,,,,,,,Mucin–epithelium interaction,mucus secretion,GO:0070254,,,,,,,,,,Yamada’s Textbook of Gastroenterology ,ISBN 9781119600206,2,,,,,,,,,
Digestive system,digestive system process,GO:0022602,Epithelia and GI Function,digestive tract morphogenesis,GO:0048546,Maintain epithelial polarity and barrier integrity,establishment or maintenance of cell polarity,GO:0007163,Protection against emical damage by Secreted mucins,,,,,,,,,,,,,,,,emical barrier formation,Organ system,"GI tract(mouth to anus), especially Gut",digestive tract,UBERON:0001555,"GI tract(mouth to anus), especially Gut",digestive tract,UBERON:0001555,,does,X protection of Y,Epithelial surface,emical damage,,,Systemic,minutes,Fecal occult blood test,Occult blood panel - Stool by Immunoassay,57803-9,,,,,,,,,,Mucin–emical interface interaction,,,,,,,,,,,,Yamada’s Textbook of Gastroenterology ,ISBN 9781119600206,2,,,,,,,,,
Digestive system,digestive system process,GO:0022602,Epithelia and GI Function,digestive tract morphogenesis,GO:0048546,Selective absorption and secretion,intestinal absorption,GO:0050892,,,,,,,,,,,,,,,,,Vectorial solute and water transport: Na⁺/glucose cotransport (SGLT1),Cell,Intestine,intestine,UBERON:0000160,Absorptive enterocyte,enterocyte of epithelium of large intestine,CL:0002071,,does,X cotransport with Y,SGLT1,glucose,,,Cellular,Seconds-minutes,Glucose uptake rate,,, ion flux,,,,,,,,,SGLT1-NHE3-MLCK feedback coupling,,,,,,,,,,,,Yamada’s Textbook of Gastroenterology ,ISBN 9781119600206,15,,,,,,,,,
Digestive system,digestive system process,GO:0022602,Epithelia and GI Function,digestive tract morphogenesis,GO:0048546,Selective absorption and secretion,intestinal absorption,GO:0050892,,,,,,,,,,,,,,,,,Vectorial solute and water transport: Na⁺/K⁺-ATPase gradient maintenance,Cell,Intestine,intestine,UBERON:0000160,Absorptive enterocyte,enterocyte of epithelium of large intestine,CL:0002071,,does,X maintenance,Na⁺/K⁺-ATPase gradient,,,,Organ (intra-organ),Seconds-minutes,Glucose uptake rate,,, ion flux,,,,,,,,,SGLT1-NHE3-MLCK feedback coupling,,,,,,,,,,,,Yamada’s Textbook of Gastroenterology ,ISBN 9781119600206,15,,,,,,,,,
Digestive system,digestive system process,GO:0022602,Epithelia and GI Function,digestive tract morphogenesis,GO:0048546,Selective absorption and secretion,intestinal absorption,GO:0050892,,,,,,,,,,,,,,,,,Vectorial solute and water transport: GLUT2-mediated basolateral export,Cell,Intestine,intestine,UBERON:0000160,Absorptive enterocyte,enterocyte of epithelium of large intestine,CL:0002071,,does,X transport to Y,glucose,lumen,,,Cellular,Seconds-minutes,Glucose uptake rate,,, ion flux,,,,,,,,,SGLT1-NHE3-MLCK feedback coupling,,,,,,,,,,,,Yamada’s Textbook of Gastroenterology ,ISBN 9781119600206,15,,,,,,,,,
Digestive system,digestive system process,GO:0022602,Epithelia and GI Function,digestive tract morphogenesis,GO:0048546,Mucosal defense and lubrication,mucosal tolerance induction,GO:0002427,,,,,,,,,,,,,,,,,Mucin and antimicrobial secretion: Goblet cells → MUC2 secretion,Tissue,Intestine,intestine,UBERON:0000160,Goblet cell,goblet cell,CL:0000160,,does,X release to Y,MUC2,lumen,,,Segmental (intra-organ),Minutes-hours,MUC2/MUC5AC assay,,,,,,,,,,,,Microbiota-epithelial immune balance,,,,,,,,,,,,Yamada’s Textbook of Gastroenterology ,ISBN 9781119600206,15,,,,,,,,,
Digestive system,digestive system process,GO:0022602,Epithelia and GI Function,digestive tract morphogenesis,GO:0048546,Mucosal defense and lubrication,mucosal tolerance induction,GO:0002427,,,,,,,,,,,,,,,,,Mucin and antimicrobial secretion: CFTR/SLC26A3 → mucus hydration,Tissue,Intestine,intestine,UBERON:0000160,Goblet cell,goblet cell,CL:0000160,,does,Induction of X,mucus hydration,,,,Segmental (intra-organ),Minutes-hours,MUC2/MUC5AC assay,,,,,,,,,,,,Microbiota-epithelial immune balance,,,,,,,,,,,,Yamada’s Textbook of Gastroenterology ,ISBN 9781119600206,15,,,,,,,,,
Digestive system,digestive system process,GO:0022602,Epithelia and GI Function,digestive tract morphogenesis,GO:0048546,Mucosal defense and lubrication,mucosal tolerance induction,GO:0002427,,,,,,,,,,,,,,,,,"Mucin and antimicrobial secretion: Paneth cells → defensins, lysozyme",Tissue,Intestine,intestine,UBERON:0000160,Goblet cell,goblet cell,CL:0000160,,does,X release,"defensins, lysozyme",,,,Segmental (intra-organ),Minutes-hours,MUC2/MUC5AC assay,,,,,,,,,,,,Microbiota-epithelial immune balance,,,,,,,,,,,,Yamada’s Textbook of Gastroenterology ,ISBN 9781119600206,15,,,,,,,,,
Digestive system,digestive system process,GO:0022602,Epithelia and GI Function,digestive tract morphogenesis,GO:0048546,Barrier regulation and permeability control,regulation of cell junction assembly,GO:1901888,,,,,,,,,,,,,,,,,Tight junction modulation by MLCK and cytokines: MLCK → MLC phosphorylation,Tissue,Intestine,intestine,UBERON:0000160,Enterocyte,enterocyte,CL:0000584,,does,Induction of X,MLCK/MLC phosphorylation,,,,Molecular,Minutes-hours,Phospho-MLC," (research Western-blot/IHC marker, not a standard clinical analyte)",, TER change,,,,,,,,,"TNF, IL-13, IL-22 cytokine signaling",tumor necrosis factor-mediated signaling pathway,GO:0033209,,,,,,,,,,Yamada’s Textbook of Gastroenterology ,ISBN 9781119600206,15,,,,,,,,,
Digestive system,digestive system process,GO:0022602,Epithelia and GI Function,digestive tract morphogenesis,GO:0048546,Barrier regulation and permeability control,regulation of cell junction assembly,GO:1901888,,,,,,,,,,,,,,,,,Tight junction modulation by MLCK and cytokines: Occludin endocytosis,Tissue,Intestine,intestine,UBERON:0000160,Enterocyte,enterocyte,CL:0000584,,does,X transport to Y,Occludin,cell,,,Segmental (intra-organ),Minutes-hours,Phospho-MLC," (research Western-blot/IHC marker, not a standard clinical analyte)",, TER change,,,,,,,,,"TNF, IL-13, IL-22 cytokine signaling",tumor necrosis factor-mediated signaling pathway,GO:0033209,,,,,,,,,,Yamada’s Textbook of Gastroenterology ,ISBN 9781119600206,15,,,,,,,,,
Digestive system,digestive system process,GO:0022602,Epithelia and GI Function,digestive tract morphogenesis,GO:0048546,Barrier regulation and permeability control,regulation of cell junction assembly,GO:1901888,,,,,,,,,,,,,,,,,Tight junction modulation by MLCK and cytokines: Claudin-2 upregulation (IL-13/22),Tissue,Intestine,intestine,UBERON:0000160,Enterocyte,enterocyte,CL:0000584,claudin-2,increases,regulation of X,IL-13/22 expression,,,Intra-organ,Segmental (intra-organ),Minutes-hours,Phospho-MLC," (research Western-blot/IHC marker, not a standard clinical analyte)",, TER change,,,,,,,,,"TNF, IL-13, IL-22 cytokine signaling",tumor necrosis factor-mediated signaling pathway,GO:0033209,,,,,,,,,,Yamada’s Textbook of Gastroenterology ,ISBN 9781119600206,15,,,,,,,,,
Digestive system,digestive system process,GO:0022602,Epithelia and GI Function,digestive tract morphogenesis,GO:0048546,Epithelial renewal and restitution,stem cell division,GO:0017145,,,,,,,,,,,,,,,,,Continuous regeneration and wound closure: LGR5⁺ stem cell proliferation,Tissue,Intestine,intestine,UBERON:0000160,Stem cell,stem cell,CL:0000034,,does,Induction of X,LGR5 stem-cell proliferation,,,,Segmental (intra-organ),Minutes-days,Ki-67,Ki-67 nuclear Ag [Presence] in Tissue by Immune stain,33055-5, BrdU labeling,,,,,,,,,"Wnt, EGF, integrin signaling",Wnt signaling pathway,GO:0016055,,,,,,,,,,Yamada’s Textbook of Gastroenterology ,ISBN 9781119600206,15,,,,,,,,,
Digestive system,digestive system process,GO:0022602,Epithelia and GI Function,digestive tract morphogenesis,GO:0048546,Epithelial renewal and restitution,stem cell division,GO:0017145,,,,,,,,,,,,,,,,,Continuous regeneration and wound closure: Cell migration along crypt-villus axis,Tissue,Intestine,intestine,UBERON:0000160,Stem cell,stem cell,CL:0000034,,does,X migation along Y,epithelial-cell,crypt-villus axis,,,Segmental (intra-organ),Minutes-days,Ki-67,Ki-67 nuclear Ag [Presence] in Tissue by Immune stain,33055-5, BrdU labeling,,,,,,,,,"Wnt, EGF, integrin signaling",Wnt signaling pathway,GO:0016055,,,,,,,,,,Yamada’s Textbook of Gastroenterology ,ISBN 9781119600206,15,,,,,,,,,
Digestive system,digestive system process,GO:0022602,Epithelia and GI Function,digestive tract morphogenesis,GO:0048546,Epithelial renewal and restitution,stem cell division,GO:0017145,,,,,,,,,,,,,,,,,Continuous regeneration and wound closure: Flattening and restitution over injury,Tissue,Intestine,intestine,UBERON:0000160,Stem cell,stem cell,CL:0000034,,does,Induction of X,epithelial-layer restitution,,,,Segmental (intra-organ),Minutes-days,Ki-67,Ki-67 nuclear Ag [Presence] in Tissue by Immune stain,33055-5, BrdU labeling,,,,,,,,,"Wnt, EGF, integrin signaling",Wnt signaling pathway,GO:0016055,,,,,,,,,,Yamada’s Textbook of Gastroenterology ,ISBN 9781119600206,15,,,,,,,,,
Digestive system,digestive system process,GO:0022602,Epithelia and GI Function,digestive tract morphogenesis,GO:0048546,Water and electrolyte balance,multicellular organismal-level water homeostasis,GO:0050891,,,,,,,,,,,,,,,,,Coupled transcellular and paracellular flow: Claudin-2/15 channels,Tissue,Intestine,intestine,UBERON:0000160,Enterocyte,enterocyte,CL:0000584,Claudin-2/15 channels activity,increases,X transport to Y,solvent,cell,,Intra-organ,Segmental (intra-organ),milliseconds-seconds,Stool osmolality,Osmolality of Stool,2693-0, hydration rate,,,,,,,,,Osmotic coupling between nutrient and ion transport,,,,,,,,,,,,Yamada’s Textbook of Gastroenterology ,ISBN 9781119600206,15,,,,,,,,,
Digestive system,digestive system process,GO:0022602,Epithelia and GI Function,digestive tract morphogenesis,GO:0048546,Water and electrolyte balance,multicellular organismal-level water homeostasis,GO:0050891,,,,,,,,,,,,,,,,,Coupled transcellular and paracellular flow: Aquaporin-mediated water flux,Tissue,Intestine,intestine,UBERON:0000160,Enterocyte,enterocyte,CL:0000584,Aquaporin activity,increases,X transport to Y,water,cell,,Intra-organ,Segmental (intra-organ),milliseconds-seconds,Stool osmolality,Osmolality of Stool,2693-0, hydration rate,,,,,,,,,Osmotic coupling between nutrient and ion transport,,,,,,,,,,,,Yamada’s Textbook of Gastroenterology ,ISBN 9781119600206,15,,,,,,,,,
Digestive system,digestive system process,GO:0022602,Epithelia and GI Function,digestive tract morphogenesis,GO:0048546,Water and electrolyte balance,multicellular organismal-level water homeostasis,GO:0050891,,,,,,,,,,,,,,,,,Coupled transcellular and paracellular flow: Na⁺/glucose osmotic drag,Tissue,Intestine,intestine,UBERON:0000160,Enterocyte,enterocyte,CL:0000584,sodium and glucose absorption,increases,X transport to Y,water,cell ,,Intra-organ,Segmental (intra-organ),milliseconds-seconds,Stool osmolality,Osmolality of Stool,2693-0, hydration rate,,,,,,,,,Osmotic coupling between nutrient and ion transport,,,,,,,,,,,,Yamada’s Textbook of Gastroenterology ,ISBN 9781119600206,15,,,,,,,,,
Digestive system,digestive system process,GO:0022602,Epithelia and GI Function,digestive tract morphogenesis,GO:0048546,Repair after injury,,,,,,,,,,,,,,,,,,,Epithelial restitution and remodeling: Cell spreading over basement membrane,Tissue,Intestine,intestine,UBERON:0000160,Enterocyte,enterocyte,CL:0000584,,does,X spreading over Y,epithelial-cell,basement membrane,,,Cellular,Minutes-days,Barrier recovery,,, healing index,,,,,,,,,EGF/TGF-β-integrin feedback,epidermal growth factor receptor signaling pathway,GO:0007173,,,,,,,,,,Yamada’s Textbook of Gastroenterology ,ISBN 9781119600206,15,,,,,,,,,
Digestive system,digestive system process,GO:0022602,Epithelia and GI Function,digestive tract morphogenesis,GO:0048546,Repair after injury,,,,,,,,,,,,,,,,,,,Epithelial restitution and remodeling: MLCK cytoskeletal remodeling,Tissue,Intestine,intestine,UBERON:0000160,Enterocyte,enterocyte,CL:0000584,,does,Induction of X,MLCK cytoskeleton remodeling,,,,Segmental (intra-organ),Minutes-days,Barrier recovery,,, healing index,,,,,,,,,EGF/TGF-β-integrin feedback,epidermal growth factor receptor signaling pathway,GO:0007173,,,,,,,,,,Yamada’s Textbook of Gastroenterology ,ISBN 9781119600206,15,,,,,,,,,
Digestive system,digestive system process,GO:0022602,Epithelia and GI Function,digestive tract morphogenesis,GO:0048546,Repair after injury,,,,,,,,,,,,,,,,,,,Epithelial restitution and remodeling: Stem cell-mediated regeneration,Tissue,Intestine,intestine,UBERON:0000160,Enterocyte,enterocyte,CL:0000584,,does,Induction of X,stem-cell tissue regeneration,,,,Cellular,Minutes-days,Barrier recovery,,, healing index,,,,,,,,,EGF/TGF-β-integrin feedback,epidermal growth factor receptor signaling pathway,GO:0007173,,,,,,,,,,Yamada’s Textbook of Gastroenterology ,ISBN 9781119600206,15,,,,,,,,,
Digestive system,digestive system process,GO:0022602,GI motility Function,,,Generate rhythmic GI contractions,smooth muscle contraction,GO:0006939,,,,,,,,,,,,,,,,,Slow waves: Interstitial cells of Cajal - generate → slow waves,Organ system,GI,digestive system,UBERON:0001007,Interstitial cells of Cajal,interstitial cell of Cajal,"
CL:0002088",,does,Induction of X,contraction slow waves,,,,Segmental (intra-organ),Seconds-minutes,GI manometry frequency, (existing 80273-6 is too generic/vague to be a good match),,,,,,,,,,,,,,,,,,,,,,,"High-Yield Physiology, 1st edition. Dudek, 2008.",ISBN: 978-0781745871,28,,,,,,,,,
Digestive system,digestive system process,GO:0022602,GI motility Function,,,Depolarization control of motility,regulation of gastric motility,GO:1905333,,,,,,,,,,,,,,,,,Ca²⁺ influx; K⁺ efflux during slow waves: Slow waves - cause → Ca²⁺ influx & K⁺ efflux,Organ system,GI,digestive system,UBERON:0001007,Smooth muscle cell,smooth muscle cell,CL:0000192,Interstitial cells slow maves,increases,X transport to Y,Ca²⁺,cell,,Intra-organ,Segmental (intra-organ),milliseconds-seconds,Electrophysiology ,,,manometry amplitude,,,,,,,,,AP probability,regulation of action potential,GO:0098900,,,,,,,,,,"High-Yield Physiology, 1st edition. Dudek, 2008.",ISBN: 978-0781745871,28,,,,,,,,,
Digestive system,digestive system process,GO:0022602,GI motility Function,,,Increase contraction strength,positive regulation of smooth muscle contraction,GO:0045987,,,,,,,,,,,,,,,,,Action potentials at slow-wave peak: Slow-wave peak - triggers → action potentials,Organ system,GI,digestive system,UBERON:0001007,Smooth muscle cell,smooth muscle cell,CL:0000192,Interstitial cells slow maves peak,increases,Induction of X,contraction strength,,,Intra-organ,Segmental (intra-organ),milliseconds,Spike bursts on EMG,"Electromyography panel (generic skeletal-muscle EMG, not GI-specific)",98716-4,,,,,,,,,,,,,,,,,,,,,,"High-Yield Physiology, 1st edition. Dudek, 2008.",ISBN: 978-0781745871,28,,,,,,,,,
Digestive system,digestive system process,GO:0022602,GI motility Function,,,Set region-specific motility rates,,,,,,,,,,,,,,,,,,,Regional slow-wave differences: GI region - determines → slow-wave frequency,Organ system,GI,digestive system,UBERON:0001007,ICC + smooth muscle,smooth muscle cell,CL:0000192,,does,regulation of X,regional motility rate,,,,Segmental (intra-organ),Seconds-minutes,Gastric vs duodenal frequency measurement,,,,,,,,,,,,,,,,,,,,,,,,"High-Yield Physiology, 1st edition. Dudek, 2008.",ISBN: 978-0781745871,28,,,,,,,,,
Digestive system,digestive system process,GO:0022602,GI motility Function,,,Baseline tone,regulation of smooth muscle contraction,GO:0006940,,,,,,,,,,,,,,,,,Tonic contraction: Smooth muscle - maintains → tonic contraction,Organ system,GI,digestive system,UBERON:0001007,Smooth muscle,smooth muscle cell,CL:0000192,,does,X maintenance,baseline tone,,,,Segmental (intra-organ),seconds-minutes,Basal tone on manometry,,,,,,,,,,,,,,,,,,,,,,,,"High-Yield Physiology, 1st edition. Dudek, 2008.",ISBN: 978-0781745871,28,,,,,,,,,
Digestive system,digestive system process,GO:0022602,GI motility Function,,,Peristaltic / segmental contraction,gastric motility,GO:0035482,,,,,,,,,,,,,,,,,Phasic contraction triggered by APs: Action potentials - trigger → phasic contraction,Organ system,GI,digestive system,UBERON:0001007,Smooth muscle,smooth muscle cell,CL:0000192,Action potentials,increases,Induction of X,phasic contraction,,,Intra-organ,Segmental (intra-organ),Seconds,Phasic pressure waves on manometry,,,,,,,,,,,,,,,,,,,,,,,,"High-Yield Physiology, 1st edition. Dudek, 2008.",ISBN: 978-0781745871,28,,,,,,,,,
Digestive system,digestive system process,GO:0022602,GI motility Function,,,Intrinsic neural control,nervous system process,GO:0050877,,,,,,,,,,,,,,,,,ENS (enteric nervous system): ENS - regulates → GI motility,Organ system,GI,digestive system,UBERON:0001007,Motor neurons,Motor neurons,CL:0000100,"ACh, VIP, NO",increases,regulation of X,motility,,,Paracrine,Segmental (intra-organ),Seconds-minutes,Motility response to ENS drugs/ENS testing,,,,,,,,,,,,,,,,,,,,,,,,"High-Yield Physiology, 1st edition. Dudek, 2008.",ISBN: 978-0781745871,28,,,,,,,,,
Digestive system,digestive system process,GO:0022602,GI motility Function,,,Extrinsic modulation,regulation of gastric motility,GO:1905333,,,,,,,,,,,,,,,,,Parasym ↑; Symp ↓: Parasympathetic tone - increases → motility; Sympathetic tone - decreases → motility,Organ system,sympathetic nerve/digestive system,digestive system,UBERON:0001007,Preganglionic neurons,neuron,CL:0000540,Ach,increases,regulation of X,autonomic motility,,,Paracrine,Systemic,Seconds-minutes,Autonomic tests ,,,vagovagal reflexes,,,,,,,,,Sympathetic nervous system,,,,,,,,,,,,"High-Yield Physiology, 1st edition. Dudek, 2008.",ISBN: 978-0781745871,28,,,,,,,,,
Digestive system,digestive system process,GO:0022602,GI motility Function,,,Extrinsic modulation,regulation of gastric motility,GO:1905333,,,,,,,,,,,,,,,,,Parasym ↑; Symp ↓: Parasympathetic tone - increases → motility; Sympathetic tone - decreases → motility,Organ system,parasympathetic nerve/digestive system,digestive system,UBERON:0001007,Preganglionic neurons,neuron,CL:0000540,NE,decreases,regulation of X,autonomic motility,,,Systemic,Systemic,Seconds-minutes,Autonomic tests ,,,vagovagal reflexes,,,,,,,,,Parasympathetic nervous system,,,,,,,,,,,,"High-Yield Physiology, 1st edition. Dudek, 2008.",ISBN: 978-0781745871,28,,,,,,,,,
Digestive system,digestive system process,GO:0022602,Electrolyte Balance,monoatomic ion homeostasis,GO:0050801,Sodium absorption (electroneutral & electrogenic),sodium ion transport,GO:0006814,,,,,,,,,,,,,,,,,Na⁺ uptake via apical exchangers and cotransporters: NHE3 (Na⁺/H⁺ exchanger),Cell,Intestine,intestine,UBERON:0000160,Enterocyte (villus tip),intestinal villus capillary endothelial cell,CL:4052003, NHE3 (Na⁺/H⁺ exchanger),does,X transport to Y,sodium,cell,,Intra-organ,Cellular,Seconds-minutes,Short-circuit current,,, Na⁺ flux studies,,,,,,,,,Aldosterone ↑ ENaC,cellular response to aldosterone,GO:1904045, sympathetic tone ↑ Na⁺ absorption,positive regulation of sodium ion transmembrane transporter activity,GO:2000651,,,,,,,Yamada’s Textbook of Gastroenterology ,ISBN 9781119600206,16,,,,,,,,,
Digestive system,digestive system process,GO:0022602,Electrolyte Balance,monoatomic ion homeostasis,GO:0050801,Sodium absorption (electroneutral & electrogenic),sodium ion transport,GO:0006814,,,,,,,,,,,,,,,,,Na⁺ uptake via apical exchangers and cotransporters: ENaC (epithelial Na⁺ channel),Cell,Colon,Colon,UBERON:0001155,Enterocyte (villus tip),intestinal villus capillary endothelial cell,CL:4052003,ENaC (epithelial Na⁺ channel),does,X transport to Y,sodium,cell,,Intra-organ,Cellular,Seconds-minutes,Short-circuit current,,, Na⁺ flux studies,,,,,,,,,Aldosterone ↑ ENaC,cellular response to aldosterone,GO:1904045, sympathetic tone ↑ Na⁺ absorption,positive regulation of sodium ion transmembrane transporter activity,GO:2000651,,,,,,,Yamada’s Textbook of Gastroenterology ,ISBN 9781119600206,16,,,,,,,,,
Digestive system,digestive system process,GO:0022602,Electrolyte Balance,monoatomic ion homeostasis,GO:0050801,Sodium absorption (electroneutral & electrogenic),sodium ion transport,GO:0006814,,,,,,,,,,,,,,,,,Na⁺ uptake via apical exchangers and cotransporters: Na⁺/glucose cotransporter (SGLT1),Cell,Intestine,intestine,UBERON:0000160,Enterocyte (villus tip),intestinal villus capillary endothelial cell,CL:4052003,Na⁺/glucose cotransporter (SGLT1),does,X transport to Y,glucose,cell,,Intra-organ,Cellular,Seconds-minutes,Short-circuit current,,, Na⁺ flux studies,,,,,,,,,Aldosterone ↑ ENaC,cellular response to aldosterone,GO:1904045, sympathetic tone ↑ Na⁺ absorption,positive regulation of sodium ion transmembrane transporter activity,GO:2000651,,,,,,,Yamada’s Textbook of Gastroenterology ,ISBN 9781119600206,16,,,,,,,,,
Digestive system,digestive system process,GO:0022602,Electrolyte Balance,monoatomic ion homeostasis,GO:0050801,Chloride secretion,chloride transport,GO:0006821,,,,,,,,,,,,,,,,,CFTR-dependent Cl⁻ secretion to lumen: Basolateral NKCC1 loads Cl⁻,Cell,Intestine,intestine,UBERON:0000160,Secretory enterocyte (crypt),secretory cell,CL:0000151,Basolateral NKCC1 ,does,X release to Y,chloride,lumen,,Intra-organ,Cellular,Seconds-minutes,CFTR current measurement,,, stool Cl⁻,Chloride [Moles/volume] in Stool,15158-9,,,,,,,cAMP/PKA pathway activates CFTR,intracellularly ATP-gated chloride channel activity (CFTR),GO:0005260, VIP & PGE₂ stimulate secretion,,,,,,,,,Yamada’s Textbook of Gastroenterology ,ISBN 9781119600206,16,,,,,,,,,
Digestive system,digestive system process,GO:0022602,Electrolyte Balance,monoatomic ion homeostasis,GO:0050801,Chloride secretion,chloride transport,GO:0006821,,,,,,,,,,,,,,,,,CFTR-dependent Cl⁻ secretion to lumen: CFTR channel releases Cl⁻ apically,Cell,Intestine,intestine,UBERON:0000160,Secretory enterocyte (crypt),secretory cell,CL:0000151,CFTR channel ,does,X release to Y,chloride,lumen,,Intra-organ,Cellular,Seconds-minutes,CFTR current measurement,,, stool Cl⁻,Chloride [Moles/volume] in Stool,15158-9,,,,,,,cAMP/PKA pathway activates CFTR,intracellularly ATP-gated chloride channel activity (CFTR),GO:0005260, VIP & PGE₂ stimulate secretion,,,,,,,,,Yamada’s Textbook of Gastroenterology ,ISBN 9781119600206,16,,,,,,,,,
Digestive system,digestive system process,GO:0022602,Electrolyte Balance,monoatomic ion homeostasis,GO:0050801,Chloride secretion,chloride transport,GO:0006821,,,,,,,,,,,,,,,,,CFTR-dependent Cl⁻ secretion to lumen: K⁺ channels recycle membrane potential,Cell,Intestine,intestine,UBERON:0000160,Secretory enterocyte (crypt),secretory cell,CL:0000151,K⁺ channels ,does,regulation of X,membrane potential,,,Intra-organ,Cellular,Seconds-minutes,CFTR current measurement,,, stool Cl⁻,Chloride [Moles/volume] in Stool,15158-9,,,,,,,cAMP/PKA pathway activates CFTR,intracellularly ATP-gated chloride channel activity (CFTR),GO:0005260, VIP & PGE₂ stimulate secretion,,,,,,,,,Yamada’s Textbook of Gastroenterology ,ISBN 9781119600206,16,,,,,,,,,
Digestive system,digestive system process,GO:0022602,Electrolyte Balance,monoatomic ion homeostasis,GO:0050801,Chloride absorption,intestinal iron absorption,GO:0160179,,,,,,,,,,,,,,,,,Cl⁻ reuptake via Cl⁻/HCO₃⁻ exchangers: DRA (SLC26A3) exchange Cl⁻/HCO₃⁻,Cell,Intestine,intestine,UBERON:0000160,Colonocyte (distal colon),colonocyte,CL:1000347,DRA (SLC26A3),does,X exchange with Y,chloride,bicarbonate,,Intra-organ,Cellular,Minutes-hours,Fecal Cl⁻ loss,Chloride [Moles/volume] in Stool,15158-9, acid-base balance,,,,,,,,,Linked NaCl coupled absorption via DRA-NHE3 complex,sodium:proton antiporter activity,GO:0015385,,,,,,,,,,Yamada’s Textbook of Gastroenterology ,ISBN 9781119600206,16,,,,,,,,,
Digestive system,digestive system process,GO:0022602,Electrolyte Balance,monoatomic ion homeostasis,GO:0050801,Chloride absorption,intestinal iron absorption,GO:0160179,,,,,,,,,,,,,,,,,Cl⁻ reuptake via Cl⁻/HCO₃⁻ exchangers: AE2 basolateral Cl⁻ exit,Cell,Intestine,intestine,UBERON:0000160,Colonocyte (distal colon),colonocyte,CL:1000347,AE2 ,does,X release to Y,chloride,lumen,,Intra-organ,Cellular,Minutes-hours,Fecal Cl⁻ loss,Chloride [Moles/volume] in Stool,15158-9, acid-base balance,,,,,,,,,Linked NaCl coupled absorption via DRA-NHE3 complex,sodium:proton antiporter activity,GO:0015385,,,,,,,,,,Yamada’s Textbook of Gastroenterology ,ISBN 9781119600206,16,,,,,,,,,
Digestive system,digestive system process,GO:0022602,Electrolyte Balance,monoatomic ion homeostasis,GO:0050801,Chloride absorption,intestinal iron absorption,GO:0160179,,,,,,,,,,,,,,,,,Cl⁻ reuptake via Cl⁻/HCO₃⁻ exchangers: Linked to NHE3 for electroneutrality,Cell,Intestine,intestine,UBERON:0000160,Colonocyte (distal colon),colonocyte,CL:1000347,NHE3-DRA,does,regulation of X,electroneutrality,,,Intra-organ,Cellular,Minutes-hours,Fecal Cl⁻ loss,Chloride [Moles/volume] in Stool,15158-9, acid-base balance,,,,,,,,,Linked NaCl coupled absorption via DRA-NHE3 complex,sodium:proton antiporter activity,GO:0015385,,,,,,,,,,Yamada’s Textbook of Gastroenterology ,ISBN 9781119600206,16,,,,,,,,,
Digestive system,digestive system process,GO:0022602,Electrolyte Balance,monoatomic ion homeostasis,GO:0050801,Potassium handling,potassium ion transport,GO:0006813,,,,,,,,,,,,,,,,,Luminal secretion and absorption balance: Basolateral Na⁺/K⁺-ATPase creates gradient,Cell,Intestine,intestine,UBERON:0000160,Colonocyte,colonocyte,CL:1000347,Na⁺/K⁺-ATPase,does,regulation of X,Na⁺/K⁺-ATPase gradient ,,,Intra-organ,Cellular,Minutes-hours,Stool K⁺ loss,Potassium [Measurement] in Stool,111266-3, serum K⁺,Potassium [Moles/volume] in Serum or Plasma,2823-3,,,,,,,Aldosterone ↑ BK/ROMK,response to aldosterone,GO:1904044, luminal flow stimulates K⁺ secretion,,,,,,,,,Yamada’s Textbook of Gastroenterology ,ISBN 9781119600206,16,,,,,,,,,
Digestive system,digestive system process,GO:0022602,Electrolyte Balance,monoatomic ion homeostasis,GO:0050801,Potassium handling,potassium ion transport,GO:0006813,,,,,,,,,,,,,,,,,Luminal secretion and absorption balance: Apical BK and ROMK channels secrete K⁺,Cell,Colon,Colon,UBERON:0001155,Colonocyte,colonocyte,CL:1000347,Apical BK and ROMK channels,does,X release to Y,potassium,lumen,,Intra-organ,Cellular,Minutes-hours,Stool K⁺ loss,Potassium [Measurement] in Stool,111266-3, serum K⁺,Potassium [Moles/volume] in Serum or Plasma,2823-3,,,,,,,Aldosterone ↑ BK/ROMK,response to aldosterone,GO:1904044, luminal flow stimulates K⁺ secretion,,,,,,,,,Yamada’s Textbook of Gastroenterology ,ISBN 9781119600206,16,,,,,,,,,
Digestive system,digestive system process,GO:0022602,Electrolyte Balance,monoatomic ion homeostasis,GO:0050801,Potassium handling,potassium ion transport,GO:0006813,,,,,,,,,,,,,,,,,Luminal secretion and absorption balance: H⁺/K⁺-ATPase absorbs K⁺ in distal colon,Cell,Colon,Colon,UBERON:0001155,Colonocyte,colonocyte,CL:1000347,H⁺/K⁺-ATPase,does,X transport to Y,potassium,cell,,Intra-organ,Cellular,Minutes-hours,Stool K⁺ loss,Potassium [Measurement] in Stool,111266-3, serum K⁺,Potassium [Moles/volume] in Serum or Plasma,2823-3,,,,,,,Aldosterone ↑ BK/ROMK,response to aldosterone,GO:1904044, luminal flow stimulates K⁺ secretion,,,,,,,,,Yamada’s Textbook of Gastroenterology ,ISBN 9781119600206,16,,,,,,,,,
Digestive system,digestive system process,GO:0022602,Electrolyte Balance,monoatomic ion homeostasis,GO:0050801,Bicarbonate secretion,bicarbonate transport,GO:0015701,,,,,,,,,,,,,,,,,Luminal HCO₃⁻ output via anion exchangers and CFTR: Apical CFTR HCO₃⁻ conduction,Cell,Duodenum,Duodenum,UBERON:0002114,Enterocyte,enterocyte of epithelium of large intestine,CL:0002071,Apical CFTR ,does,X transport to Y,bicarbonate,lumen,,Intra-organ,Cellular,Minutes-hours,Luminal pH,,, bicarbonate output,Bicarbonate post secretin stimulation panel - Body fluid,95363-8,,,,,,,CFTR-SLC26 coupling regulated by WNK/SPAK pathway,,,,,,,,,,,,Yamada’s Textbook of Gastroenterology ,ISBN 9781119600206,16,,,,,,,,,
Digestive system,digestive system process,GO:0022602,Electrolyte Balance,monoatomic ion homeostasis,GO:0050801,Bicarbonate secretion,bicarbonate transport,GO:0015701,,,,,,,,,,,,,,,,,Luminal HCO₃⁻ output via anion exchangers and CFTR: SLC26A3/SLC26A6 HCO₃⁻ exchange,Cell,Duodenum,Duodenum,UBERON:0002114,Enterocyte,enterocyte of epithelium of large intestine,CL:0002071,SLC26A3/SLC26A6,does,X exchange,bicarbonate,,,Intra-organ,Cellular,Minutes-hours,Luminal pH,,, bicarbonate output,Bicarbonate post secretin stimulation panel - Body fluid,95363-8,,,,,,,CFTR-SLC26 coupling regulated by WNK/SPAK pathway,,,,,,,,,,,,Yamada’s Textbook of Gastroenterology ,ISBN 9781119600206,16,,,,,,,,,
Digestive system,digestive system process,GO:0022602,Electrolyte Balance,monoatomic ion homeostasis,GO:0050801,Bicarbonate secretion,bicarbonate transport,GO:0015701,,,,,,,,,,,,,,,,,Luminal HCO₃⁻ output via anion exchangers and CFTR: Carbonic anhydrase H⁺/HCO₃⁻ generation,Cell,Stomach/Intestine,digestive system,UBERON:0001007,Enterocyte,enterocyte of epithelium of large intestine,CL:0002071,,does,X formation,bicarbonate,,,,Cellular,Minutes-hours,Luminal pH,,, bicarbonate output,Bicarbonate post secretin stimulation panel - Body fluid,95363-8,,,,,,,CFTR-SLC26 coupling regulated by WNK/SPAK pathway,,,,,,,,,,,,Yamada’s Textbook of Gastroenterology ,ISBN 9781119600206,16,,,,,,,,,
Digestive system,digestive system process,GO:0022602,Electrolyte Balance,monoatomic ion homeostasis,GO:0050801,calcium reabsorption,calcium ion homeostasis,GO:0055074,,,,,,,,,,,,,,,,,Intestinal Ca²⁺ absorption: ,Organ,Small intestine,small intestine,UBERON:0002108,Enterocytes,enterocyte,CL:0000584,,does,X transport to Y,Ca²⁺,blood,20% of Calcium intake,,Organ (intra-organ),Hours-days,Serum Ca²⁺,Calcium [Mass/volume] in Serum or Plasma,17861-6, 25-OH vitamin D,25-hydroxyvitamin D3 [Mass/volume] in Serum or Plasma (or 62292-8 if total D2+D3 intended),1989-3,,,,,,,↑ Vitamin D → ↑ TRPV6 → ↑ CaBP → ↑ Ca²⁺ transport,calcium ion transmembrane transport,GO:0070588,,,,,,,,,,Yamada’s Textbook of Gastroenterology ,ISBN 9781119600206,16,,,,,,,,,
Digestive system,digestive system process,GO:0022602,Electrolyte Balance,monoatomic ion homeostasis,GO:0050801,calcium reabsorption,calcium ion homeostasis,GO:0055074,,,,,,,,,,,,,,,,,Intestinal Ca²⁺ excretion: ,Organ,Small intestine,small intestine,UBERON:0002108,Enterocytes,enterocyte,CL:0000584,,does,X transport to Y,Ca²⁺,lumen,80% of Calcium intake,,Organ (intra-organ),Hours-days,Serum Ca²⁺,Calcium [Mass/volume] in Serum or Plasma,17861-6, 25-OH vitamin D,25-hydroxyvitamin D3 [Mass/volume] in Serum or Plasma (or 62292-8 if total D2+D3 intended),1989-3,,,,,,,↑ Vitamin D → ↑ TRPV6 → ↑ CaBP → ↑ Ca²⁺ transport,calcium ion transmembrane transport,GO:0070588,,,,,,,,,,Yamada’s Textbook of Gastroenterology ,ISBN 9781119600206,16,,,,,,,,,
Digestive system,digestive system process,GO:0022602,Electrolyte Balance,monoatomic ion homeostasis,GO:0050801,calcium reabsorption,calcium ion homeostasis,GO:0055074,,,,,,,,,,,,,,,,,"Intestinal Ca²⁺ absorption (vitamin D-dependent transcellular transport):  TRPV6, CaBP mediates  calcium absorption",Cell,Small intestine,small intestine,UBERON:0002108,Enterocytes,enterocyte,CL:0000584,,does,X transport to Y,Ca²⁺,blood,,,Cellular,Hours-days,Serum Ca²⁺,Calcium [Mass/volume] in Serum or Plasma,17861-6, 25-OH vitamin D,25-hydroxyvitamin D3 [Mass/volume] in Serum or Plasma (or 62292-8 if total D2+D3 intended),1989-3,,,,,,,↑ Vitamin D → ↑ TRPV6 → ↑ CaBP → ↑ Ca²⁺ transport,calcium ion transmembrane transport,GO:0070588,,,,,,,,,,Yamada’s Textbook of Gastroenterology ,ISBN 9781119600206,16,,,,,,,,,
Digestive system,digestive system process,GO:0022602,Electrolyte Balance,monoatomic ion homeostasis,GO:0050801,calcium reabsorption,calcium ion homeostasis,GO:0055074,,,,,,,,,,,,,,,,,Intestinal Ca²⁺ absorption (vitamin D-dependent transcellular transport): VitD mediates  calcium absorption,Cell,Small intestine,small intestine,UBERON:0002108,Enterocytes,enterocyte,CL:0000584,Vitamin D,increases,X transport to Y,Ca²⁺,blood,,Systemic,Cellular,Hours-days,Serum Ca²⁺,Calcium [Mass/volume] in Serum or Plasma,17861-6, 25-OH vitamin D,25-hydroxyvitamin D3 [Mass/volume] in Serum or Plasma (or 62292-8 if total D2+D3 intended),1989-3,,,,,,,↑ Vitamin D → ↑ TRPV6 → ↑ CaBP → ↑ Ca²⁺ transport,calcium ion transmembrane transport,GO:0070588,,,,,,,,,,Yamada’s Textbook of Gastroenterology ,ISBN 9781119600206,16,,,,,,,,,
Digestive system,digestive system process,GO:0022602,Electrolyte Balance,monoatomic ion homeostasis,GO:0050801,calcium reabsorption,calcium ion homeostasis,GO:0055074,,,,,,,,,,,,,,,,,Intestinal Ca²⁺ absorption (vitamin D-dependent transcellular transport): calcitonin mediates  calcium absorption,Cell,Small intestine,small intestine,UBERON:0002108,Enterocytes,enterocyte,CL:0000584,calcitonin,decreases,X transport to Y,Ca²⁺,blood,,Systemic,Cellular,Hours-days,Serum Ca²⁺,Calcium [Mass/volume] in Serum or Plasma,17861-6,calcitonin,Calcitonin [Mass/volume] in Serum or Plasma,1992-7,,,,,,,↑ Vitamin D → ↑ TRPV6 → ↑ CaBP → ↑ Ca²⁺ transport,calcium ion transmembrane transport,GO:0070588,,,,,,,,,,Yamada’s Textbook of Gastroenterology ,ISBN 9781119600206,16,,,,,,,,,
Digestive system,digestive system process,GO:0022602,Electrolyte Balance,monoatomic ion homeostasis,GO:0050801,calcium reabsorption,calcium ion homeostasis,GO:0055074,,,,,,,,,,,,,,,,,Intestinal Ca²⁺ absorption (vitamin D-dependent transcellular transport): PTH mediates  calcium absorption,Cell,Small intestine,small intestine,UBERON:0002108,Enterocytes,enterocyte,CL:0000584,PTH,increases,X transport to Y,Ca²⁺,blood,,Systemic,Cellular,Hours-days,Serum Ca²⁺,Calcium [Mass/volume] in Serum or Plasma,17861-6,PTH,Parathyrin.intact [Mass/volume] in Serum or Plasma,2731-8,,,,,,,↑ Vitamin D → ↑ TRPV6 → ↑ CaBP → ↑ Ca²⁺ transport,calcium ion transmembrane transport,GO:0070588,,,,,,,,,,Yamada’s Textbook of Gastroenterology ,ISBN 9781119600206,16,,,,,,,,,
Digestive system,digestive system process,GO:0022602,Electrolyte Balance,monoatomic ion homeostasis,GO:0050801,calcium reabsorption,calcium ion homeostasis,GO:0055074,,,,,,,,,,,,,,,,,Passive paracellular Ca²⁺ absorption: Tight junction permeability mediates  calcium passive absorption,Tissue,Small intestine,small intestine,UBERON:0002108,Tight junction epithelium,,,Tight junction permeability,does,X transport to Y,Ca²⁺,blood,,Intra-organ,Cellular,seconds-minutes,Serum Ca²⁺,Calcium [Mass/volume] in Serum or Plasma,17861-6,,,,,,,,,,Driven by electro-chemical gradient; ↑ intestinal flow → ↑ passive loss,passive transmembrane transporter activity,GO:0022803,,,,,,,,,,Yamada’s Textbook of Gastroenterology ,ISBN 9781119600206,16,,,,,,,,,
Digestive system,digestive system process,GO:0022602,Electrolyte Balance,monoatomic ion homeostasis,GO:0050801,Phosphate absorption,phosphate ion transport,GO:0006817,,,,,,,,,,,,,,,,,Intestinal PO₄³⁻ absorption via NaPi cotransport: NaPi-Iib mediates PO₄³⁻  reabsorption ,Organ,Small intestine,small intestine,UBERON:0002108,Enterocytes,enterocyte,CL:0000584,,does,X transport to Y,PO₄³⁻ ,blood,73% of  phosphorus  intake,,Organ (intra-organ),Seconds-minutes,Serum phosphate,Phosphate [Mass/volume] in Serum or Plasma,2777-1,,,,,,,,,,↑ Ca²⁺ → contraction; Ca-channel blockers ↓ motility,smooth muscle contraction,GO:0006939,,,,,,,,,,Yamada’s Textbook of Gastroenterology ,ISBN 9781119600206,16,,,,,,,,,
Digestive system,digestive system process,GO:0022602,Electrolyte Balance,monoatomic ion homeostasis,GO:0050801,Phosphate secretion,phosphate ion transport,GO:0006817,,,,,,,,,,,,,,,,,About 200 mg of phosphorus is secreted into the intestine via pancreatic and intestinal secretions: pancreatic and intestinal secretes  phosphorus,Organ,Pancreas/ Small intestine,digestive system,UBERON:0001007,Enterocytes,enterocyte,CL:0000584,,does,X transport to Y,PO₄³⁻ ,fece,13% of  phosphorus  intake,,Organ (intra-organ),Seconds-minutes,Serum phosphate,Phosphate [Mass/volume] in Serum or Plasma,2777-1,,,,,,,,,,↑ Ca²⁺ → contraction; Ca-channel blockers ↓ motility,smooth muscle contraction,GO:0006939,,,,,,,,,,Yamada’s Textbook of Gastroenterology ,ISBN 9781119600206,16,,,,,,,,,
Digestive system,digestive system process,GO:0022602,Electrolyte Balance,monoatomic ion homeostasis,GO:0050801,Phosphate absorption,phosphate ion transport,GO:0006817,,,,,,,,,,,,,,,,,Intestinal PO₄³⁻ absorption via NaPi cotransport: NaPi-Iib mediates PO₄³⁻  reabsorption ,Cell,Small intestine,Small intestine,UBERON:0002108,Enterocytes,enterocyte,CL:0000584,,does,X transport to Y,PO₄³⁻ ,blood,,,Cellular,Seconds-minutes,Serum phosphate,Phosphate [Mass/volume] in Serum or Plasma,2777-1,,,,,,,,,,↑ Ca²⁺ → contraction; Ca-channel blockers ↓ motility,smooth muscle contraction,GO:0006939,,,,,,,,,,Yamada’s Textbook of Gastroenterology ,ISBN 9781119600206,16,,,,,,,,,
Digestive system,digestive system process,GO:0022602,Electrolyte Balance,monoatomic ion homeostasis,GO:0050801,Phosphate absorption,phosphate ion transport,GO:0006817,,,,,,,,,,,,,,,,,Phosphate absorption: PTH mediates PO₄³⁻  reabsorption ,Cell,Small intestine,Small intestine,UBERON:0002108,Enterocytes,enterocyte,CL:0000584,VitD,increases,X transport to Y,PO₄³⁻ ,blood,,Systemic,Cellular,Seconds-minutes,Serum phosphate,Phosphate [Mass/volume] in Serum or Plasma,2777-1, 25-OH vitamin D,25-hydroxyvitamin D3 [Mass/volume] in Serum or Plasma (or 62292-8 if total D2+D3 intended),1989-3,,,,,,,↑ Ca²⁺ → contraction; Ca-channel blockers ↓ motility,smooth muscle contraction,GO:0006939,,,,,,,,,,Yamada’s Textbook of Gastroenterology ,ISBN 9781119600206,16,,,,,,,,,
Digestive system,digestive system process,GO:0022602,Electrolyte Balance,monoatomic ion homeostasis,GO:0050801,Phosphate absorption,phosphate ion transport,GO:0006817,,,,,,,,,,,,,,,,,Phosphate absorption: FGF23 mediates PO₄³⁻  reabsorption ,Cell,Small intestine,Small intestine,UBERON:0002108,Enterocytes,enterocyte,CL:0000584,FGF23,decreases,X transport to Y,PO₄³⁻ ,blood,,Systemic,Cellular,Seconds-minutes,Serum phosphate,Phosphate [Mass/volume] in Serum or Plasma,2777-1,FGF23,Fibroblast growth factor 23.C-terminal [Units/volume] in Plasma,47855-2,,,,,,,↑ Ca²⁺ → contraction; Ca-channel blockers ↓ motility,smooth muscle contraction,GO:0006939,,,,,,,,,,Yamada’s Textbook of Gastroenterology ,ISBN 9781119600206,16,,,,,,,,,
Digestive system,digestive system process,GO:0022602,Electrolyte Balance,monoatomic ion homeostasis,GO:0050801,Phosphate absorption,phosphate ion transport,GO:0006817,,,,,,,,,,,,,,,,,Phosphate absorption: Concentration-dependent diffusion mediates  PO₄³⁻ passive absorption,Tissue,Small intestine,Small intestine,UBERON:0002108,Small intestine,Small intestine,UBERON:0002108,Concentration-dependent diffusion,does,X transport to Y,PO₄³⁻ ,blood,,Intra-organ,Organ (intra-organ),minutes-hours,Serum phosphate,Phosphate [Mass/volume] in Serum or Plasma,2777-1,,,,,,,,,,Concentration-dependent diffusion,passive transmembrane transporter activity,GO:0022803,,,,,,,,,,Yamada’s Textbook of Gastroenterology ,ISBN 9781119600206,16,,,,,,,,,
Digestive system,digestive system process,GO:0022602,Electrolyte Balance,monoatomic ion homeostasis,GO:0050801,Phosphate absorption,phosphate ion transport,GO:0006817,,,,,,,,,,,,,,,,,Phosphate binding in gut (diet/fiber or meds): Phosphate binding in gut (diet/fiber or meds) regulates  PO₄³⁻ reabsorption,Tissue,Small intestine,Small intestine,UBERON:0002108,Small intestine,Small intestine,UBERON:0002108,phytic acid,increases,X excretion to Y,PO₄³⁻ ,fece,,Intra-organ,Organ (intra-organ),Hours,Serum phosphate,Phosphate [Mass/volume] in Serum or Plasma,2777-1,,,,,,,,,,Concentration-dependent diffusion,passive transmembrane transporter activity,GO:0022803,,,,,,,,,,Yamada’s Textbook of Gastroenterology ,ISBN 9781119600206,16,,,,,,,,,
Digestive system,digestive system process,GO:0022602,Electrolyte Balance,monoatomic ion homeostasis,GO:0050801,Phosphate absorption,phosphate ion transport,GO:0006817,,,,,,,,,,,,,,,,,Ca-P complex formation in gut lumen: Ca-P complex formation in gut lumen regulates  PO₄³⁻ reabsorption,Tissue,Small intestine,Small intestine,UBERON:0002108,Small intestine,Small intestine,UBERON:0002108,dairy buffering,increases,X transport to Y,PO₄³⁻ ,cell,,Intra-organ,Organ (intra-organ),Minutes-hours,Serum phosphate,Phosphate [Mass/volume] in Serum or Plasma,2777-1,,,,,,,,,,Concentration-dependent diffusion,passive transmembrane transporter activity,GO:0022803,,,,,,,,,,Yamada’s Textbook of Gastroenterology ,ISBN 9781119600206,16,,,,,,,,,
Digestive system,digestive system process,GO:0022602,Electrolyte Balance,monoatomic ion homeostasis,GO:0050801,Maintain calcium-phosphate balance,phosphate ion transport,GO:0006817,,,,,,,,,,,,,,,,,Ca²⁺ regulates epithelial junction & secretion: Ca²⁺ influx (TRPV6) increases⁺ CaSR activation  and intracellular  Ca² for Tightens tight junctions and mucus secretion,Organ system,GI,digestive system,UBERON:0001007,Enterocytes,enterocyte,CL:0000584,Ca²⁺ influx,does,X resitution,tight junctions barrier,,,Systemic,Systemic,Hours-days,Serum phosphate,Phosphate [Mass/volume] in Serum or Plasma,2777-1, FGF-23,Fibroblast growth factor 23.C-terminal [Units/volume] in Plasma,47855-2,,,,,,,↓ NaPi-IIb expression,sodium-dependent phosphate transport,GO:0044341,,,,,,,,,,Yamada’s Textbook of Gastroenterology ,ISBN 9781119600206,16,,,,,,,,,
Digestive system,digestive system process,GO:0022602,Electrolyte Balance,monoatomic ion homeostasis,GO:0050801,Water transport,water transport,GO:0006833,,,,,,,,,,,,,,,,,Coupled osmotic movement following ion flux: Na⁺-driven water uptake,Cell,Intestine,intestine,UBERON:0000160,Enterocyte,enterocyte,CL:0000584,,does,X transport to Y,sodium/water,blood,,,Cellular,seconds-minutes,Stool water content,Water [Mass/mass] in Stool by Infrared spectroscopy,59016-6, hydration state,,,,,,,,,Osmotic coupling to NaCl flux,,,,,,,,,,,,Yamada’s Textbook of Gastroenterology ,ISBN 9781119600206,16,,,,,,,,,
Digestive system,digestive system process,GO:0022602,Electrolyte Balance,monoatomic ion homeostasis,GO:0050801,Water transport,water transport,GO:0006833,,,,,,,,,,,,,,,,,Coupled osmotic movement following ion flux: Paracellular solvent drag,Cell,Intestine,intestine,UBERON:0000160,Enterocyte,enterocyte,CL:0000584,,does,X transport between Y,water,the gaps between gut cells,,,Cellular,seconds-minutes,Stool water content,Water [Mass/mass] in Stool by Infrared spectroscopy,59016-6, hydration state,,,,,,,,,Osmotic coupling to NaCl flux,,,,,,,,,,,,Yamada’s Textbook of Gastroenterology ,ISBN 9781119600206,16,,,,,,,,,
Digestive system,digestive system process,GO:0022602,Electrolyte Balance,monoatomic ion homeostasis,GO:0050801,Water transport,water transport,GO:0006833,,,,,,,,,,,,,,,,,Coupled osmotic movement following ion flux: Aquaporin-mediated transcellular flow,Cell,Stomach,stomach,UBERON:0000945,Enterocyte,enterocyte,CL:0000584,,does,X formation,Aquaporin transcellular water flow,,,,Segmental (intra-organ),seconds-minutes,Stool water content,Water [Mass/mass] in Stool by Infrared spectroscopy,59016-6, hydration state,,,,,,,,,Osmotic coupling to NaCl flux,,,,,,,,,,,,Yamada’s Textbook of Gastroenterology ,ISBN 9781119600206,16,,,,,,,,,
Digestive system,digestive system process,GO:0022602,Electrolyte Balance,monoatomic ion homeostasis,GO:0050801,Regulation of transport by second messengers,regulation of transport,GO:0051049,,,,,,,,,,,,,,,,,"cAMP-, cGMP- and Ca²⁺-mediated pathways: cAMP (VIP, PGE₂) → CFTR activation",Cell,Stomach,stomach,UBERON:0000945,Secretory enterocyte,secretory cell,CL:0000151,"VIP, PGE₂",increases,X activation,CFTR signaling,,,Paracrine ,Organ (intra-organ),Seconds-minutes,cAMP/cGMP levels,cAMP: Adenosine monophosphate.cyclic [Moles/volume] in Urine --baseline / cGMP: Guanosine monophosphate.cyclic [Mass/volume] in Serum or Plasma,45015-5 / 2402-6, CFTR activity,,,,,,,,,"ENS and hormonal control (VIP, ACh, PGE₂)",,,,,,,,,,,,Yamada’s Textbook of Gastroenterology ,ISBN 9781119600206,16,,,,,,,,,
Digestive system,digestive system process,GO:0022602,Electrolyte Balance,monoatomic ion homeostasis,GO:0050801,Regulation of transport by second messengers,regulation of transport,GO:0051049,,,,,,,,,,,,,,,,,"cAMP-, cGMP- and Ca²⁺-mediated pathways: cGMP (guanylin, E. coli STa) → CFTR ↑",Cell,Stomach,stomach,UBERON:0000945,Secretory enterocyte,secretory cell,CL:0000151,Guanylin/STa,increases,X activation,CFTR signaling,,,Paracrine,Organ (intra-organ),Seconds-minutes,cAMP/cGMP levels,cAMP: Adenosine monophosphate.cyclic [Moles/volume] in Urine --baseline / cGMP: Guanosine monophosphate.cyclic [Mass/volume] in Serum or Plasma,45015-5 / 2402-6, CFTR activity,,,,,,,,,"ENS and hormonal control (VIP, ACh, PGE₂)",,,,,,,,,,,,Yamada’s Textbook of Gastroenterology ,ISBN 9781119600206,16,,,,,,,,,
Digestive system,digestive system process,GO:0022602,Electrolyte Balance,monoatomic ion homeostasis,GO:0050801,Regulation of transport by second messengers,regulation of transport,GO:0051049,,,,,,,,,,,,,,,,,"cAMP-, cGMP- and Ca²⁺-mediated pathways: Ca²⁺ (acetylcholine) → Cl⁻ & K⁺ channels ↑",Cell,Stomach,stomach,UBERON:0000945,Secretory enterocyte,secretory cell,CL:0000151,Ca²⁺/ACh,increases,X activation,Ca²⁺-ACh,,,Intra-organ,Paracrine,Seconds-minutes,cAMP/cGMP levels,cAMP: Adenosine monophosphate.cyclic [Moles/volume] in Urine --baseline / cGMP: Guanosine monophosphate.cyclic [Mass/volume] in Serum or Plasma,45015-5 / 2402-6, CFTR activity,,,,,,,,,"ENS and hormonal control (VIP, ACh, PGE₂)",,,,,,,,,,,,Yamada’s Textbook of Gastroenterology ,ISBN 9781119600206,16,,,,,,,,,
Digestive system,digestive system process,GO:0022602,GI motility Function,,,Gastric Motility,gastric motility,GO:0035482,Gastric accommodation,gastric motility,GO:0035482,,,,,,,,,,,,,,Vagal inhibitory reflex,Organ,Gastric fundus,stomach fundus epithelium,UBERON:0005477,Gastric fundus,stomach fundus epithelium,UBERON:0005477,Vagus nerve,decreases,X reduces Y,Gastric fundus,Tone reduction,,Organ,Organ,minutes,Gastric barostat study,,,,,,,,,,,,Vagus–fundus interaction,,,,,,,,,,,,"High-Yield Physiology, 1st edition. Dudek, 2008.",ISBN: 978-0781745871,12,,,,,,,,,
Digestive system,digestive system process,GO:0022602,GI motility Function,,,Gastric Motility,gastric motility,GO:0035482,Gastric reservoir function,nutrient reservoir activity,GO:0045735,,,,,,,,,,,,,,Receptive relaxation,Organ,Stomach (fundus/proximal stomach),stomach,UBERON:0000945,Stomach (fundus/proximal stomach),stomach,UBERON:0000945,Nitric oxide (NO); VIP,increases,X relaxes Y,Gastric fundus,meal,,Organ,Organ,seconds,Barostat,,,High-resolution intragastric manometry,,,SPECT,,,,,,Vagovagal reflex,,,,,,,,,,,,"High-Yield Physiology, 1st edition. Dudek, 2008.",ISBN: 978-0781745871,12,,,,,,,,,
Digestive system,digestive system process,GO:0022602,GI motility Function,,,Gastric Motility,gastric motility,GO:0035482,Fundic receptive relaxation (nitrergic),relaxation of muscle,GO:0090075,,,,,,,,,,,,,,Receptive relaxation (stretch-induced),Organ,Stomach fundus (proximal stomach),stomach,UBERON:0000945,Stomach fundus (proximal stomach),stomach,UBERON:0000945,Nitric oxide (NO),increases,X relaxes Y,Gastric fundus,stretch,,Organ,Organ,seconds,SPECT gastric accommodation,,,Barostat,,,,,,,,,Stretch-dependent nitrergic pathway,nitric oxide-cGMP mediated signaling,GO:0038060,,,,,,,,,,"High-Yield Physiology, 1st edition. Dudek, 2008.",ISBN: 978-0781745871,13,,,,,,,,,
Digestive system,digestive system process,GO:0022602,GI motility Function,,,Gastric Motility,gastric motility,GO:0035482,Fundic receptive relaxation (VIP),relaxation of muscle,GO:0090075,,,,,,,,,,,,,,Receptive relaxation (neuropeptidergic),Organ,Stomach fundus (proximal stomach),stomach,UBERON:0000945,Stomach fundus (proximal stomach),stomach,UBERON:0000945,Vasoactive intestinal peptide (VIP),increases,X relaxes Y,Gastric fundus,VIP,,Organ,Organ,seconds,SPECT gastric accommodation,,,Barostat,,,,,,,,,VIP–cAMP pathway,,,,,,,,,,,,"High-Yield Physiology, 1st edition. Dudek, 2008.",ISBN: 978-0781745871,13,,,,,,,,,
Digestive system,digestive system process,GO:0022602,GI motility Function,,,Gastric Motility,gastric motility,GO:0035482,Gastric responses to meal ingestion,gastric motility,GO:0035482,,,,,,,,,,,,,,Accommodation (adaptive relaxation),Organ,Stomach (fundus/proximal stomach),stomach,UBERON:0000945,Stomach (fundus/proximal stomach),stomach,UBERON:0000945,Nitric oxide (NO); VIP,increases,X relaxes Y,Gastric fundus,gastric distension,,Organ,Organ,minutes,Barostat; SPECT,,,,,,,,,,,,Gastrogastric reflex,,,,,,,,,,,,"High-Yield Physiology, 1st edition. Dudek, 2008.",ISBN: 978-0781745871,54,,,,,,,,,
Digestive system,digestive system process,GO:0022602,GI motility Function,,,Gastric Motility,gastric motility,GO:0035482,Gastric peristaltic wave,,,,,,,,,,,,,,,,Peristaltic wave (slow-wave coordinated),Organ,Stomach antrum–pylorus,stomach,UBERON:0000945,Stomach antrum–pylorus,stomach,UBERON:0000945,,does,X formation,Peristaltic wave,,,,Organ,seconds,Electrogastrography (EGG); Gastric/antroduodenal manometry; Gastric emptying scintigraphy,EGG: no LOINC; Gastric/antroduodenal manometry: no LOINC; Gastric emptying scintigraphy: NM Stomach Views for gastric emptying W Tc-99m SC PO,39768-7 (gastric emptying only),,,,,,,,,,Slow wave propagation,,,,,,,,,,,,"High-Yield Physiology, 1st edition. Dudek, 2008.",ISBN: 978-0781745871,13,,,,,,,,,
Digestive system,digestive system process,GO:0022602,GI motility Function,,,Gastric Motility,gastric motility,GO:0035482,Enteroenteric inhibitory reflexes,inhibitory synapse,GO:0060077,,,,,,,,,,,,,,"Enterogastric reflex (inhibition): When the small intestine senses the incoming stomach contents are too concentrated, it sends a norepinephrine nerve signal back that slows stomach emptying — a protective brake so the intestine doesn't get overwhelmed",Organ,"Stomach,duodenum",digestive tract,UBERON:0001555,"Stomach,duodenum",digestive tract,UBERON:0001555,Norepinephrine,decreases,Induction of X,Gastric emptying,,,Organ,Organ,seconds,Gastric emptying scintigraphy,NM Stomach Views for gastric emptying W Tc-99m SC PO,39768-7,,,,,,,,,,Sympathetic pathway,,,,,,,,,,,,"High-Yield Physiology, 1st edition. Dudek, 2008.",ISBN: 978-0781745871,12,,,,,,,,,
Digestive system,digestive system process,GO:0022602,GI motility Function,,,Gastric Motility,gastric motility,GO:0035482,Gastric emptying,gastric emptying,GO:0035483,,,,,,,,,,,,,,"Antral peristaltic activity: Gastrin (released after a meal) makes the stomach's grinding contractions stronger, pushing stomach contents forward",Organ,Gastric antrum,stomach,UBERON:0000945,Gastric antrum,stomach,UBERON:0000945,Gastrin,increases,Induction of X,stomach's grinding contraction,,,Organ,Organ,minutes,Gastric emptying scintigraphy,NM Stomach Views for gastric emptying W Tc-99m SC PO,39768-7,,,,,,,,,,Gastrin–antrum interaction,cellular response to gastrin,GO:1990878,,,,,,,,,,"High-Yield Physiology, 1st edition. Dudek, 2008.",ISBN: 978-0781745871,54,,,,,,,,,
Digestive system,digestive system process,GO:0022602,GI motility Function,,,Smooth muscle and pacemakers of the gut,smooth muscle contraction,GO:0006939,Rhythmic motility,rhythmic process,GO:0048511,,,,,,,,,,,,,,Slow wave generation,Cell,Intestine,intestine,UBERON:0000160,Interstitial cells of Cajal network,interstitial cell of Cajal,CL:0002088,,does,X propagates Y,Electrical slow wave,Propagation,,,Tissue,seconds,Antroduodenal manometry,,,,,,,,,,,,ICC–smooth muscle interaction,,,,,,,,,,,,"High-Yield Physiology, 1st edition. Dudek, 2008.",ISBN: 978-0781745871,13,,,,,,,,,
Digestive system,digestive system process,GO:0022602,GI motility Function,,,Smooth muscle and pacemakers of the gut,smooth muscle contraction,GO:0006939,Peristaltic propulsion,,N/A,,,,,,,,,,,,,,Actin–myosin interaction,Tissue,Circular muscle layer,"smooth muscle tissue
",UBERON:0001135,Circular muscle layer,"smooth muscle tissue
",UBERON:0001135,Acetyloline,increases,X contracts Y,Circular muscle,Contraction,,Systemic,Tissue,seconds,Esophageal manometry,Esophageal manometry study,51393-7,,,,,,,,,,ENS–circular muscle interaction,,,,,,,,,,,,"High-Yield Physiology, 1st edition. Dudek, 2008.",ISBN: 978-0781745871,13,,,,,,,,,
Digestive system,digestive system process,GO:0022602,GI motility Function,,,Esophageal peristalsis,peristalsis,GO:0030432,,,,,,,,,,,,,,,,,Primary peristaltic wave generation: Acetylcholine (triggered by swallowing) strengthens the coordinated muscle wave that pushes the swallowed food down the esophagus into the stomach,Tissue,Esophageal body,esophagus,UBERON:0001043,Esophageal body,esophagus,UBERON:0001043,Acetyloline,increases,X transport to Y,food,stomach,,Systemic,Tissue,seconds,High-resolution manometry,,,,,,,,,,,,ENS–esophagus interaction,,,,,,,,,,,,"High-Yield Physiology, 1st edition. Dudek, 2008.",ISBN: 978-0781745871,42,,,,,,,,,
Digestive system,digestive system process,GO:0022602,GI motility Function,,,Esophageal/colonic peristaltic wave (neurogenic),peristalsis,GO:0030432,Propulsion,,N/A,,,,,,,,,,,,,,Peristaltic wave (neural organization),Tissue,Esophagus/colon (smooth muscle regions),smooth muscle of esophagus,UBERON:0002112,Esophagus/colon (smooth muscle regions),smooth muscle of esophagus,UBERON:0002112,Acetylcholine; Substance P,increases,X propagates Y,Peristaltic wave,distal segment,,Systemic,Tissue,seconds,High-resolution manometry (HRM),,,,,,,,,,,,Enteric excitatory pathway,,,,,,,,,,,,"High-Yield Physiology, 1st edition. Dudek, 2008.",ISBN: 978-0781745871,13,,,,,,,,,
Digestive system,digestive system process,GO:0022602,GI motility Function,,,Small Intestinal Motility,intestinal motility,GO:0120054,,,,,,,,,,,,,,,,,Peristaltic reflex (ascending limb),Tissue,Small intestine (circular muscle),small intestine smooth muscle circular layer,UBERON:0012401,Small intestine (circular muscle),small intestine smooth muscle circular layer,UBERON:0012401,Acetylcholine; Substance P,increases,X contracts Y,Circular muscle,bolus,,Systemic,Tissue,seconds,Antroduodenal manometry,,,,,,,,,,,,Ascending-descending reflex arc,,,,,,,,,,,,"High-Yield Physiology, 1st edition. Dudek, 2008.",ISBN: 978-0781745871,12,,,,,,,,,
Digestive system,digestive system process,GO:0022602,GI motility Function,,,Small Intestinal Motility,intestinal motility,GO:0120054,,,,,,,,,,,,,,,,,Peristaltic reflex (descending limb),Tissue,Small intestine (circular muscle),small intestine smooth muscle circular layer,UBERON:0012401,Small intestine (circular muscle),small intestine smooth muscle circular layer,UBERON:0012401,NO; VIP; PACAP,increases,X relaxes Y,Circular muscle,bolus,,Systemic,Tissue,seconds,Antroduodenal manometry,,,,,,,,,,,,Ascending-descending reflex arc,,,,,,,,,,,,"High-Yield Physiology, 1st edition. Dudek, 2008.",ISBN: 978-0781745871,12,,,,,,,,,
Digestive system,digestive system process,GO:0022602,GI motility Function,,,Small Intestinal Motility,intestinal motility,GO:0120054,Small-intestinal peristaltic wave,small intestinal transit,GO:0120055,,,,,,,,,,,,,,Peristaltic wave (slow-wave coordinated),Tissue,Small intestine (circular muscle),small intestine smooth muscle circular layer,UBERON:0012401,Small intestine (circular muscle),small intestine smooth muscle circular layer,UBERON:0012401,,does,X propagates Y,Peristaltic wave,circular muscle,,,Tissue,seconds,Antroduodenal manometry,,,Wireless motility capsule,,,,,,,,,Slow wave propagation,,,,,,,,,,,,"High-Yield Physiology, 1st edition. Dudek, 2008.",ISBN: 978-0781745871,13,,,,,,,,,
Digestive system,digestive system process,GO:0022602,GI motility Function,,,Small Intestinal Motility,intestinal motility,GO:0120054,Dysmotility of the small intestine and colon,,,,,,,,,,,,,,,,Local reflex contraction,Tissue,Circular muscle layer,"smooth muscle tissue
",UBERON:0001135,Circular muscle layer,"smooth muscle tissue
",UBERON:0001135,Substance P,increases,Induction of X,Intestinal segment contraction,,,Intra-organ,Tissue,seconds,Small bowel manometry,,,,,,,,,,,,ENS–circular muscle interaction,,,,,,,,,,,,"High-Yield Physiology, 1st edition. Dudek, 2008.",ISBN: 978-0781745871,55,,,,,,,,,
Digestive system,digestive system process,GO:0022602,GI motility Function,,,Colon Motility,intestinal motility,GO:0120054,Mass movement/defecation,defecation,GO:0030421,,,,,,,,,,,,,,High-amplitude propagated contraction (HAPC),Organ,Colon,colon,UBERON:0001155,Colon,colon,UBERON:0001155,,does,X propagates Y,Colon,rectum,,,Organ,minutes,Colonic manometry,,,Wireless motility capsule,,,,,,,,,Colonic ENS circuitry,,,,,,,,,,,,"High-Yield Physiology, 1st edition. Dudek, 2008.",ISBN: 978-0781745871,12,,,,,,,,,
Digestive system,digestive system process,GO:0022602,GI motility Function,,,Migrating Motor Complex,,,"Fasting patterns (Migrating Motor Complex, MMC)",,,,,,,,,,,,,,,,Migrating motor complex (phase III),Organ,Stomach & small intestine,digestive tract,UBERON:0004994,Stomach & small intestine,digestive tract,UBERON:0004994,,does,X propagates Y,Phase III,small intestine,,,Organ,minutes,Antroduodenal manometry,,,Wireless motility capsule,,,,,,,,,ICC pacemaker coupling,,,,,,,,,,,,"High-Yield Physiology, 1st edition. Dudek, 2008.",ISBN: 978-0781745871,54,,,,,,,,,
Digestive system,digestive system process,GO:0022602,GI motility Function,,,Sympathetic effects on motility,nervous system process,GO:0050877,Protective inhibition,,,,,,,,,,,,,,,,Sympathetic reflex,Organ system,Gastrointestinal tract (nonsphincter regions),digestive tract,UBERON:0004994,Gastrointestinal tract (nonsphincter regions),digestive tract,UBERON:0004994,Norepinephrine,decreases,X relaxes Y,Smooth muscle,sympathetic activity,,Systemic,Organ system,seconds,,,,,,,,,,,,,Sympathetic pathway,,,,,,,,,,,,"High-Yield Physiology, 1st edition. Dudek, 2008.",ISBN: 978-0781745871,12,,,,,,,,,
Digestive system,digestive system process,GO:0022602,GI motility Function,,,Hormonal regulation of motility,regulation of gastric motility,GO:1905333,Modulation of gastric/intestinal motility,,,,,,,,,,,,,,,,CCK signaling,Organ,Stomach and proximal small intestine,digestive tract,UBERON:0004994,Stomach and proximal small intestine,digestive tract,UBERON:0004994,Cholecystokinin (CCK),decreases,X reduces Y,Antrum,meal,,Systemic,Organ,minutes,Gastric emptying scintigraphy,NM Stomach Views for gastric emptying W Tc-99m SC PO,39768-7,,,,,,,,,,Hormone-SIP signaling,,,,,,,,,,,,"High-Yield Physiology, 1st edition. Dudek, 2008.",ISBN: 978-0781745871,13,,,,,,,,,
Digestive system,digestive system process,GO:0022602,GI motility Function,,,Hormonal regulation of motility,regulation of gastric motility,GO:1905333,Augmentation of gastric motility,,,,,,,,,,,,,,,,Gastrin signaling,Organ,Stomach (antrum/corpus),stomach,UBERON:0000945,Stomach (antrum/corpus),stomach,UBERON:0000945,Gastrin,increases,X contracts Y,Antrum,meal,,Intra-organ,Organ,minutes,Gastric emptying scintigraphy,NM Stomach Views for gastric emptying W Tc-99m SC PO,39768-7,,,,,,,,,,Hormone-SIP signaling,,,,,,,,,,,,"High-Yield Physiology, 1st edition. Dudek, 2008.",ISBN: 978-0781745871,13,,,,,,,,,
Digestive system,digestive system process,GO:0022602,GI motility Function,,,Hormonal regulation of motility,regulation of gastric motility,GO:1905333,Prokinetic signal,,,,,,,,,,,,,,,,Ghrelin signaling (vagal-dependent),Organ,Stomach,stomach,UBERON:0000945,Stomach,stomach,UBERON:0000945,Ghrelin,increases,X enhances Y,Gastric motility,fasting,,Intra-organ,Organ,minutes,Gastric emptying scintigraphy,NM Stomach Views for gastric emptying W Tc-99m SC PO,39768-7,,,,,,,,,,Vagovagal modulation,,,,,,,,,,,,"High-Yield Physiology, 1st edition. Dudek, 2008.",ISBN: 978-0781745871,24,,,,,,,,,
Digestive system,digestive system process,GO:0022602,GI motility Function,,,Paracrine modulation,paracrine signaling,GO:0038001,Negative feedback on excitability,,,,,,,,,,,,,,,,Prostaglandin signaling,Organ,Small intestine,small intestine,UBERON:0002108,Small intestine,small intestine,UBERON:0002108,Prostaglandin E2 (PGE2),decreases,X suppresses Y,Small intestine motility,PGE2,,Systemic,Organ,minutes,Small bowel transit studies,,,Manometry," (only esophageal manometry has a dedicated code, 51393-7)",,,,,,,,Paracrine feedback,,,,,,,,,,,,"High-Yield Physiology, 1st edition. Dudek, 2008.",ISBN: 978-0781745871,13,,,,,,,,,
Digestive system,digestive system process,GO:0022602,GI motility Function,,,Neural regulation (inhibitory purinergic),inhibitory synapse,GO:0060077,Inhibitory neuro-transmission,inhibitory chemical synaptic transmission,GO:0098977,,,,,,,,,,,,,,"Purinergic signaling (P2Y1-mediated): ATP and β-NAD released from nerves bind P2Y1 receptors on the muscle cell membrane, making it harder for the cell to fire (hyperpolarized) — one of the ""relax"" signals that calms gut muscle contraction",Tissue,GI smooth muscle layers,"smooth muscle tissue
",UBERON:0001135,GI smooth muscle layers,"smooth muscle tissue
",UBERON:0001135,ATP and β-NAD,decreases,Induction of X,gut muscle contraction,,,Systemic,Tissue,seconds,,,,,,,,,,,,,Enteric inhibitory pathway,negative regulation of smooth muscle contraction,GO:0045986,,,,,,,,,,"High-Yield Physiology, 1st edition. Dudek, 2008.",ISBN: 978-0781745871,13,,,,,,,,,
Digestive system,digestive system process,GO:0022602,GI motility Function,,,nNOS in GI tract,,,Sphincter control / peristalsis coordination,peristalsis,GO:0030432,,,,,,,,,,,,,,Nitrergic signaling,Tissue,Sphincters and circular muscle,"smooth muscle tissue
",UBERON:0001135,Sphincters and circular muscle,"smooth muscle tissue
",UBERON:0001135,Nitric oxide (NO),increases,X relaxes Y,Sphincter,inhibitory motor neuron,,Systemic,Tissue,seconds,HRM (esophagus),Esophageal manometry study,51393-7,Anorectal manometry,,,,,,,,,NANC inhibitory pathway,nitric oxide-cGMP mediated signaling,GO:0038060,,,,,,,,,,"High-Yield Physiology, 1st edition. Dudek, 2008.",ISBN: 978-0781745871,13,,,,,,,,,
Digestive system,digestive system process,GO:0022602,GI motility Function,,,Aging gastrointestinal tract,maintenance of gastrointestinal epithelium,GO:0030277,,,,,,,,,,,,,,,,,Enteric neuronal degeneration,Organ system,Enteric nervous system,enteric nervous system,UBERON:0002005,Enteric nervous system,enteric nervous system,UBERON:0002005,Enteric neuronal regulation,decreases,Induction of X,Peristaltic wave frequency,,,Systemic,Organ system,years,Colonic transit study, (adjacent: 24668-6 RF Colon transit-marker study),,,,,,,,,,,Aging–ENS interaction,,,,,,,,,,,,"High-Yield Physiology, 1st edition. Dudek, 2008.",ISBN: 978-0781745871,26,,,,,,,,,
Digestive system,digestive system process,GO:0022602,Secretory Function,secretion,GO:0046903,Gastric Secretions,secretion,GO:0046903,Gastric acid generation,gastric acid secretion,GO:0001696,,,,,,,,,,,,,,H⁺ secretion by parietal cells: H⁺/K⁺-ATPase exchanges H⁺ for K⁺,Cell,Stomach,stomach,UBERON:0000945,Parietal cell,parietal cell,CL:0000162,,does,X exchange,proton,,,,Cellular,Seconds-minutes,BAO, (was wrongly matched to unrelated 'African baobab' entry),, MAO, (was wrongly matched to unrelated MAOA gene VNTR test),, PAO (acid output),,,,,,"Neurocrine-paracrine-endocrine axis (ACh, histamine, gastrin)",,,,,,,,,,,,Yamada’s Textbook of Gastroenterology ,ISBN 9781119600206,17,,,,,,,,,
Digestive system,digestive system process,GO:0022602,Secretory Function,secretion,GO:0046903,Gastric Secretions,secretion,GO:0046903,Gastric acid generation,gastric acid secretion,GO:0001696,,,,,,,,,,,,,,H⁺ secretion by parietal cells: Carbonic anhydrase forms H⁺ and HCO₃⁻,Cell,Stomach,stomach,UBERON:0000945,Parietal cell,parietal cell,CL:0000162,,does,X formation,bicarbonate,,,,Cellular,Seconds-minutes,BAO, (was wrongly matched to unrelated 'African baobab' entry),, MAO, (was wrongly matched to unrelated MAOA gene VNTR test),, PAO (acid output),,,,,,"Neurocrine-paracrine-endocrine axis (ACh, histamine, gastrin)",,,,,,,,,,,,Yamada’s Textbook of Gastroenterology ,ISBN 9781119600206,17,,,,,,,,,
Digestive system,digestive system process,GO:0022602,Secretory Function,secretion,GO:0046903,Gastric Secretions,secretion,GO:0046903,Gastric acid generation,gastric acid secretion,GO:0001696,,,,,,,,,,,,,,H⁺ secretion by parietal cells: Cl⁻ and K⁺ channels recycle ions,Cell,Stomach,stomach,UBERON:0000945,Parietal cell,parietal cell,CL:0000162,,does,X recycling,chloride-potassium ion,,,,Cellular,Seconds-minutes,BAO, (was wrongly matched to unrelated 'African baobab' entry),, MAO, (was wrongly matched to unrelated MAOA gene VNTR test),, PAO (acid output),,,,,,"Neurocrine-paracrine-endocrine axis (ACh, histamine, gastrin)",,,,,,,,,,,,Yamada’s Textbook of Gastroenterology ,ISBN 9781119600206,17,,,,,,,,,
Digestive system,digestive system process,GO:0022602,Secretory Function,secretion,GO:0046903,Gastric Secretions,secretion,GO:0046903,Regulation of acid secretion,acid secretion,GO:0046717,,,,,,,,,,,,,,"Neurocrine, paracrine, endocrine pathways: Acetylcholine (vagus, M3 receptor)",Organ,Stomach,stomach,UBERON:0000945,Parietal,parietal cell,CL:0000162,ACh,increases,X activation,acetylcholine receptor,,,Paracrine,Organ (intra-organ),Seconds-minutes,Gastrin,Gastrin [Mass/volume] in Serum or Plasma,2333-3, histamine levels,Histamine [Mass/volume] in Serum or Plasma,2416-6,,,,,,,Vagus nerve → GRP → G cell,bombesin receptor signaling pathway,GO:0031989, ECL → parietal cell synergy,histamine-induced gastric acid secretion,GO:0001697,,,,,,,Yamada’s Textbook of Gastroenterology ,ISBN 9781119600206,17,,,,,,,,,
Digestive system,digestive system process,GO:0022602,Secretory Function,secretion,GO:0046903,Gastric Secretions,secretion,GO:0046903,Regulation of acid secretion,acid secretion,GO:0046717,,,,,,,,,,,,,,"Neurocrine, paracrine, endocrine pathways: Histamine (ECL → H₂ receptor)",Organ,Stomach,stomach,UBERON:0000945,Parietal,parietal cell,CL:0000162,Histamine,increases,X activation,histamine receptor ,,,Paracrine,Organ (intra-organ),Seconds-minutes,Gastrin,Gastrin [Mass/volume] in Serum or Plasma,2333-3, histamine levels,Histamine [Mass/volume] in Serum or Plasma,2416-6,,,,,,,Vagus nerve → GRP → G cell,bombesin receptor signaling pathway,GO:0031989, ECL → parietal cell synergy,histamine-induced gastric acid secretion,GO:0001697,,,,,,,Yamada’s Textbook of Gastroenterology ,ISBN 9781119600206,17,,,,,,,,,
Digestive system,digestive system process,GO:0022602,Secretory Function,secretion,GO:0046903,Gastric Secretions,secretion,GO:0046903,Regulation of acid secretion,acid secretion,GO:0046717,,,,,,,,,,,,,,"Neurocrine, paracrine, endocrine pathways: Gastrin (G cell → CCK₂ receptor)",Organ,Stomach,stomach,UBERON:0000945,Parietal,parietal cell,CL:0000162,Gastrin,increases,Induction of X,gastrin receptor stimulation,,,Intra-organ,Organ (intra-organ),Seconds-minutes,Gastrin,Gastrin [Mass/volume] in Serum or Plasma,2333-3, histamine levels,Histamine [Mass/volume] in Serum or Plasma,2416-6,,,,,,,Vagus nerve → GRP → G cell,bombesin receptor signaling pathway,GO:0031989, ECL → parietal cell synergy,histamine-induced gastric acid secretion,GO:0001697,,,,,,,Yamada’s Textbook of Gastroenterology ,ISBN 9781119600206,17,,,,,,,,,
Digestive system,digestive system process,GO:0022602,Secretory Function,secretion,GO:0046903,Gastric Secretions,secretion,GO:0046903,Protective feedback control,central nervous system control of baroreceptor feedback,GO:0003019,,,,,,,,,,,,,,Somatostatin-mediated inhibition: Low pH → D cell somatostatin release,Organ,Stomach,stomach,UBERON:0000945,D cell,digestive enzyme secreting cell,CL:0000470,Low pH,increases,X secretion,somatostatin,,,Intra-organ,Cellular,Minutes-hours,Gastrin suppression index,,,,,,,,,,,,CGRP → D cell activation,,," enterogastrones (secretin, GIP) reinforce",negative regulation of gastric acid secretion,GO:0060455,,,,,,,Yamada’s Textbook of Gastroenterology ,ISBN 9781119600206,17,,,,,,,,,
Digestive system,digestive system process,GO:0022602,Secretory Function,secretion,GO:0046903,Gastric Secretions,secretion,GO:0046903,Protective feedback control,central nervous system control of baroreceptor feedback,GO:0003019,,,,,,,,,,,,,,Somatostatin-mediated inhibition: Somatostatin inhibits G and ECL cells,Organ,Stomach,stomach,UBERON:0000945,D cell,digestive enzyme secreting cell,CL:0000470,Somatostatin,decreases,Induction of X,G and ECL cell function,,,Paracrine,Organ (intra-organ),Minutes-hours,Gastrin suppression index,,,,,,,,,,,,CGRP → D cell activation,,," enterogastrones (secretin, GIP) reinforce",negative regulation of gastric acid secretion,GO:0060455,,,,,,,Yamada’s Textbook of Gastroenterology ,ISBN 9781119600206,17,,,,,,,,,
Digestive system,digestive system process,GO:0022602,Secretory Function,secretion,GO:0046903,Gastric Secretions,secretion,GO:0046903,Protective feedback control,central nervous system control of baroreceptor feedback,GO:0003019,,,,,,,,,,,,,,Somatostatin-mediated inhibition: Acid output decreases (feedback loop),Organ,Stomach,stomach,UBERON:0000945,D cell,digestive enzyme secreting cell,CL:0000470,Somatostatin,does,X suppression,acid,,,Paracrine,Organ (intra-organ),Minutes-hours,Gastrin suppression index,,,,,,,,,,,,CGRP → D cell activation,,," enterogastrones (secretin, GIP) reinforce",negative regulation of gastric acid secretion,GO:0060455,,,,,,,Yamada’s Textbook of Gastroenterology ,ISBN 9781119600206,17,,,,,,,,,
Digestive system,digestive system process,GO:0022602,Secretory Function,secretion,GO:0046903,Gastric Secretions,secretion,GO:0046903,Basal and stimulated secretion,secretion,GO:0046903,,,,,,,,,,,,,,Circadian & meal-related acid output: Basal output (BAO) ~10% of max,Organ system,Stomach,stomach,UBERON:0000945,Parietal,parietal cell,CL:0000162,,does,X secretion maintenance,basal acid,,,,Organ (intra-organ),Minutes-hours,BAO, (was wrongly matched to unrelated 'African baobab' entry),, MAO, (was wrongly matched to unrelated MAOA gene VNTR test),, meal-stimulated acid,,,,,,Cephalic (ACh) + gastric (gastrin) + intestinal (enterooxyntin) coordination,,,,,,,,,,,,Yamada’s Textbook of Gastroenterology ,ISBN 9781119600206,17,,,,,,,,,
Digestive system,digestive system process,GO:0022602,Secretory Function,secretion,GO:0046903,Gastric Secretions,secretion,GO:0046903,Basal and stimulated secretion,secretion,GO:0046903,,,,,,,,,,,,,,"Circadian & meal-related acid output: Meal → cephalic, gastric, intestinal phases",Organ system,Stomach,stomach,UBERON:0000945,Parietal,parietal cell,CL:0000162,Meal signals,increases,Induction of X,meal-phase acid stimulation,,,Intra-organ,Organ (intra-organ),Minutes-hours,BAO, (was wrongly matched to unrelated 'African baobab' entry),, MAO, (was wrongly matched to unrelated MAOA gene VNTR test),, meal-stimulated acid,,,,,,Cephalic (ACh) + gastric (gastrin) + intestinal (enterooxyntin) coordination,,,,,,,,,,,,Yamada’s Textbook of Gastroenterology ,ISBN 9781119600206,17,,,,,,,,,
Digestive system,digestive system process,GO:0022602,Secretory Function,secretion,GO:0046903,Gastric Secretions,secretion,GO:0046903,Basal and stimulated secretion,secretion,GO:0046903,,,,,,,,,,,,,,Circadian & meal-related acid output: Gastrin & histamine dominate gastric phase,Organ system,Stomach,stomach,UBERON:0000945,Parietal,parietal cell,CL:0000162,Gastrin/Histamine,increases,Induction of X,gastrin-histamine acid stimulation,,,Intra-organ,Organ (intra-organ),Minutes-hours,BAO, (was wrongly matched to unrelated 'African baobab' entry),, MAO, (was wrongly matched to unrelated MAOA gene VNTR test),, meal-stimulated acid,,,,,,Cephalic (ACh) + gastric (gastrin) + intestinal (enterooxyntin) coordination,,,,,,,,,,,,Yamada’s Textbook of Gastroenterology ,ISBN 9781119600206,17,,,,,,,,,
Digestive system,digestive system process,GO:0022602,Secretory Function,secretion,GO:0046903,Gastric Secretions,secretion,GO:0046903,Receptor-mediated control,receptor-mediated endocytosis,GO:0006898,,,,,,,,,,,,,,"H₂, M₃, CCK₂, SSTR₂ receptor signaling: H₂ → cAMP ↑ → PKA → pump activation",Tissue,Stomach,stomach,UBERON:0000945,Parietal,parietal cell,CL:0000162,H₂,increases,X activation,histamine-cAMP pump,,,Paracrine,Segmental (intra-organ),Seconds-minutes,Histamine inhibition tests,,,,,,,,,,,,Synergistic stimulation,,," additive blockade via PPIs, H₂RAs, antimuscarinics",regulation of gastric acid secretion,GO:0060453,,,,,,,Yamada’s Textbook of Gastroenterology ,ISBN 9781119600206,17,,,,,,,,,
Digestive system,digestive system process,GO:0022602,Secretory Function,secretion,GO:0046903,Gastric Secretions,secretion,GO:0046903,Receptor-mediated control,receptor-mediated endocytosis,GO:0006898,,,,,,,,,,,,,,"H₂, M₃, CCK₂, SSTR₂ receptor signaling: M₃ → Ca²⁺ ↑ → PKC → pump insertion",Tissue,Stomach,stomach,UBERON:0000945,Parietal,parietal cell,CL:0000162,M₃,increases,Induction of X,muscarinic-Ca²⁺ pump insertion,,,Paracrine,Segmental (intra-organ),Seconds-minutes,Histamine inhibition tests,,,,,,,,,,,,Synergistic stimulation,,," additive blockade via PPIs, H₂RAs, antimuscarinics",regulation of gastric acid secretion,GO:0060453,,,,,,,Yamada’s Textbook of Gastroenterology ,ISBN 9781119600206,17,,,,,,,,,
Digestive system,digestive system process,GO:0022602,Secretory Function,secretion,GO:0046903,Gastric Secretions,secretion,GO:0046903,Receptor-mediated control,receptor-mediated endocytosis,GO:0006898,,,,,,,,,,,,,,"H₂, M₃, CCK₂, SSTR₂ receptor signaling: CCK₂ → gastrin-mediated histamine release",Tissue,Stomach,stomach,UBERON:0000945,Parietal,parietal cell,CL:0000162,gastrin,increases,X release,histamine,,,Intra-organ,Cellular,Seconds-minutes,Histamine inhibition tests,,,,,,,,,,,,Synergistic stimulation,,," additive blockade via PPIs, H₂RAs, antimuscarinics",regulation of gastric acid secretion,GO:0060453,,,,,,,Yamada’s Textbook of Gastroenterology ,ISBN 9781119600206,17,,,,,,,,,
Digestive system,digestive system process,GO:0022602,Secretory Function,secretion,GO:0046903,Gastric Secretions,secretion,GO:0046903,Mucosal protection and bicarbonate buffering,bicarbonate transport,GO:0015701,,,,,,,,,,,,,,Mucus & HCO₃⁻ secretion: Surface mucous cells secrete MUC5AC/TFF1,Tissue,Stomach,stomach,UBERON:0000945,Surface mucous,mucous cell of stomach,CL:0002180,,does,X release,MUC5AC/TFF1,,,,Cellular,Minutes-hours,Surface pH,,, mucus thickness,,,,,,,,,PGE₂ & NO increase blood flow and mucus secretion,positive regulation of gastric mucosal blood circulation,GO:1904346,,,,,,,,,,Yamada’s Textbook of Gastroenterology ,ISBN 9781119600206,17,,,,,,,,,
Digestive system,digestive system process,GO:0022602,Secretory Function,secretion,GO:0046903,Gastric Secretions,secretion,GO:0046903,Mucosal protection and bicarbonate buffering,bicarbonate transport,GO:0015701,,,,,,,,,,,,,,Mucus & HCO₃⁻ secretion: Neck mucous cells → MUC6/TFF2,Tissue,Stomach,stomach,UBERON:0000945,Surface mucous,mucous cell of stomach,CL:0002180,,does,X release,MUC6/TFF2,,,,Cellular,Minutes-hours,Surface pH,,, mucus thickness,,,,,,,,,PGE₂ & NO increase blood flow and mucus secretion,positive regulation of gastric mucosal blood circulation,GO:1904346,,,,,,,,,,Yamada’s Textbook of Gastroenterology ,ISBN 9781119600206,17,,,,,,,,,
Digestive system,digestive system process,GO:0022602,Secretory Function,secretion,GO:0046903,Gastric Secretions,secretion,GO:0046903,Mucosal protection and bicarbonate buffering,bicarbonate transport,GO:0015701,,,,,,,,,,,,,,Mucus & HCO₃⁻ secretion: HCO₃⁻ neutralizes acid at surface,Tissue,Stomach,stomach,UBERON:0000945,Surface mucous,mucous cell of stomach,CL:0002180,,does,Induction of X,acid neutralization at surface,,,,Organ (intra-organ),Minutes-hours,Surface pH,,, mucus thickness,,,,,,,,,PGE₂ & NO increase blood flow and mucus secretion,positive regulation of gastric mucosal blood circulation,GO:1904346,,,,,,,,,,Yamada’s Textbook of Gastroenterology ,ISBN 9781119600206,17,,,,,,,,,
Digestive system,digestive system process,GO:0022602,Secretory Function,secretion,GO:0046903,Gastric Secretions,secretion,GO:0046903,Histamine synthesis and release,histamine uptake,GO:0051615,,,,,,,,,,,,,,ECL cell histamine release to parietal cell: ECL produces histamine via HDC enzyme,Cell,Stomach,stomach,UBERON:0000945,ECL cell,type ECL enteroendocrine cell,CL:0002273,,does,X synthesis,histamine,,,,Paracrine,Seconds-minutes,Serum histamine,Histamine [Mass/volume] in Serum or Plasma,2416-6, aminopyrine uptake,Aminopyrine [Mass/volume] in Exhaled gas (breath test),3327-4,,,,,,,Gastrin-ECL feedback,gastrin-induced gastric acid secretion,GO:0001698, H₃ receptor autoinhibition,H3 histamine receptor binding,GO:0031809,,,,,,,Yamada’s Textbook of Gastroenterology ,ISBN 9781119600206,17,,,,,,,,,
Digestive system,digestive system process,GO:0022602,Secretory Function,secretion,GO:0046903,Gastric Secretions,secretion,GO:0046903,Histamine synthesis and release,histamine uptake,GO:0051615,,,,,,,,,,,,,,ECL cell histamine release to parietal cell: Binds parietal H₂ receptor,Cell,Stomach,stomach,UBERON:0000945,ECL cell,type ECL enteroendocrine cell,CL:0002273,,does,X activation,histamine receptor ,,,,Segmental (intra-organ),Seconds-minutes,Serum histamine,Histamine [Mass/volume] in Serum or Plasma,2416-6, aminopyrine uptake,Aminopyrine [Mass/volume] in Exhaled gas (breath test),3327-4,,,,,,,Gastrin-ECL feedback,gastrin-induced gastric acid secretion,GO:0001698, H₃ receptor autoinhibition,H3 histamine receptor binding,GO:0031809,,,,,,,Yamada’s Textbook of Gastroenterology ,ISBN 9781119600206,17,,,,,,,,,
Digestive system,digestive system process,GO:0022602,Secretory Function,secretion,GO:0046903,Gastric Secretions,secretion,GO:0046903,Histamine synthesis and release,histamine uptake,GO:0051615,,,,,,,,,,,,,,ECL cell histamine release to parietal cell: Stimulates cAMP-PKA pathway,Cell,Stomach,stomach,UBERON:0000945,ECL cell,type ECL enteroendocrine cell,CL:0002273,,does,X activation,histamine-cAMP signaling ,,,,Organ (intra-organ),Seconds-minutes,Serum histamine,Histamine [Mass/volume] in Serum or Plasma,2416-6, aminopyrine uptake,Aminopyrine [Mass/volume] in Exhaled gas (breath test),3327-4,,,,,,,Gastrin-ECL feedback,gastrin-induced gastric acid secretion,GO:0001698, H₃ receptor autoinhibition,H3 histamine receptor binding,GO:0031809,,,,,,,Yamada’s Textbook of Gastroenterology ,ISBN 9781119600206,17,,,,,,,,,
Digestive system,digestive system process,GO:0022602,Secretory Function,secretion,GO:0046903,Gastric Secretions,secretion,GO:0046903,Gastric cell renewal and differentiation,stomach neuroendocrine cell differentiation,GO:0061102,,,,,,,,,,,,,,Stem cell-driven glandular turnover: Stem cells → mucous neck progenitors,Tissue,Stomach,stomach,UBERON:0000945,Stem,stem cell,CL:0000034,,does,X differentiation,stem-cell mucous-neck ,,,,Cellular,Days,Ki-67,Ki-67 nuclear Ag [Presence] in Tissue by Immune stain,33055-5, mucin expression,,,,,,,,,Parietal → morphogen (Shh) signaling maintains differentiation,smoothened signaling pathway,GO:0007224,,,,,,,,,,Yamada’s Textbook of Gastroenterology ,ISBN 9781119600206,17,,,,,,,,,
Digestive system,digestive system process,GO:0022602,Secretory Function,secretion,GO:0046903,Gastric Secretions,secretion,GO:0046903,Gastric cell renewal and differentiation,stomach neuroendocrine cell differentiation,GO:0061102,,,,,,,,,,,,,,Stem cell-driven glandular turnover: Differentiate into parietal & chief lineages,Tissue,Stomach,stomach,UBERON:0000945,Stem,stem cell,CL:0000034,,does,X differentiation,stem-cell lineage ,,,,Cellular,Days,Ki-67,Ki-67 nuclear Ag [Presence] in Tissue by Immune stain,33055-5, mucin expression,,,,,,,,,Parietal → morphogen (Shh) signaling maintains differentiation,smoothened signaling pathway,GO:0007224,,,,,,,,,,Yamada’s Textbook of Gastroenterology ,ISBN 9781119600206,17,,,,,,,,,
Digestive system,digestive system process,GO:0022602,Secretory Function,secretion,GO:0046903,Gastric Secretions,secretion,GO:0046903,Gastric cell renewal and differentiation,stomach neuroendocrine cell differentiation,GO:0061102,,,,,,,,,,,,,,Stem cell-driven glandular turnover: TGF-α/Shh maintain glandular pattern,Tissue,Stomach,stomach,UBERON:0000945,Stem,stem cell,CL:0000034,,does,X maintenance,TGF-α-Shh gland pattern,,,,Organ (intra-organ),Days,Ki-67,Ki-67 nuclear Ag [Presence] in Tissue by Immune stain,33055-5, mucin expression,,,,,,,,,Parietal → morphogen (Shh) signaling maintains differentiation,smoothened signaling pathway,GO:0007224,,,,,,,,,,Yamada’s Textbook of Gastroenterology ,ISBN 9781119600206,17,,,,,,,,,
Digestive system,digestive system process,GO:0022602,Secretory Function,secretion,GO:0046903,Pancreatic Secretion,pancreatic juice secretion,GO:0030157,Bicarbonate secretion,,,,,,,,,,,,,,,,Ductal HCO₃⁻ transport: pNBC1 loads HCO₃⁻ into duct cell basolaterally,Cell,Pancreas,pancreas,UBERON:0001264,pancreatic ductal cell,pancreatic ductal cell,CL:0002079,,does,X uptake,pNBC1 bicarbonate,,,,Cellular,Seconds-minutes,Bicarbonate output test,Bicarbonate post secretin stimulation panel - Body fluid,95363-8, secretin stimulation,Secretin stimulation/Gastrin XXX challenge panel,102087-4,,,,,,,Secretin → cAMP → CFTR activation,intracellularly ATP-gated chloride channel activity (CFTR),GO:0005260," ACh, CCK potentiation",,,,,,,,,Yamada’s Textbook of Gastroenterology ,ISBN 9781119600206,18,,,,,,,,,
Digestive system,digestive system process,GO:0022602,Secretory Function,secretion,GO:0046903,Pancreatic Secretion,pancreatic juice secretion,GO:0030157,Bicarbonate secretion,,,,,,,,,,,,,,,,Ductal HCO₃⁻ transport: CFTR and SLC26A6 mediate apical Cl⁻/HCO₃⁻ exchange,Cell,Pancreas,pancreas,UBERON:0001264,pancreatic ductal cell,pancreatic ductal cell,CL:0002079,,does,X exchange with Y,chloride,bicarbonate,,,Cellular,Seconds-minutes,Bicarbonate output test,Bicarbonate post secretin stimulation panel - Body fluid,95363-8, secretin stimulation,Secretin stimulation/Gastrin XXX challenge panel,102087-4,,,,,,,Secretin → cAMP → CFTR activation,intracellularly ATP-gated chloride channel activity (CFTR),GO:0005260," ACh, CCK potentiation",,,,,,,,,Yamada’s Textbook of Gastroenterology ,ISBN 9781119600206,18,,,,,,,,,
Digestive system,digestive system process,GO:0022602,Secretory Function,secretion,GO:0046903,Pancreatic Secretion,pancreatic juice secretion,GO:0030157,Bicarbonate secretion,,,,,,,,,,,,,,,,Ductal HCO₃⁻ transport: H⁺ exits via Na⁺/H⁺ exchangers maintaining gradient,Cell,Pancreas,pancreas,UBERON:0001264,pancreatic ductal cell,pancreatic ductal cell,CL:0002079,,does,X transport to Y,proton,lumen,,,Cellular,Seconds-minutes,Bicarbonate output test,Bicarbonate post secretin stimulation panel - Body fluid,95363-8, secretin stimulation,Secretin stimulation/Gastrin XXX challenge panel,102087-4,,,,,,,Secretin → cAMP → CFTR activation,intracellularly ATP-gated chloride channel activity (CFTR),GO:0005260," ACh, CCK potentiation",,,,,,,,,Yamada’s Textbook of Gastroenterology ,ISBN 9781119600206,18,,,,,,,,,
Digestive system,digestive system process,GO:0022602,Secretory Function,secretion,GO:0046903,Pancreatic Secretion,pancreatic juice secretion,GO:0030157,Enzyme secretion,lysosomal enzyme secretion involved in inflammatory response,GO:0002533,,,,,,,,,,,,,,Acinar zymogen synthesis and exocytosis: Enzyme mRNA translated → rough ER → Golgi → zymogen granules,Cell,Pancreas,pancreas,UBERON:0001264,Acinar cells,acinar cell,CL:0000622,,does,X synthesis,enzyme protein,,,,Cellular,Minutes-hours,Amylase,Amylase [Enzymatic activity/volume] in Serum or Plasma,1798-8, lipase,Lipase [Enzymatic activity/volume] in Serum or Plasma,3040-3, trypsin activity,Trypsin+Trypsinogen [Mass/volume] in Serum or Plasma (mass-based; no enzymatic-activity-unit code exists),3064-3,,,,"CCK, ACh, bombesin stimulate",,, somatostatin inhibits,somatostatin signaling pathway,GO:0038170,,,,,,,Yamada’s Textbook of Gastroenterology ,ISBN 9781119600206,18,,,,,,,,,
Digestive system,digestive system process,GO:0022602,Secretory Function,secretion,GO:0046903,Pancreatic Secretion,pancreatic juice secretion,GO:0030157,Enzyme secretion,lysosomal enzyme secretion involved in inflammatory response,GO:0002533,,,,,,,,,,,,,,Acinar zymogen synthesis and exocytosis: Acinar cells - synthesize and secrete - zymogens,Cell,Pancreas,pancreas,UBERON:0001264,Acinar cells,acinar cell,CL:0000622,,does,X secretion,zymogen,,,,Cellular,Minutes-hours,Amylase,Amylase [Enzymatic activity/volume] in Serum or Plasma,1798-8, lipase,Lipase [Enzymatic activity/volume] in Serum or Plasma,3040-3, trypsin activity,Trypsin+Trypsinogen [Mass/volume] in Serum or Plasma (mass-based; no enzymatic-activity-unit code exists),3064-3,,,,"CCK, ACh, bombesin stimulate",,, somatostatin inhibits,somatostatin signaling pathway,GO:0038170,,,,,,,Yamada’s Textbook of Gastroenterology ,ISBN 9781119600206,18,,,,,,,,,
Digestive system,digestive system process,GO:0022602,Secretory Function,secretion,GO:0046903,Pancreatic Secretion,pancreatic juice secretion,GO:0030157,Enzyme secretion,lysosomal enzyme secretion involved in inflammatory response,GO:0002533,,,,,,,,,,,,,,Acinar zymogen synthesis and exocytosis: Exocytosis upon CCK/ACh stimulation,Organ,Pancreas,pancreas,UBERON:0001264,pancreatic acinar cell,pancreatic acinar cell,CL:0002064,CCK/ACh,increases,X secretion,enzyme,,,Intra-organ,Cellular,Minutes-hours,Amylase,Amylase [Enzymatic activity/volume] in Serum or Plasma,1798-8, lipase,Lipase [Enzymatic activity/volume] in Serum or Plasma,3040-3, trypsin activity,Trypsin+Trypsinogen [Mass/volume] in Serum or Plasma (mass-based; no enzymatic-activity-unit code exists),3064-3,,,,"CCK, ACh, bombesin stimulate",,, somatostatin inhibits,somatostatin signaling pathway,GO:0038170,,,,,,,Yamada’s Textbook of Gastroenterology ,ISBN 9781119600206,18,,,,,,,,,
Digestive system,digestive system process,GO:0022602,Secretory Function,secretion,GO:0046903,Pancreatic Secretion,pancreatic juice secretion,GO:0030157,Water secretion,secretion,GO:0046903,,,,,,,,,,,,,,Aquaporin-mediated water transport: AQP12 mediates intracellular flow,Cell,Pancreas,pancreas,UBERON:0001264,pancreatic acinar cell,pancreatic acinar cell,CL:0002064,,does,X transprot to Y ,water,cell,,,Segmental (intra-organ),Seconds,Volume of pancreatic juice,,,,,,,,,,,,Coupled to osmotic gradient by ion pumps,,,,,,,,,,,,Yamada’s Textbook of Gastroenterology ,ISBN 9781119600206,18,,,,,,,,,
Digestive system,digestive system process,GO:0022602,Secretory Function,secretion,GO:0046903,Pancreatic Secretion,pancreatic juice secretion,GO:0030157,Water secretion,secretion,GO:0046903,,,,,,,,,,,,,,Aquaporin-mediated water transport: AQP1/5 move water across ductal membranes,Cell,Pancreas,pancreas,UBERON:0001264,pancreatic acinar cell,pancreatic acinar cell,CL:0002064,,does,X transport across Y,water,ductal membranes,,,Segmental (intra-organ),Seconds,Volume of pancreatic juice,,,,,,,,,,,,Coupled to osmotic gradient by ion pumps,,,,,,,,,,,,Yamada’s Textbook of Gastroenterology ,ISBN 9781119600206,18,,,,,,,,,
Digestive system,digestive system process,GO:0022602,Secretory Function,secretion,GO:0046903,Pancreatic Secretion,pancreatic juice secretion,GO:0030157,Water secretion,secretion,GO:0046903,,,,,,,,,,,,,,Aquaporin-mediated water transport: AQP8 facilitates apical efflux,Cell,Pancreas,pancreas,UBERON:0001264,pancreatic acinar cell,pancreatic acinar cell,CL:0002064,,does,X transport to Y,water,lumen,,,Segmental (intra-organ),Seconds,Volume of pancreatic juice,,,,,,,,,,,,Coupled to osmotic gradient by ion pumps,,,,,,,,,,,,Yamada’s Textbook of Gastroenterology ,ISBN 9781119600206,18,,,,,,,,,
Digestive system,digestive system process,GO:0022602,Secretory Function,secretion,GO:0046903,Pancreatic Secretion,pancreatic juice secretion,GO:0030157,Neurohormonal stimulation,regulation of skeletal muscle contraction by neural stimulation via neuromuscular junction,GO:0014852,,,,,,,,,,,,,,"Secretin, CCK, and vagovagal control: Secretin released in response to acid → HCO₃⁻ secretion",Organ,Pancreas,pancreas,UBERON:0001264,S cells,small intestine secretory cell,CL:1001598,,does,X secretion,secretin bicarbonate,,,,Organ (intra-organ),Seconds-minutes,Secretin test,Secretin stimulation/Gastrin XXX challenge panel,102087-4, CCK levels,,,,,,,,,Secretin-vagal synergy,,, CCK-ACh potentiation,,,,,,,,,Yamada’s Textbook of Gastroenterology ,ISBN 9781119600206,18,,,,,,,,,
Digestive system,digestive system process,GO:0022602,Secretory Function,secretion,GO:0046903,Pancreatic Secretion,pancreatic juice secretion,GO:0030157,Neurohormonal stimulation,regulation of skeletal muscle contraction by neural stimulation via neuromuscular junction,GO:0014852,,,,,,,,,,,,,,"Secretin, CCK, and vagovagal control: CCK released by fats/proteins → enzyme secretion",Organ,Pancreas,pancreas,UBERON:0001264,S cells,small intestine secretory cell,CL:1001598,,does,X secretion,CCK enzyme,,,,Organ (intra-organ),Seconds-minutes,Secretin test,Secretin stimulation/Gastrin XXX challenge panel,102087-4, CCK levels,,,,,,,,,Secretin-vagal synergy,,, CCK-ACh potentiation,,,,,,,,,Yamada’s Textbook of Gastroenterology ,ISBN 9781119600206,18,,,,,,,,,
Digestive system,digestive system process,GO:0022602,Secretory Function,secretion,GO:0046903,Pancreatic Secretion,pancreatic juice secretion,GO:0030157,Neurohormonal stimulation,regulation of skeletal muscle contraction by neural stimulation via neuromuscular junction,GO:0014852,,,,,,,,,,,,,,"Secretin, CCK, and vagovagal control: Vagal reflex enhances both",Organ,Pancreas,pancreas,UBERON:0001264,S cells,small intestine secretory cell,CL:1001598,ACh,increases,X secretion,vagal-acetylcholine,,,Paracrine,Systemic,Seconds-minutes,Secretin test,Secretin stimulation/Gastrin XXX challenge panel,102087-4, CCK levels,,,,,,,,,Secretin-vagal synergy,,, CCK-ACh potentiation,,,,,,,,,Yamada’s Textbook of Gastroenterology ,ISBN 9781119600206,18,,,,,,,,,
Digestive system,digestive system process,GO:0022602,Secretory Function,secretion,GO:0046903,Pancreatic Secretion,pancreatic juice secretion,GO:0030157,Hormonal modulation,hormonal regulation of the force of heart contraction,GO:0003058,,,,,,,,,,,,,,Insulin and islet-acinar crosstalk: Insulin potentiates secretin/CCK effect,Organ,Pancreas,pancreas,UBERON:0001264,β,digestive enzyme secreting cell,CL:0000470,Insulin,increases,X regulation of Y,secretin/CCK ,pancreas acinar ,,Systemic,Organ (intra-organ),Minutes-hours,Insulin,Insulin [Units/volume] in Serum or Plasma,20448-7, somatostatin assays,Somatostatin [Mass/volume] in Plasma,2961-1,,,,,,,Islet hormones regulate exocrine response,,,,,,,,,,,,Yamada’s Textbook of Gastroenterology ,ISBN 9781119600206,18,,,,,,,,,
Digestive system,digestive system process,GO:0022602,Secretory Function,secretion,GO:0046903,Pancreatic Secretion,pancreatic juice secretion,GO:0030157,Hormonal modulation,hormonal regulation of the force of heart contraction,GO:0003058,,,,,,,,,,,,,,"Insulin and islet-acinar crosstalk: Somatostatin, glucagon inhibit acinar secretion",Organ,Pancreas,pancreas,UBERON:0001264,β,digestive enzyme secreting cell,CL:0000470,Somatostatin/Glucagon,decreases,X secretion,acinar,,,Circulatory,Systemic,Minutes-hours,Insulin,Insulin [Units/volume] in Serum or Plasma,20448-7, somatostatin assays,Somatostatin [Mass/volume] in Plasma,2961-1,,,,,,,Islet hormones regulate exocrine response,,,,,,,,,,,,Yamada’s Textbook of Gastroenterology ,ISBN 9781119600206,18,,,,,,,,,
Digestive system,digestive system process,GO:0022602,Secretory Function,secretion,GO:0046903,Pancreatic Secretion,pancreatic juice secretion,GO:0030157,Hormonal modulation,hormonal regulation of the force of heart contraction,GO:0003058,,,,,,,,,,,,,,Insulin and islet-acinar crosstalk: Endocrine-exocrine axis maintains balance,Organ,Pancreas,pancreas,UBERON:0001264,β,digestive enzyme secreting cell,CL:0000470,,does,X maintenance,endocrine-exocrine balance,,,,Organ (intra-organ),Minutes-hours,Insulin,Insulin [Units/volume] in Serum or Plasma,20448-7, somatostatin assays,Somatostatin [Mass/volume] in Plasma,2961-1,,,,,,,Islet hormones regulate exocrine response,,,,,,,,,,,,Yamada’s Textbook of Gastroenterology ,ISBN 9781119600206,18,,,,,,,,,
Digestive system,digestive system process,GO:0022602,Secretory Function,secretion,GO:0046903,Pancreatic Secretion,pancreatic juice secretion,GO:0030157,Intracellular signaling,intracellular signaling cassette,GO:0141124,,,,,,,,,,,,,,"Ca²⁺, cAMP, and PKC pathways: CCK/ACh → IP₃ → Ca²⁺ release → exocytosis",Cell,Pancreas,pancreas,UBERON:0001264,pancreatic acinar cell,pancreatic acinar cell,CL:0002064,CCK/ACh,increases,X transport to Y,Ca²⁺,cell,,Intra-organ,Cellular,Seconds,Ca²⁺ imaging,,, amylase release,,,,,,,,,G-protein coupled receptor cascade,G protein-coupled receptor signaling pathway,GO:0007186,,,,,,,,,,Yamada’s Textbook of Gastroenterology ,ISBN 9781119600206,18,,,,,,,,,
Digestive system,digestive system process,GO:0022602,Secretory Function,secretion,GO:0046903,Pancreatic Secretion,pancreatic juice secretion,GO:0030157,Intracellular signaling,intracellular signaling cassette,GO:0141124,,,,,,,,,,,,,,"Ca²⁺, cAMP, and PKC pathways: Secretin/VIP → cAMP → PKA → CFTR activation",Cell,Pancreas,pancreas,UBERON:0001264,pancreatic acinar cell,pancreatic acinar cell,CL:0002064,Secretin/VIP,increases,X activation,cAMP-CFTR ,,,Intra-organ,Molecular,Seconds,Ca²⁺ imaging,,, amylase release,,,,,,,,,G-protein coupled receptor cascade,G protein-coupled receptor signaling pathway,GO:0007186,,,,,,,,,,Yamada’s Textbook of Gastroenterology ,ISBN 9781119600206,18,,,,,,,,,
Digestive system,digestive system process,GO:0022602,Secretory Function,secretion,GO:0046903,Pancreatic Secretion,pancreatic juice secretion,GO:0030157,Intracellular signaling,intracellular signaling cassette,GO:0141124,,,,,,,,,,,,,,"Ca²⁺, cAMP, and PKC pathways: Cross-talk modulates secretion amplitude",Cell,Pancreas,pancreas,UBERON:0001264,pancreatic acinar cell,pancreatic acinar cell,CL:0002064,cross-talk,modulates,X regulation of Y,secretion amplitude,,,Intra-organ,Organ (intra-organ),Seconds,Ca²⁺ imaging,,, amylase release,,,,,,,,,G-protein coupled receptor cascade,G protein-coupled receptor signaling pathway,GO:0007186,,,,,,,,,,Yamada’s Textbook of Gastroenterology ,ISBN 9781119600206,18,,,,,,,,,
Digestive system,digestive system process,GO:0022602,Secretory Function,secretion,GO:0046903,Pancreatic Secretion,pancreatic juice secretion,GO:0030157,Neural control,mitochondrial protein quality control,GO:0141164,,,,,,,,,,,,,,Parasympathetic (vagal) stimulation: Vagal efferents → ACh → M₃ receptor,Organ system,Pancreas,pancreas,UBERON:0001264,Vagal neurons,vagal neural crest cell,CL:0011017,ACh,increases,X activation,vagal acetylcholine receptor ,,,Paracrine,Organ (intra-organ),Seconds,Secretin potentiation test,Secretin stimulation/Gastrin XXX challenge panel,102087-4,,,,,,,,,,Vagus-enteropancreatic reflex,,, serotonin synergy,,,,,,,,,Yamada’s Textbook of Gastroenterology ,ISBN 9781119600206,18,,,,,,,,,
Digestive system,digestive system process,GO:0022602,Secretory Function,secretion,GO:0046903,Pancreatic Secretion,pancreatic juice secretion,GO:0030157,Neural control,mitochondrial protein quality control,GO:0141164,,,,,,,,,,,,,,Parasympathetic (vagal) stimulation: Increase acinar exocytosis and ductal flow,Organ system,Pancreas,pancreas,UBERON:0001264,Vagal neurons,vagal neural crest cell,CL:0011017,ACh,increases,X secretion,acetylcholine,,,Paracrine,Systemic,Seconds,Secretin potentiation test,Secretin stimulation/Gastrin XXX challenge panel,102087-4,,,,,,,,,,Vagus-enteropancreatic reflex,,, serotonin synergy,,,,,,,,,Yamada’s Textbook of Gastroenterology ,ISBN 9781119600206,18,,,,,,,,,
Digestive system,digestive system process,GO:0022602,Secretory Function,secretion,GO:0046903,Pancreatic Secretion,pancreatic juice secretion,GO:0030157,Neural control,mitochondrial protein quality control,GO:0141164,,,,,,,,,,,,,,Parasympathetic (vagal) stimulation: Reflex triggered by meal cues,Organ system,GI Tract,digestive system,UBERON:0001007,Vagal neurons,vagal neural crest cell,CL:0011017,Meal,increases,X activation,Cephalic phase reflex,,,Intra-organ / Circulatory,Systemic,Seconds,Secretin potentiation test,Secretin stimulation/Gastrin XXX challenge panel,102087-4,,,,,,,,,,Vagus-enteropancreatic reflex,,, serotonin synergy,,,,,,,,,Yamada’s Textbook of Gastroenterology ,ISBN 9781119600206,18,,,,,,,,,
Digestive system,digestive system process,GO:0022602,Secretory Function,secretion,GO:0046903,Pancreatic Secretion,pancreatic juice secretion,GO:0030157,Serotonin-mediated secretion,serotonin secretion,GO:0001820,,,,,,,,,,,,,,Enterochromaffin-vagal reflex: Luminal stimuli → 5-HT release → vagal afferent,Organ system,Intestine,intestine,UBERON:0000160,Enterochromaffin,enterochromaffin-like cell,CL:0000504,5-HT,increases,X activation,vagal afferent,,,Paracrine / Circulatory,Systemic,Seconds,Response to 5-HT agonists,,,,,,,,,,,,CCK-5HT3 synergy in postprandial state,,,,,,,,,,,,Yamada’s Textbook of Gastroenterology ,ISBN 9781119600206,18,,,,,,,,,
Digestive system,digestive system process,GO:0022602,Secretory Function,secretion,GO:0046903,Pancreatic Secretion,pancreatic juice secretion,GO:0030157,Serotonin-mediated secretion,serotonin secretion,GO:0001820,,,,,,,,,,,,,,Enterochromaffin-vagal reflex: Activates dorsal motor nucleus → efferent ACh → pancreatic secretase,Organ system,Intestine,intestine,UBERON:0000160,Enterochromaffin,enterochromaffin-like cell,CL:0000504,dorsal motor nucleus activation,increases,X release,Ach,,,Systemic,Systemic,Seconds,Response to 5-HT agonists,,,,,,,,,,,,CCK-5HT3 synergy in postprandial state,,,,,,,,,,,,Yamada’s Textbook of Gastroenterology ,ISBN 9781119600206,18,,,,,,,,,
Digestive system,digestive system process,GO:0022602,Secretory Function,secretion,GO:0046903,Pancreatic Secretion,pancreatic juice secretion,GO:0030157,Serotonin-mediated secretion,serotonin secretion,GO:0001820,,,,,,,,,,,,,,Enterochromaffin-vagal reflex: Stimulates acinar secretion,Organ system,Pancreas,pancreas,UBERON:0001264,Enterochromaffin,enterochromaffin-like cell,CL:0000504,ACh,increases,X secretion,eyzmes,,,Paracrine / Intra-organ,Organ (intra-organ),Seconds,Response to 5-HT agonists,,,,,,,,,,,,CCK-5HT3 synergy in postprandial state,,,,,,,,,,,,Yamada’s Textbook of Gastroenterology ,ISBN 9781119600206,18,,,,,,,,,
Digestive system,digestive system process,GO:0022602,Secretory Function,secretion,GO:0046903,Pancreatic Secretion,pancreatic juice secretion,GO:0030157,Ghrelin influence,ghrelin secretion,GO:0036321,,,,,,,,,,,,,,Ghrelin-vagal-cholinergic axis: Ghrelin binds growth hormone secretagogue receptor,Organ system,Stomach,stomach,UBERON:0000945,Acinar,pancreatic acinar cell,CL:0002064,,increases,X binding to Y,Ghrelin,growth hormone secretagogue receptor,,Circulatory / Systemic,Organ (intra-organ),Minutes,Plasma ghrelin,Ghrelin [Mass/volume] in Serum or Plasma,76474-6,,,,,,,,,,Integrates appetite-pancreatic readiness,,,,,,,,,,,,Yamada’s Textbook of Gastroenterology ,ISBN 9781119600206,18,,,,,,,,,
Digestive system,digestive system process,GO:0022602,Secretory Function,secretion,GO:0046903,Pancreatic Secretion,pancreatic juice secretion,GO:0030157,Ghrelin influence,ghrelin secretion,GO:0036321,,,,,,,,,,,,,,Ghrelin-vagal-cholinergic axis: Activates vagal pathway → acinar Ca²⁺ ↑,Organ system,Pancreas,pancreas,UBERON:0001264,Acinar,pancreatic acinar cell,CL:0002064,Ghrelin,increases,X activation of Y,vagal pathway ,calcium concentration,,Circulatory / Systemic,Organ (intra-organ),Minutes,Plasma ghrelin,Ghrelin [Mass/volume] in Serum or Plasma,76474-6,,,,,,,,,,Integrates appetite-pancreatic readiness,,,,,,,,,,,,Yamada’s Textbook of Gastroenterology ,ISBN 9781119600206,18,,,,,,,,,
Digestive system,digestive system process,GO:0022602,Secretory Function,secretion,GO:0046903,Pancreatic Secretion,pancreatic juice secretion,GO:0030157,Ghrelin influence,ghrelin secretion,GO:0036321,,,,,,,,,,,,,,Ghrelin-vagal-cholinergic axis: Prepares pancreas pre-meal,Organ system,Pancreas,pancreas,UBERON:0001264,Acinar,pancreatic acinar cell,CL:0002064,Ghrelin,increases,Induction of X,pancreas preparation,,,Circulatory / Systemic,Organ (intra-organ),Minutes,Plasma ghrelin,Ghrelin [Mass/volume] in Serum or Plasma,76474-6,,,,,,,,,,Integrates appetite-pancreatic readiness,,,,,,,,,,,,Yamada’s Textbook of Gastroenterology ,ISBN 9781119600206,18,,,,,,,,,
Digestive system,digestive system process,GO:0022602,Secretory Function,secretion,GO:0046903,Pancreatic Secretion,pancreatic juice secretion,GO:0030157,somatostatin secretion,positive regulation of somatostatin secretion,GO:0090274,,,,,,,,,,,,,,"Somatostatin, peptide Y, enkephalin: Released by D cells and enteric neurons",Organ system,Pancreas/ duodenum,digestive system,UBERON:0001007,pancreatic D cell,pancreatic D cell,CL:0000173,,does,X secretion,Ghrelin,,,,Systemic,Minutes-hours,Pancreatic output test,Pancreatic exocrine function panel - Body fluid (or 25907-7 fecal elastase),95362-0,,,,,,,,,,Negative feedback to protect pancreas,negative regulation of pancreatic trypsinogen secretion,GO:1904243,,,,,,,,,,Yamada’s Textbook of Gastroenterology ,ISBN 9781119600206,18,,,,,,,,,
Digestive system,digestive system process,GO:0022602,Secretory Function,secretion,GO:0046903,Pancreatic Secretion,pancreatic juice secretion,GO:0030157,somatostatin secretion,positive regulation of somatostatin secretion,GO:0090274,,,,,,,,,,,,,,"Somatostatin, peptide Y, enkephalin: Inhibit CCK/secretin signaling",Organ system,Pancreas/ duodenum,digestive system,UBERON:0001007,pancreatic D cell,pancreatic D cell,CL:0000173,Ghrelin,decreases,Induction of X,CCK/secretin signaling,,,Circulatory / Systemic,Systemic,Minutes-hours,Pancreatic output test,Pancreatic exocrine function panel - Body fluid (or 25907-7 fecal elastase),95362-0,,,,,,,,,,Negative feedback to protect pancreas,negative regulation of pancreatic trypsinogen secretion,GO:1904243,,,,,,,,,,Yamada’s Textbook of Gastroenterology ,ISBN 9781119600206,18,,,,,,,,,
Digestive system,digestive system process,GO:0022602,Secretory Function,secretion,GO:0046903,Pancreatic Secretion,pancreatic juice secretion,GO:0030157,somatostatin secretion,positive regulation of somatostatin secretion,GO:0090274,,,,,,,,,,,,,,"Somatostatin, peptide Y, enkephalin: Reduce exocrine enzyme and bicarbonate output",Organ system,Pancreas/ duodenum,digestive system,UBERON:0001007,pancreatic D cell,pancreatic D cell,CL:0000173,somatostatin ,decreases,X secretion,exocrine enzyme and bicarbonate,,,Paracrine / Circulatory,Organ (intra-organ),Minutes-hours,Pancreatic output test,Pancreatic exocrine function panel - Body fluid (or 25907-7 fecal elastase),95362-0,,,,,,,,,,Negative feedback to protect pancreas,negative regulation of pancreatic trypsinogen secretion,GO:1904243,,,,,,,,,,Yamada’s Textbook of Gastroenterology ,ISBN 9781119600206,18,,,,,,,,,
Digestive system,digestive system process,GO:0022602,Secretory Function,secretion,GO:0046903,Bile Secretion,bile acid secretion,GO:0032782,Bile acid synthesis,bile acid biosynthetic process,GO:0006699,,,,,,,,,,,,,,Cholesterol conversion to primary bile acids: Cholesterol 7α-hydroxylase catalyzes rate-limiting step,Organ,Liver,liver,UBERON:0002107,Hepatocyte,Hepatocyte,CL:0000182,,does,X conversion to Y,cholesterol,primary bile acids,,,Organ (intra-organ),Hours-days,Serum bile acids,Bile acid [Moles/volume] in Serum or Plasma,14628-2, fecal sterol,Fat [Mass] in Stool,16853-4,,,,,,,FXR-CYP7A1 feedback,regulation of bile acid biosynthetic process,GO:0070857, FGF19 inhibition,negative regulation of bile acid biosynthetic process,GO:0070858,,,,,,,Yamada’s Textbook of Gastroenterology ,ISBN 9781119600206,19,,,,,,,,,
Digestive system,digestive system process,GO:0022602,Secretory Function,secretion,GO:0046903,Bile Secretion,bile acid secretion,GO:0032782,Bile acid synthesis,bile acid biosynthetic process,GO:0006699,,,,,,,,,,,,,,Cholesterol conversion to primary bile acids: Formation of cholic and chenodeoxycholic acids,Organ,Liver,liver,UBERON:0002107,Hepatocyte,Hepatocyte,CL:0000182,,does,X formation,bile acid,,,,Organ (intra-organ),Hours-days,Serum bile acids,Bile acid [Moles/volume] in Serum or Plasma,14628-2, fecal sterol,Fat [Mass] in Stool,16853-4,,,,,,,FXR-CYP7A1 feedback,regulation of bile acid biosynthetic process,GO:0070857, FGF19 inhibition,negative regulation of bile acid biosynthetic process,GO:0070858,,,,,,,Yamada’s Textbook of Gastroenterology ,ISBN 9781119600206,19,,,,,,,,,
Digestive system,digestive system process,GO:0022602,Secretory Function,secretion,GO:0046903,Bile Secretion,bile acid secretion,GO:0032782,Bile acid synthesis,bile acid biosynthetic process,GO:0006699,,,,,,,,,,,,,,Cholesterol conversion to primary bile acids: Conjugation with glycine/taurine,Organ,Liver,liver,UBERON:0002107,Hepatocyte,Hepatocyte,CL:0000182,,does,X formation,conjugated bile acid,,,,Organ (intra-organ),Hours-days,Serum bile acids,Bile acid [Moles/volume] in Serum or Plasma,14628-2, fecal sterol,Fat [Mass] in Stool,16853-4,,,,,,,FXR-CYP7A1 feedback,regulation of bile acid biosynthetic process,GO:0070857, FGF19 inhibition,negative regulation of bile acid biosynthetic process,GO:0070858,,,,,,,Yamada’s Textbook of Gastroenterology ,ISBN 9781119600206,19,,,,,,,,,
Digestive system,digestive system process,GO:0022602,Secretory Function,secretion,GO:0046903,Bile Secretion,bile acid secretion,GO:0032782,Bile secretion,bile acid secretion,GO:0032782,,,,,,,,,,,,,,Canalicular export of bile acids and solutes: NTCP/SLC10A1 mediates uptake,Cell,Liver,liver,UBERON:0002107,Hepatocyte,Hepatocyte,CL:0000182,,does,X uptake,bile acid,,,,Cellular,Seconds-minutes,Serum bile acid,Bile acid [Moles/volume] in Serum or Plasma,14628-2, ALP,Alkaline phosphatase [Enzymatic activity/volume] in Serum or Plasma,6768-6, GGT,Gamma glutamyl transferase [Enzymatic activity/volume] in Serum or Plasma,2324-2,,,,FXR-BSEP transcriptional control,nuclear receptor-mediated bile acid signaling pathway,GO:0038185,,,,,,,,,,Yamada’s Textbook of Gastroenterology ,ISBN 9781119600206,19,,,,,,,,,
Digestive system,digestive system process,GO:0022602,Secretory Function,secretion,GO:0046903,Bile Secretion,bile acid secretion,GO:0032782,Bile secretion,bile acid secretion,GO:0032782,,,,,,,,,,,,,,Canalicular export of bile acids and solutes: BSEP/ABCB11 exports bile acids,Cell,Liver,liver,UBERON:0002107,Hepatocyte,Hepatocyte,CL:0000182,,does,X secretion,bile acid,,,,Cellular,Seconds-minutes,Serum bile acid,Bile acid [Moles/volume] in Serum or Plasma,14628-2, ALP,Alkaline phosphatase [Enzymatic activity/volume] in Serum or Plasma,6768-6, GGT,Gamma glutamyl transferase [Enzymatic activity/volume] in Serum or Plasma,2324-2,,,,FXR-BSEP transcriptional control,nuclear receptor-mediated bile acid signaling pathway,GO:0038185,,,,,,,,,,Yamada’s Textbook of Gastroenterology ,ISBN 9781119600206,19,,,,,,,,,
Digestive system,digestive system process,GO:0022602,Secretory Function,secretion,GO:0046903,Bile Secretion,bile acid secretion,GO:0032782,Bile secretion,bile acid secretion,GO:0032782,,,,,,,,,,,,,,Canalicular export of bile acids and solutes: MDR3/ABCB4 flops phospholipids,Cell,Liver,liver,UBERON:0002107,Hepatocyte,Hepatocyte,CL:0000182,,does,X translocation,phospholipid,,,,Cellular,Seconds-minutes,Serum bile acid,Bile acid [Moles/volume] in Serum or Plasma,14628-2, ALP,Alkaline phosphatase [Enzymatic activity/volume] in Serum or Plasma,6768-6, GGT,Gamma glutamyl transferase [Enzymatic activity/volume] in Serum or Plasma,2324-2,,,,FXR-BSEP transcriptional control,nuclear receptor-mediated bile acid signaling pathway,GO:0038185,,,,,,,,,,Yamada’s Textbook of Gastroenterology ,ISBN 9781119600206,19,,,,,,,,,
Digestive system,digestive system process,GO:0022602,Secretory Function,secretion,GO:0046903,Bile Secretion,bile acid secretion,GO:0032782,Bile acid-independent flow,bile acid conjugation,GO:0002152,,,,,,,,,,,,,,Glutathione and bicarbonate transport: GSH efflux via MRP2,Cell,Liver,liver,UBERON:0002107,Hepatocyte,Hepatocyte,CL:0000182,,does,X transport to Y,glutathione ,canaliculus,,,Cellular,Minutes-hours,Bile alkalinity,pH of Bile fluid,	53653-2, bile flow rate," (closest: HIDA/hepatobiliary scintigraphy ejection fraction 24571-2 / 39895-8, not a flow-rate analyte)",,,,,,,,cAMP/PKA stimulation,cAMP-mediated signaling,GO:0019933, purinergic ATP signaling,purinergic nucleotide receptor signaling pathway,GO:0035590,,,,,,,Yamada’s Textbook of Gastroenterology ,ISBN 9781119600206,19,,,,,,,,,
Digestive system,digestive system process,GO:0022602,Secretory Function,secretion,GO:0046903,Bile Secretion,bile acid secretion,GO:0032782,Bile acid-independent flow,bile acid conjugation,GO:0002152,,,,,,,,,,,,,,Glutathione and bicarbonate transport: HCO₃⁻ via AE2 and NBC4,Cell,Liver,liver,UBERON:0002107,Hepatocyte,Hepatocyte,CL:0000182,,does,X transport,bicarbonate,,,,Cellular,Minutes-hours,Bile alkalinity,pH of Bile fluid,	53653-2, bile flow rate," (closest: HIDA/hepatobiliary scintigraphy ejection fraction 24571-2 / 39895-8, not a flow-rate analyte)",,,,,,,,cAMP/PKA stimulation,cAMP-mediated signaling,GO:0019933, purinergic ATP signaling,purinergic nucleotide receptor signaling pathway,GO:0035590,,,,,,,Yamada’s Textbook of Gastroenterology ,ISBN 9781119600206,19,,,,,,,,,
Digestive system,digestive system process,GO:0022602,Secretory Function,secretion,GO:0046903,Bile Secretion,bile acid secretion,GO:0032782,Bile acid-independent flow,bile acid conjugation,GO:0002152,,,,,,,,,,,,,,Glutathione and bicarbonate transport: Osmotic water flow via AQP8,Cell,Liver,liver,UBERON:0002107,Hepatocyte,Hepatocyte,CL:0000182,,does,X transport to Y,water,canaliculus,,,Cellular,Minutes-hours,Bile alkalinity,pH of Bile fluid,	53653-2, bile flow rate," (closest: HIDA/hepatobiliary scintigraphy ejection fraction 24571-2 / 39895-8, not a flow-rate analyte)",,,,,,,,cAMP/PKA stimulation,cAMP-mediated signaling,GO:0019933, purinergic ATP signaling,purinergic nucleotide receptor signaling pathway,GO:0035590,,,,,,,Yamada’s Textbook of Gastroenterology ,ISBN 9781119600206,19,,,,,,,,,
Digestive system,digestive system process,GO:0022602,Secretory Function,secretion,GO:0046903,Bile Secretion,bile acid secretion,GO:0032782,Cholangiocyte secretion,cholangiocyte proliferation,GO:1990705,,,,,,,,,,,,,,Ductular Cl⁻ and HCO₃⁻ secretion: Basolateral NKCC1 loads Cl⁻,Cell,Pancreas,pancreas,UBERON:0001264,Cholangiocyte,cholangiocyte,CL:1000488,,does,X transport to Y,chloride,lumen,,,Cellular,Seconds-minutes,Bile pH,pH of Bile fluid,53653-2, secretin test,Secretin stimulation/Gastrin XXX challenge panel,102087-4,,,,,,,Secretin → cAMP → CFTR,intracellularly ATP-gated chloride channel activity (CFTR),GO:0005260," ACh, ATP potentiate",,,,,,,,,Yamada’s Textbook of Gastroenterology ,ISBN 9781119600206,19,,,,,,,,,
Digestive system,digestive system process,GO:0022602,Secretory Function,secretion,GO:0046903,Bile Secretion,bile acid secretion,GO:0032782,Cholangiocyte secretion,cholangiocyte proliferation,GO:1990705,,,,,,,,,,,,,,Ductular Cl⁻ and HCO₃⁻ secretion: CFTR opens apical Cl⁻ channel,Cell,Pancreas,pancreas,UBERON:0001264,Cholangiocyte,cholangiocyte,CL:1000488,,does,X secretion,chloride,,,,Cellular,Seconds-minutes,Bile pH,pH of Bile fluid,53653-2, secretin test,Secretin stimulation/Gastrin XXX challenge panel,102087-4,,,,,,,Secretin → cAMP → CFTR,intracellularly ATP-gated chloride channel activity (CFTR),GO:0005260," ACh, ATP potentiate",,,,,,,,,Yamada’s Textbook of Gastroenterology ,ISBN 9781119600206,19,,,,,,,,,
Digestive system,digestive system process,GO:0022602,Secretory Function,secretion,GO:0046903,Bile Secretion,bile acid secretion,GO:0032782,Cholangiocyte secretion,cholangiocyte proliferation,GO:1990705,,,,,,,,,,,,,,Ductular Cl⁻ and HCO₃⁻ secretion: AE2 exchanges Cl⁻/HCO₃⁻,Cell,Pancreas,pancreas,UBERON:0001264,Cholangiocyte,cholangiocyte,CL:1000488,,does,X exchange,bicarbonate,,,,Cellular,Seconds-minutes,Bile pH,pH of Bile fluid,53653-2, secretin test,Secretin stimulation/Gastrin XXX challenge panel,102087-4,,,,,,,Secretin → cAMP → CFTR,intracellularly ATP-gated chloride channel activity (CFTR),GO:0005260," ACh, ATP potentiate",,,,,,,,,Yamada’s Textbook of Gastroenterology ,ISBN 9781119600206,19,,,,,,,,,
Digestive system,digestive system process,GO:0022602,Secretory Function,secretion,GO:0046903,Bile Secretion,bile acid secretion,GO:0032782,Gallbladder function,gallbladder development,GO:0061010,,,,,,,,,,,,,,Storage and concentration of bile: Na⁺/K⁺-ATPase reabsorbs electrolytes,Tissue,Gallbladder,gallbladder,UBERON:0002110,Epithelial cell,epithelial cell,CL:0000066,,does,X reabsorption,electrolyte,,,,Segmental (intra-organ),Minutes-hours,Gallbladder volume,"US Gallbladder (study/exam code, not a dedicated volume-value code)",24711-4, ejection fraction,NM Stomach Views for gastric emptying W Tc-99m SC PO (was wrongly matched to cardiac LV ejection fraction),39768-7,,,,,,,"Vagal and hormonal coordination (CCK, secretin)",,,,,,,,,,,,Yamada’s Textbook of Gastroenterology ,ISBN 9781119600206,19,,,,,,,,,
Digestive system,digestive system process,GO:0022602,Secretory Function,secretion,GO:0046903,Bile Secretion,bile acid secretion,GO:0032782,Gallbladder function,gallbladder development,GO:0061010,,,,,,,,,,,,,,Storage and concentration of bile: Aquaporins reabsorb water,Tissue,Gallbladder,gallbladder,UBERON:0002110,Epithelial cell,epithelial cell,CL:0000066,,does,X reabsorption,water,,,,Segmental (intra-organ),Minutes-hours,Gallbladder volume,"US Gallbladder (study/exam code, not a dedicated volume-value code)",24711-4, ejection fraction,NM Stomach Views for gastric emptying W Tc-99m SC PO (was wrongly matched to cardiac LV ejection fraction),39768-7,,,,,,,"Vagal and hormonal coordination (CCK, secretin)",,,,,,,,,,,,Yamada’s Textbook of Gastroenterology ,ISBN 9781119600206,19,,,,,,,,,
Digestive system,digestive system process,GO:0022602,Secretory Function,secretion,GO:0046903,Bile Secretion,bile acid secretion,GO:0032782,Gallbladder function,gallbladder development,GO:0061010,,,,,,,,,,,,,,Storage and concentration of bile: CCK triggers contraction and emptying,Organ,Gallbladder,gallbladder,UBERON:0002110,Epithelial cell,epithelial cell,CL:0000066,CCK,increases,Induction of X,gallbladder contraction,,,Circulatory / Systemic,Organ (intra-organ),Minutes-hours,Gallbladder volume,"US Gallbladder (study/exam code, not a dedicated volume-value code)",24711-4, ejection fraction,NM Stomach Views for gastric emptying W Tc-99m SC PO (was wrongly matched to cardiac LV ejection fraction),39768-7,,,,,,,"Vagal and hormonal coordination (CCK, secretin)",,,,,,,,,,,,Yamada’s Textbook of Gastroenterology ,ISBN 9781119600206,19,,,,,,,,,
Digestive system,digestive system process,GO:0022602,Secretory Function,secretion,GO:0046903,Bile Secretion,bile acid secretion,GO:0032782,Enterohepatic circulation,lymph circulation,GO:0003017,,,,,,,,,,,,,,Reuptake and recycling of bile acids: ASBT uptake in ileum,Cell,Ileum,ileum,UBERON:0002116,Enterocyte,enterocyte,CL:0000584,,does,X uptake,bile acid,,,,Cellular,Hours,Serum bile acid turnover,Bile acid [Moles/volume] in Serum or Plasma (static level; no LOINC for turnover kinetics),14628-2,,,,,,,,,,FXR-FGF19 negative feedback to CYP7A1,negative regulation of bile acid biosynthetic process,GO:0070858,,,,,,,,,,Yamada’s Textbook of Gastroenterology ,ISBN 9781119600206,19,,,,,,,,,
Digestive system,digestive system process,GO:0022602,Secretory Function,secretion,GO:0046903,Bile Secretion,bile acid secretion,GO:0032782,Enterohepatic circulation,lymph circulation,GO:0003017,,,,,,,,,,,,,,Reuptake and recycling of bile acids: ILBP cytosolic transfer,Cell,Ileum,ileum,UBERON:0002116,Enterocyte,enterocyte,CL:0000584,,does,X transfer,bile acid,,,,Cellular,Hours,Serum bile acid turnover,Bile acid [Moles/volume] in Serum or Plasma (static level; no LOINC for turnover kinetics),14628-2,,,,,,,,,,FXR-FGF19 negative feedback to CYP7A1,negative regulation of bile acid biosynthetic process,GO:0070858,,,,,,,,,,Yamada’s Textbook of Gastroenterology ,ISBN 9781119600206,19,,,,,,,,,
Digestive system,digestive system process,GO:0022602,Secretory Function,secretion,GO:0046903,Bile Secretion,bile acid secretion,GO:0032782,Enterohepatic circulation,lymph circulation,GO:0003017,,,,,,,,,,,,,,Reuptake and recycling of bile acids: OSTα/β basolateral efflux,Cell,Ileum,ileum,UBERON:0002116,Enterocyte,enterocyte,CL:0000584,,does,X transport to Y,bile acid,lumen,,,Cellular,Hours,Serum bile acid turnover,Bile acid [Moles/volume] in Serum or Plasma (static level; no LOINC for turnover kinetics),14628-2,,,,,,,,,,FXR-FGF19 negative feedback to CYP7A1,negative regulation of bile acid biosynthetic process,GO:0070858,,,,,,,,,,Yamada’s Textbook of Gastroenterology ,ISBN 9781119600206,19,,,,,,,,,
Digestive system,digestive system process,GO:0022602,Secretory Function,secretion,GO:0046903,Bile Secretion,bile acid secretion,GO:0032782,Ion transport and volume regulation,monoatomic ion transport,GO:0006811,,,,,,,,,,,,,,Osmotic balance in hepatocytes: Na⁺/K⁺-ATPase establishes gradient,Cell,Liver,liver,UBERON:0002107,Hepatocyte,digestive enzyme secreting cell,CL:0000470,,does,Induction of X,sodium pump gradient establishment,,,,Cellular,Seconds-minutes, bile osmolarity,	Bile acid pattern [Interpretation] in Serum or Plasma Narrative,	75038-0,,,,,,,,,,P2 receptor-mediated Ca²⁺ wave,purinergic nucleotide receptor signaling pathway,GO:0035590,,,,,,,,,,Yamada’s Textbook of Gastroenterology ,ISBN 9781119600206,19,,,,,,,,,
Digestive system,digestive system process,GO:0022602,Secretory Function,secretion,GO:0046903,Bile Secretion,bile acid secretion,GO:0032782,Ion transport and volume regulation,monoatomic ion transport,GO:0006811,,,,,,,,,,,,,,Osmotic balance in hepatocytes: Cl⁻/K⁺ channels regulate osmolarity,Cell,Liver,liver,UBERON:0002107,Hepatocyte,digestive enzyme secreting cell,CL:0000470,,does,regulation of X,hepatocyte osmotic balance,,,,Cellular,Seconds-minutes, bile osmolarity,	Bile acid pattern [Interpretation] in Serum or Plasma Narrative,	75038-0,,,,,,,,,,P2 receptor-mediated Ca²⁺ wave,purinergic nucleotide receptor signaling pathway,GO:0035590,,,,,,,,,,Yamada’s Textbook of Gastroenterology ,ISBN 9781119600206,19,,,,,,,,,
Digestive system,digestive system process,GO:0022602,Secretory Function,secretion,GO:0046903,Bile Secretion,bile acid secretion,GO:0032782,Ion transport and volume regulation,monoatomic ion transport,GO:0006811,,,,,,,,,,,,,,Osmotic balance in hepatocytes: ATP release triggers purinergic signaling,Cell,Liver,liver,UBERON:0002107,Hepatocyte,digestive enzyme secreting cell,CL:0000470,ATP,increases,X activation,purinergic signaling,,,Paracrine,Cellular,Seconds-minutes, bile osmolarity,	Bile acid pattern [Interpretation] in Serum or Plasma Narrative,	75038-0,,,,,,,,,,P2 receptor-mediated Ca²⁺ wave,purinergic nucleotide receptor signaling pathway,GO:0035590,,,,,,,,,,Yamada’s Textbook of Gastroenterology ,ISBN 9781119600206,19,,,,,,,,,
Digestive system,digestive system process,GO:0022602,Secretory Function,secretion,GO:0046903,Bile Secretion,bile acid secretion,GO:0032782,Protective barrier and junction integrity,organism emergence from protective structure,GO:0071684,,,,,,,,,,,,,,Tight junction regulation: Claudins/occludins form ZO-1 complex,Tissue,Gut,digestive system,UBERON:0001007,Hepatocyte,digestive enzyme secreting cell,CL:0000470,,does,X formation,tight-junction complex,,,,Segmental (intra-organ),Minutes-hours,Junction protein markers,,,,,,,,,,,,"TNF-α, IL-6 alter paracellular permeability",tumor necrosis factor-mediated signaling pathway,GO:0033209,,,,,,,,,,Yamada’s Textbook of Gastroenterology ,ISBN 9781119600206,19,,,,,,,,,
Digestive system,digestive system process,GO:0022602,Secretory Function,secretion,GO:0046903,Bile Secretion,bile acid secretion,GO:0032782,Protective barrier and junction integrity,organism emergence from protective structure,GO:0071684,,,,,,,,,,,,,,Tight junction regulation: Actomyosin contraction maintains barrier,Tissue,Gut,digestive system,UBERON:0001007,Hepatocyte,digestive enzyme secreting cell,CL:0000470,,does,X maintenance,actomyosin barrier,,,,Segmental (intra-organ),Minutes-hours,Junction protein markers,,,,,,,,,,,,"TNF-α, IL-6 alter paracellular permeability",tumor necrosis factor-mediated signaling pathway,GO:0033209,,,,,,,,,,Yamada’s Textbook of Gastroenterology ,ISBN 9781119600206,19,,,,,,,,,
Digestive system,digestive system process,GO:0022602,Secretory Function,secretion,GO:0046903,Bile Secretion,bile acid secretion,GO:0032782,Protective barrier and junction integrity,organism emergence from protective structure,GO:0071684,,,,,,,,,,,,,,Tight junction regulation: Cytokines remodel junctions,Tissue,Gut,digestive system,UBERON:0001007,Hepatocyte,digestive enzyme secreting cell,CL:0000470,,does,X remodeling,cytokine junction ,,,,Segmental (intra-organ),Minutes-hours,Junction protein markers,,,,,,,,,,,,"TNF-α, IL-6 alter paracellular permeability",tumor necrosis factor-mediated signaling pathway,GO:0033209,,,,,,,,,,Yamada’s Textbook of Gastroenterology ,ISBN 9781119600206,19,,,,,,,,,
Digestive system,digestive system process,GO:0022602,Secretory Function,secretion,GO:0046903,Bile Secretion,bile acid secretion,GO:0032782,Pathophysiology (cholestasis),,,,,,,,,,,,,,,,"Transporter dysfunction and bile acid toxicity: BSEP, MDR3, FIC1 defects → PFIC types 1-3",Cell,Liver,liver,UBERON:0002107,Hepatocyte,digestive enzyme secreting cell,CL:0000470,,does,Induction of X,bile transporter function,,,,Cellular,Hours-days,Serum bile acids,Bile acid [Moles/volume] in Serum or Plasma,14628-2, bilirubin,Bilirubin.total [Mass/volume] in Serum or Plasma,1975-2,,,,,,,"Nuclear receptor (FXR, PXR)-mediated gene adaptation",cellular response to xenobiotic stimulus,GO:0071466,,,,,,,,,,Yamada’s Textbook of Gastroenterology ,ISBN 9781119600206,19,,,,,,,,,
Digestive system,digestive system process,GO:0022602,Secretory Function,secretion,GO:0046903,Bile Secretion,bile acid secretion,GO:0032782,Pathophysiology (cholestasis),,,,,,,,,,,,,,,,Transporter dysfunction and bile acid toxicity: ABCG5/8 defects → sitosterolemia,Cell,Liver,liver,UBERON:0002107,Hepatocyte,digestive enzyme secreting cell,CL:0000470,,does,Induction of X,sterol export failure,,,,Cellular,Hours-days,Serum bile acids,Bile acid [Moles/volume] in Serum or Plasma,14628-2, bilirubin,Bilirubin.total [Mass/volume] in Serum or Plasma,1975-2,,,,,,,"Nuclear receptor (FXR, PXR)-mediated gene adaptation",cellular response to xenobiotic stimulus,GO:0071466,,,,,,,,,,Yamada’s Textbook of Gastroenterology ,ISBN 9781119600206,19,,,,,,,,,
Digestive system,digestive system process,GO:0022602,Energy Metabolism & Homeostasis,energy homeostasis,GO:0097009,Nutrient intake and absorption,intestinal absorption,GO:0050892,,,,,,,,,,,,,,,,,"Oral ingestion, digestion, and intestinal uptake: Mastication and gastric breakdown",Cell,GI tract,digestive system,UBERON:0001007,Enterocyte,enterocyte of epithelium of large intestine,CL:0002071,,does,Induction of X,food digestion,,,,Organ (intra-organ),Hours,BMI,Body mass index (BMI) [Ratio],39156-5, serum nutrient levels,,,,,,,,,"Neuroendocrine (CCK, secretin, vagus)",,,,,,,,,,,,Yamada’s Textbook of Gastroenterology ,ISBN 9781119600206,20,,,,,,,,,
Digestive system,digestive system process,GO:0022602,Energy Metabolism & Homeostasis,energy homeostasis,GO:0097009,Nutrient intake and absorption,intestinal absorption,GO:0050892,,,,,,,,,,,,,,,,,"Oral ingestion, digestion, and intestinal uptake: Enzymatic digestion (pancreas, bile)",Cell,Intestine,intestine,UBERON:0000160,Enterocyte,enterocyte of epithelium of large intestine,CL:0002071,,does,X hydrolysis of Y,enzyme,nutrient,,,Cellular,Hours,BMI,Body mass index (BMI) [Ratio],39156-5, serum nutrient levels,,,,,,,,,"Neuroendocrine (CCK, secretin, vagus)",,,,,,,,,,,,Yamada’s Textbook of Gastroenterology ,ISBN 9781119600206,20,,,,,,,,,
Digestive system,digestive system process,GO:0022602,Energy Metabolism & Homeostasis,energy homeostasis,GO:0097009,Nutrient intake and absorption,intestinal absorption,GO:0050892,,,,,,,,,,,,,,,,,"Oral ingestion, digestion, and intestinal uptake: Enterocyte Na⁺-coupled absorption",Cell,Intestine,intestine,UBERON:0000160,Enterocyte,enterocyte of epithelium of large intestine,CL:0002071,,does,X absorption,sodium-coupled nutrient,,,,Cellular,Hours,BMI,Body mass index (BMI) [Ratio],39156-5, serum nutrient levels,,,,,,,,,"Neuroendocrine (CCK, secretin, vagus)",,,,,,,,,,,,Yamada’s Textbook of Gastroenterology ,ISBN 9781119600206,20,,,,,,,,,
Digestive system,digestive system process,GO:0022602,Energy Metabolism & Homeostasis,energy homeostasis,GO:0097009,Glucose metabolism,glucose homeostasis,GO:0042593,glucose uptake,glucose metabolic process,GO:0006006,GLUT2-mediated hepatic glucose uptake and bidirectional transport,,,,,,,,,,,,,"After a meal, hepatocytes take up glucose from nutrient-rich portal venous blood using GLUT2. ",Cell,Liver parenchyma; hepatic sinusoids,liver; blood,UBERON:0002107; UBERON:0000178,Hepatocytes,hepatocyte,CL:0000182,,does,X transport between Y,Glucose,portal blood and hepatocytes,GLUT2 concentration-gradient dependent,,Systemic,Seconds-minutes,Plasma glucose,Glucose [Mass/volume] in Serum or Plasma,2345-7,,,,,,,,,,Upstream of glucokinase-mediated phosphorylation and glycogen synthesis.,glucokinase activity,GO:0004340,,,,,,,,,,"High-Yield Physiology, 1st edition. Dudek, 2008.",ISBN: 978-0781745871,33,,,,,,,,,
Digestive system,digestive system process,GO:0022602,Energy Metabolism & Homeostasis,energy homeostasis,GO:0097009,Glucose metabolism,glucose homeostasis,GO:0042593,glucose uptake,glucose metabolic process,GO:0006006,Glucokinase-mediated hepatic glucose phosphorylation and sensing,glucose sensor activity,GO:0141089,,,,,,,,,,,"After uptake, glucose is phosphorylated to glucose 6-phosphate by glucokinase. The requested model interprets low-affinity glucokinase with a Km near normal blood glucose as a hepatic glucose-sensing mechanism.",Cell,Liver parenchyma,liver,UBERON:0002107,Hepatocytes,hepatocyte,CL:0000182,,does,X conversion to Y,Glucose,glucose 6-phosphate,"Glucokinase-mediated phosphorylation is directly stated; low affinity, Km near normal blood glucose, and the sensing interpretation are not stated",,Cellular,Seconds-minutes,Plasma glucose,Glucose [Mass/volume] in Serum or Plasma,2345-7, lactate,Lactate [Moles/volume] in Serum or Plasma,2524-7,,,,,,,Generates glucose 6-phosphate for glucose 1-phosphate and UDP-glucose formation.,glucose-6-phosphate transport,GO:0015760,,,,,,,,,,"High-Yield Physiology, 1st edition. Dudek, 2008.",ISBN: 978-0781745871,33,,,,,,,,,
Digestive system,digestive system process,GO:0022602,Energy Metabolism & Homeostasis,energy homeostasis,GO:0097009,Glucose metabolism,glucose homeostasis,GO:0042593,glucose uptake,glucose catabolic process,GO:0006007,Insulin-regulated hepatic glycolysis,canonical glycolysis,GO:0061621,,,,,,,,,,,"Insulin promotes hepatic glycolysis, converting glucose to pyruvate in the fed state.",Cell,Liver parenchyma,liver,UBERON:0002107,Hepatocytes,hepatocyte,CL:0000182,Insulin,increases,X conversion to Y,Glucose,pyruvate,,systemic,Cellular,Minutes-hours,Plasma glucose,Glucose [Mass/volume] in Serum or Plasma,2345-7, insulin,Insulin [Units/volume] in Serum or Plasma,20448-7, pyruvate,Pyruvate [Moles/volume] in Blood,14121-8, glucose,Glucose [Mass/volume] in Serum or Plasma,2345-7,"pyruvate for lactate, alanine, oxaloacetate, or acetyl-CoA formation",pyruvate decarboxylation to acetyl-CoA,GO:0006086,,,,,,,,,,Zakim and Boyers hepatology,ISBN: 978-0323375917,1,,"High-Yield Physiology, 1st edition. Dudek, 2008.",ISBN: 978-0781745871,33,,Yamada’s Textbook of Gastroenterology ,ISBN 9781119600206,20,
Digestive system,digestive system process,GO:0022602,Energy Metabolism & Homeostasis,energy homeostasis,GO:0097009,Glucose metabolism,glucose homeostasis,GO:0042593,glucose uptake,glucose catabolic process,GO:0006007,Glucose-derived pyruvate metabolic branch point,pyruvate catabolic process,GO:0042867,,,,,,,,,,,"Pyruvate produced by glycolysis can be reduced to lactate, transaminated to alanine, carboxylated to oxaloacetate, or oxidatively decarboxylated to acetyl-CoA.",Cell,Liver parenchyma,liver,UBERON:0002107,Hepatocytes,hepatocyte,CL:0000182,,does,X conversion to Y,Pyruvate,"lactate, alanine, oxaloacetate, or acetyl-CoA",Pyruvate is a major metabolic junction linking glycolysis with several downstream pathways.,,Cellular,Seconds-minutes,Pyruvate,Pyruvate [Moles/volume] in Blood,14121-8, lactate,Lactate [Moles/volume] in Serum or Plasma,2524-7, alanine,Alanine [Moles/volume] in Serum or Plasma,20636-7,,,,"glycolysis with lactate formation, alanine metabolism, gluconeogenesis, and acetyl-CoA-dependent lipid synthesis.",gluconeogenesis,GO:0006094,,,,,,,,,,Yamada’s Textbook of Gastroenterology ,ISBN 9781119600206,20,,,,,,,,,
Digestive system,digestive system process,GO:0022602,Energy Metabolism & Homeostasis,energy homeostasis,GO:0097009,Glucose metabolism,glucose homeostasis,GO:0042593,glucose uptake,glucose metabolic process,GO:0006006,Glucose-alanine cycle,alanine transport,GO:0032328,,,,,,,,,,,"Muscle-derived alanine is transported to the liver and converted to glucose, which returns through blood to muscle.",Organ,Liver; blood,liver; blood,UBERON:0002107; UBERON:0000178,Liver; blood,liver; blood,UBERON:0002107; UBERON:0000178,,does,X conversion to Y,Muscle-derived alanine,glucose,,,Systemic,Hours-days,Plasma alanine,Alanine [Moles/volume] in Serum or Plasma,20636-7, plasma glucose,Glucose [Mass/volume] in Serum or Plasma,2345-7,,,,,,,alanine and amino-acid nitrogen transfer,response to amino acid,GO:0043200,,,,,,,,,,Yamada’s Textbook of Gastroenterology ,ISBN 9781119600206,20,,"High-Yield Physiology, 1st edition. Dudek, 2008.",ISBN: 978-0781745871,33,,,,,
Digestive system,digestive system process,GO:0022602,Energy Metabolism & Homeostasis,energy homeostasis,GO:0097009,Glucose metabolism,glucose homeostasis,GO:0042593,glucose storage (glycogenesis),glucose metabolic process,GO:0006006,UDP-glucose formation for hepatic glycogenesis,UDP-alpha-D-glucose metabolic process,GO:0006011,,,,,,,,,,,"Glucose 6-phosphate is converted to glucose 1-phosphate by phosphoglucomutase. Glucose 1-phosphate then reacts with UTP to form UDP-glucose, the activated glucosyl donor for glycogen synthesis.",Cell,Liver parenchyma,liver,UBERON:0002107,Hepatocytes,hepatocyte,CL:0000182,,does,X conversion to Y,Glucose 1-phosphate,UDP-glucose,The pathway uses UTP and generates UDP-glucose before glycogen-chain elongation.,,Cellular,Minutes-hours,Hepatic glycogen content,Glycogen synthase I/Glycogen synthase.total in Blood,	44832-4, glucagon,Glucagon [Mass/volume] in Serum or Plasma,2338-2,,,,,,,Supplies the activated glucosyl donor used by glycogen synthase,[glycogen-synthase-D] phosphatase activity,GO:0050407,,,,,,,,,,"High-Yield Physiology, 1st edition. Dudek, 2008.",ISBN: 978-0781745871,33,,,,,,,,,
Digestive system,digestive system process,GO:0022602,Energy Metabolism & Homeostasis,energy homeostasis,GO:0097009,Glucose metabolism,glucose homeostasis,GO:0042593,glycogen breakdown (glycogenolysis),glycogen catabolic process,GO:0005980,Glycogen synthase-mediated hepatic glycogen storage,,,,,,,,,,,,,"Glycogen synthase transfers glucosyl units from UDP-glucose to the glycogen chain, forming alpha-1,4 glycosidic bonds and storing glucose as liver glycogen.",Cell,Liver parenchyma,liver,UBERON:0002107,Hepatocytes,hepatocyte,CL:0000182,Insulin,increases,X conversion to Y,glucose,hepatic glycogen,Liver glycogen synthesis is associated with an increased insulin-to-glucagon ratio and lowers blood glucose.,systemic,Organ (intra-organ),Minutes-hours,Hepatic glycogen content,Glycogen synthase I/Glycogen synthase.total in Blood,	44832-4, plasma glucose,Glucose [Mass/volume] in Serum or Plasma,2345-7, insulin,Insulin [Units/volume] in Serum or Plasma,20448-7,,,,Promoted by an increased insulin-to-glucagon ratio,response to insulin,GO:0032868,opposed by glycogen degradation,glycogen catabolic process,GO:0005980,,,,,,,Yamada’s Textbook of Gastroenterology ,ISBN 9781119600206,20,,"High-Yield Physiology, 1st edition. Dudek, 2008.",ISBN: 978-0781745871,33,,,,,
Digestive system,digestive system process,GO:0022602,Energy Metabolism & Homeostasis,energy homeostasis,GO:0097009,Glucose metabolism,glucose homeostasis,GO:0042593,glycogen breakdown (glycogenolysis),glycogen catabolic process,GO:0005980,Glucose storage through hepatic de novo lipogenesis,,,,,,,,,,,,,Acetyl-CoA derived mainly from glucose is converted to malonyl-CoA by acetyl-CoA carboxylase and used by the fatty acid synthase complex; fatty acids are esterified to glycerol to form triacylglycerols mainly in the liver.,Cell,Liver parenchyma,liver,UBERON:0002107,Hepatocytes,hepatocyte,CL:0000182,Insulin,increases,X conversion to Y,Glucose,Acetyl-CoA,Acetyl-CoA → malonyl-CoA via acetyl-CoA carboxylase; fatty acid synthase complex; insulin regulation is not directly stated in Chapter 33,systemic,Organ (intra-organ),Hours-days,Hepatic fat content,Glycogen synthase I/Glycogen synthase.total in Blood,	44832-4, serum triglycerides,Triglyceride [Mass/volume] in Serum or Plasma,2571-8, insulin,Insulin [Units/volume] in Serum or Plasma,20448-7, epinephrine,EPINEPHrine [Mass/volume] in Plasma,2230-1,fatty-acid and triacylglycerol synthesis,fatty acid-CoA ligase activity,GO:0120515,,,,,,,,,,Yamada’s Textbook of Gastroenterology ,ISBN 9781119600206,20,,"High-Yield Physiology, 1st edition. Dudek, 2008.",ISBN: 978-0781745871,33,,,,,
Digestive system,digestive system process,GO:0022602,Energy Metabolism & Homeostasis,energy homeostasis,GO:0097009,Glucose metabolism,glucose homeostasis,GO:0042593,glycogen breakdown (glycogenolysis),glycogen catabolic process,GO:0005980,Glucose storage through hepatic de novo lipogenesis,,,,,,,,,,,,,Acetyl-CoA derived mainly from glucose is converted to malonyl-CoA by acetyl-CoA carboxylase and used by the fatty acid synthase complex; fatty acids are esterified to glycerol to form triacylglycerols mainly in the liver.,Cell,Liver parenchyma,liver,UBERON:0002107,Hepatocytes,hepatocyte,CL:0000182,acetyl-CoA carboxylase ,increases,X conversion to Y,Acetyl-CoA,malonyl-CoA,Acetyl-CoA → malonyl-CoA via acetyl-CoA carboxylase; fatty acid synthase complex; insulin regulation is not directly stated in Chapter 33,intra-organ,Organ (intra-organ),Hours-days,Hepatic fat content,Glycogen synthase I/Glycogen synthase.total in Blood,	44832-4, serum triglycerides,Triglyceride [Mass/volume] in Serum or Plasma,2571-8, insulin,Insulin [Units/volume] in Serum or Plasma,20448-7, epinephrine,EPINEPHrine [Mass/volume] in Plasma,2230-1,fatty-acid and triacylglycerol synthesis,fatty acid-CoA ligase activity,GO:0120515,,,,,,,,,,Yamada’s Textbook of Gastroenterology ,ISBN 9781119600206,20,,"High-Yield Physiology, 1st edition. Dudek, 2008.",ISBN: 978-0781745871,33,,,,,
Digestive system,digestive system process,GO:0022602,Energy Metabolism & Homeostasis,energy homeostasis,GO:0097009,Glucose metabolism,glucose homeostasis,GO:0042593,glycogen breakdown (glycogenolysis),glycogen catabolic process,GO:0005980,Glucose storage through hepatic de novo lipogenesis,,,,,,,,,,,,,Acetyl-CoA derived mainly from glucose is converted to malonyl-CoA by acetyl-CoA carboxylase and used by the fatty acid synthase complex; fatty acids are esterified to glycerol to form triacylglycerols mainly in the liver.,Cell,Liver parenchyma,liver,UBERON:0002107,Hepatocytes,hepatocyte,CL:0000182,,does,X conversion to Y,malonyl-CoA,"fatty acids, glycerol and triacylglycerols",Acetyl-CoA → malonyl-CoA via acetyl-CoA carboxylase; fatty acid synthase complex; insulin regulation is not directly stated in Chapter 33,,Organ (intra-organ),Hours-days,Hepatic fat content,Glycogen synthase I/Glycogen synthase.total in Blood,	44832-4, serum triglycerides,Triglyceride [Mass/volume] in Serum or Plasma,2571-8, insulin,Insulin [Units/volume] in Serum or Plasma,20448-7, epinephrine,EPINEPHrine [Mass/volume] in Plasma,2230-1,fatty-acid and triacylglycerol synthesis,fatty acid-CoA ligase activity,GO:0120515,,,,,,,,,,Yamada’s Textbook of Gastroenterology ,ISBN 9781119600206,20,,"High-Yield Physiology, 1st edition. Dudek, 2008.",ISBN: 978-0781745871,33,,,,,
Digestive system,digestive system process,GO:0022602,Energy Metabolism & Homeostasis,energy homeostasis,GO:0097009,Glucose metabolism,glucose homeostasis,GO:0042593,glycogen breakdown (glycogenolysis),glycogen catabolic process,GO:0005980,Glucose storage through hepatic de novo lipogenesis,,,,,,,,,,,,,"When circulating fatty acids are high, acetyl-CoA derived mainly from glucose and fatty acids is converted through HMG-CoA to acetoacetate and beta-hydroxybutyrate mainly in the liver.",Cell,Liver parenchyma,liver,UBERON:0002107,Hepatocytes,hepatocyte,CL:0000182,circulating fatty acids ,increases,X conversion to Y,acetyl-CoA,HMG-CoA,Acetyl-CoA → malonyl-CoA via acetyl-CoA carboxylase; fatty acid synthase complex; insulin regulation is not directly stated in Chapter 33,ciculatory,Organ (intra-organ),Hours-days,Hepatic fat content,Glycogen synthase I/Glycogen synthase.total in Blood,	44832-4, serum triglycerides,Triglyceride [Mass/volume] in Serum or Plasma,2571-8, insulin,Insulin [Units/volume] in Serum or Plasma,20448-7, epinephrine,EPINEPHrine [Mass/volume] in Plasma,2230-1,fatty-acid and triacylglycerol synthesis,fatty acid-CoA ligase activity,GO:0120515,,,,,,,,,,Yamada’s Textbook of Gastroenterology ,ISBN 9781119600206,20,,"High-Yield Physiology, 1st edition. Dudek, 2008.",ISBN: 978-0781745871,33,,,,,
Digestive system,digestive system process,GO:0022602,Energy Metabolism & Homeostasis,energy homeostasis,GO:0097009,Glucose metabolism,glucose homeostasis,GO:0042593,glycogen breakdown (glycogenolysis),glycogen catabolic process,GO:0005980,Glucose storage through hepatic de novo lipogenesis,,,,,,,,,,,,,"When circulating fatty acids are high, acetyl-CoA derived mainly from glucose and fatty acids is converted through HMG-CoA to acetoacetate and beta-hydroxybutyrate mainly in the liver.",Cell,Liver parenchyma,liver,UBERON:0002107,Hepatocytes,hepatocyte,CL:0000182,circulating fatty acids ,increases,X conversion to Y,HMG-CoA,acetoacetate,Acetyl-CoA → malonyl-CoA via acetyl-CoA carboxylase; fatty acid synthase complex; insulin regulation is not directly stated in Chapter 33,ciculatory,Organ (intra-organ),Hours-days,Hepatic fat content,Glycogen synthase I/Glycogen synthase.total in Blood,	44832-4, serum triglycerides,Triglyceride [Mass/volume] in Serum or Plasma,2571-8, insulin,Insulin [Units/volume] in Serum or Plasma,20448-7, epinephrine,EPINEPHrine [Mass/volume] in Plasma,2230-1,fatty-acid and triacylglycerol synthesis,fatty acid-CoA ligase activity,GO:0120515,,,,,,,,,,Yamada’s Textbook of Gastroenterology ,ISBN 9781119600206,20,,"High-Yield Physiology, 1st edition. Dudek, 2008.",ISBN: 978-0781745871,33,,,,,
Digestive system,digestive system process,GO:0022602,Energy Metabolism & Homeostasis,energy homeostasis,GO:0097009,Glucose metabolism,glucose homeostasis,GO:0042593,glycogen breakdown (glycogenolysis),glycogen catabolic process,GO:0005980,Glucose storage through hepatic de novo lipogenesis,,,,,,,,,,,,,"When circulating fatty acids are high, acetyl-CoA derived mainly from glucose and fatty acids is converted through HMG-CoA to acetoacetate and beta-hydroxybutyrate mainly in the liver.",Cell,Liver parenchyma,liver,UBERON:0002107,Hepatocytes,hepatocyte,CL:0000182,circulating fatty acids ,increases,X conversion to Y,acetoacetate,beta-hydroxybutyrate,Acetyl-CoA → malonyl-CoA via acetyl-CoA carboxylase; fatty acid synthase complex; insulin regulation is not directly stated in Chapter 33,ciculatory,Organ (intra-organ),Hours-days,Hepatic fat content,Glycogen synthase I/Glycogen synthase.total in Blood,	44832-4, serum triglycerides,Triglyceride [Mass/volume] in Serum or Plasma,2571-8, insulin,Insulin [Units/volume] in Serum or Plasma,20448-7, epinephrine,EPINEPHrine [Mass/volume] in Plasma,2230-1,fatty-acid and triacylglycerol synthesis,fatty acid-CoA ligase activity,GO:0120515,,,,,,,,,,Yamada’s Textbook of Gastroenterology ,ISBN 9781119600206,20,,"High-Yield Physiology, 1st edition. Dudek, 2008.",ISBN: 978-0781745871,33,,,,,
Digestive system,digestive system process,GO:0022602,Energy Metabolism & Homeostasis,energy homeostasis,GO:0097009,Glucose metabolism,glucose homeostasis,GO:0042593,glycogen breakdown (glycogenolysis),glycogen catabolic process,GO:0005980,ketone-body production,ketone biosynthetic process,GO:0042181,,,,,,,,,,,"Because the liver lacks thiotransferase, it cannot utilize ketone bodies and releases them into blood for use by muscle, kidney, and brain.",Cell,Liver parenchyma,liver,UBERON:0002107,Hepatocytes,hepatocyte,CL:0000182,circulating fatty acids ,increases,X release to Y,Ketone bodies,blood,Acetyl-CoA → malonyl-CoA via acetyl-CoA carboxylase; fatty acid synthase complex; insulin regulation is not directly stated in Chapter 33,ciculatory,Organ (intra-organ),Hours-days,Blood beta-hydroxybutyrate,Beta hydroxybutyrate [Mass/volume] in Serum or Plasma,29512-1, acetoacetate,Acetoacetate [Mass/volume] in Serum or Plasma,1705-3, acetone,Acetone [Mass/volume] in Serum or Plasma,5568-1,,,,fatty-acid and triacylglycerol synthesis,fatty acid-CoA ligase activity,GO:0120515,,,,,,,,,,Yamada’s Textbook of Gastroenterology ,ISBN 9781119600206,20,,"High-Yield Physiology, 1st edition. Dudek, 2008.",ISBN: 978-0781745871,33,,,,,
Digestive system,digestive system process,GO:0022602,Energy Metabolism & Homeostasis,energy homeostasis,GO:0097009,Glucose metabolism,glucose homeostasis,GO:0042593,glycogen breakdown (glycogenolysis),glycogen catabolic process,GO:0005980,ketone-body production,ketone biosynthetic process,GO:0042181,,,,,,,,,,,"Because the liver lacks thiotransferase, it cannot utilize ketone bodies and releases them into blood for use by muscle, kidney, and brain.",Organ system,circulatory system,circulatory system,UBERON:0001009,blood,blood,UBERON:0000178,circulating fatty acids ,increases,X transport to Y,Ketone bodies,muscle,Acetyl-CoA → malonyl-CoA via acetyl-CoA carboxylase; fatty acid synthase complex; insulin regulation is not directly stated in Chapter 33,ciculatory,Organ (intra-organ),Hours-days,Blood beta-hydroxybutyrate,Beta hydroxybutyrate [Mass/volume] in Serum or Plasma,29512-1, acetoacetate,Acetoacetate [Mass/volume] in Serum or Plasma,1705-3, acetone,Acetone [Mass/volume] in Serum or Plasma,5568-1,,,,fatty-acid and triacylglycerol synthesis,fatty acid-CoA ligase activity,GO:0120515,,,,,,,,,,Yamada’s Textbook of Gastroenterology ,ISBN 9781119600206,20,,"High-Yield Physiology, 1st edition. Dudek, 2008.",ISBN: 978-0781745871,33,,,,,
Digestive system,digestive system process,GO:0022602,Energy Metabolism & Homeostasis,energy homeostasis,GO:0097009,Glucose metabolism,glucose homeostasis,GO:0042593,glycogen breakdown (glycogenolysis),glycogen catabolic process,GO:0005980,ketone-body production,ketone biosynthetic process,GO:0042181,,,,,,,,,,,"Because the liver lacks thiotransferase, it cannot utilize ketone bodies and releases them into blood for use by muscle, kidney, and brain.",Organ system,circulatory system,circulatory system,UBERON:0001009,blood,blood,UBERON:0000178,circulating fatty acids ,increases,X transport to Y,Ketone bodies,kidney,Acetyl-CoA → malonyl-CoA via acetyl-CoA carboxylase; fatty acid synthase complex; insulin regulation is not directly stated in Chapter 33,ciculatory,Organ (intra-organ),Hours-days,Blood beta-hydroxybutyrate,Beta hydroxybutyrate [Mass/volume] in Serum or Plasma,29512-1, acetoacetate,Acetoacetate [Mass/volume] in Serum or Plasma,1705-3, acetone,Acetone [Mass/volume] in Serum or Plasma,5568-1,,,,fatty-acid and triacylglycerol synthesis,fatty acid-CoA ligase activity,GO:0120515,,,,,,,,,,Yamada’s Textbook of Gastroenterology ,ISBN 9781119600206,20,,"High-Yield Physiology, 1st edition. Dudek, 2008.",ISBN: 978-0781745871,33,,,,,
Digestive system,digestive system process,GO:0022602,Energy Metabolism & Homeostasis,energy homeostasis,GO:0097009,Glucose metabolism,glucose homeostasis,GO:0042593,glycogen breakdown (glycogenolysis),glycogen catabolic process,GO:0005980,ketone-body production,ketone biosynthetic process,GO:0042181,,,,,,,,,,,"Because the liver lacks thiotransferase, it cannot utilize ketone bodies and releases them into blood for use by muscle, kidney, and brain.",Organ system,circulatory system,circulatory system,UBERON:0001009,blood,blood,UBERON:0000178,circulating fatty acids ,increases,X transport to Y,Ketone bodies,brain,Acetyl-CoA → malonyl-CoA via acetyl-CoA carboxylase; fatty acid synthase complex; insulin regulation is not directly stated in Chapter 33,ciculatory,Organ (intra-organ),Hours-days,Blood beta-hydroxybutyrate,Beta hydroxybutyrate [Mass/volume] in Serum or Plasma,29512-1, acetoacetate,Acetoacetate [Mass/volume] in Serum or Plasma,1705-3, acetone,Acetone [Mass/volume] in Serum or Plasma,5568-1,,,,fatty-acid and triacylglycerol synthesis,fatty acid-CoA ligase activity,GO:0120515,,,,,,,,,,Yamada’s Textbook of Gastroenterology ,ISBN 9781119600206,20,,"High-Yield Physiology, 1st edition. Dudek, 2008.",ISBN: 978-0781745871,33,,,,,
Digestive system,digestive system process,GO:0022602,Energy Metabolism & Homeostasis,energy homeostasis,GO:0097009,Glucose metabolism,glucose homeostasis,GO:0042593,glycogen breakdown (glycogenolysis),glycogen catabolic process,GO:0005980,Hormone-regulated hepatic glycogen degradation,regulation of glycogen catabolic process,GO:0005981,,,,,,,,,,,"During hypoglycemia, fasting, exercise, or stress, hepatocytes degrade glycogen through glycogen phosphorylase, 4:4 transferase, and alpha-1,6 glucosidase, generating glucose 1-phosphate and free glucose.",Cell,Liver parenchyma; blood,liver; blood,UBERON:0002107; UBERON:0000178,Hepatocytes,hepatocyte,CL:0000182,hypoglycemia,increases,X conversion to Y,Hepatic glycogen,glucose 1-phosphate and glucose,Glucose 1-phosphate and free glucose are generated at an approximately 10:1 ratio. A decreased insulin-to-glucagon ratio and epinephrine promote the process.,systemic,Systemic,Minutes-hours,Fasting/plasma glucose,Fasting glucose [Mass/volume] in Serum or Plasma,1558-6, glucagon,Glucagon [Mass/volume] in Serum or Plasma,2338-2, insulin,Insulin [Units/volume] in Serum or Plasma,20448-7, epinephrine,EPINEPHrine [Mass/volume] in Plasma,2230-1,response to epinephrine,response to epinephrine,GO:0071871,glucose metabolic process,glucose metabolic process,GO:0006006,,,,,,,Yamada’s Textbook of Gastroenterology ,ISBN 9781119600206,20,,"High-Yield Physiology, 1st edition. Dudek, 2008.",ISBN: 978-0781745871,33,,,,,
Digestive system,digestive system process,GO:0022602,Energy Metabolism & Homeostasis,energy homeostasis,GO:0097009,Glucose metabolism,glucose homeostasis,GO:0042593,glycogen breakdown (glycogenolysis),glycogen catabolic process,GO:0005980,Hormone-regulated hepatic glycogen degradation,regulation of glycogen catabolic process,GO:0005981,,,,,,,,,,,"During hypoglycemia, fasting, exercise, or stress, hepatocytes degrade glycogen through glycogen phosphorylase, 4:4 transferase, and alpha-1,6 glucosidase, generating glucose 1-phosphate and free glucose.",Cell,Liver parenchyma; blood,liver; blood,UBERON:0002107; UBERON:0000178,Hepatocytes,hepatocyte,CL:0000182,fasting,increases,X conversion to Y,Hepatic glycogen,glucose 1-phosphate and glucose,Glucose 1-phosphate and free glucose are generated at an approximately 10:1 ratio. A decreased insulin-to-glucagon ratio and epinephrine promote the process.,systemic,Systemic,Minutes-hours,Fasting/plasma glucose,Fasting glucose [Mass/volume] in Serum or Plasma,1558-6, glucagon,Glucagon [Mass/volume] in Serum or Plasma,2338-2, insulin,Insulin [Units/volume] in Serum or Plasma,20448-7, epinephrine,EPINEPHrine [Mass/volume] in Plasma,2230-1,response to epinephrine,response to epinephrine,GO:0071871,glucose metabolic process,glucose metabolic process,GO:0006006,,,,,,,Yamada’s Textbook of Gastroenterology ,ISBN 9781119600206,20,,"High-Yield Physiology, 1st edition. Dudek, 2008.",ISBN: 978-0781745871,33,,,,,
Digestive system,digestive system process,GO:0022602,Energy Metabolism & Homeostasis,energy homeostasis,GO:0097009,Glucose metabolism,glucose homeostasis,GO:0042593,glycogen breakdown (glycogenolysis),glycogen catabolic process,GO:0005980,Hormone-regulated hepatic glycogen degradation,regulation of glycogen catabolic process,GO:0005981,,,,,,,,,,,"During hypoglycemia, fasting, exercise, or stress, hepatocytes degrade glycogen through glycogen phosphorylase, 4:4 transferase, and alpha-1,6 glucosidase, generating glucose 1-phosphate and free glucose.",Cell,Liver parenchyma; blood,liver; blood,UBERON:0002107; UBERON:0000178,Hepatocytes,hepatocyte,CL:0000182,exercise,increases,X conversion to Y,Hepatic glycogen,glucose 1-phosphate and glucose,Glucose 1-phosphate and free glucose are generated at an approximately 10:1 ratio. A decreased insulin-to-glucagon ratio and epinephrine promote the process.,systemic,Systemic,Minutes-hours,Fasting/plasma glucose,Fasting glucose [Mass/volume] in Serum or Plasma,1558-6, glucagon,Glucagon [Mass/volume] in Serum or Plasma,2338-2, insulin,Insulin [Units/volume] in Serum or Plasma,20448-7, epinephrine,EPINEPHrine [Mass/volume] in Plasma,2230-1,response to epinephrine,response to epinephrine,GO:0071871,glucose metabolic process,glucose metabolic process,GO:0006006,,,,,,,Yamada’s Textbook of Gastroenterology ,ISBN 9781119600206,20,,"High-Yield Physiology, 1st edition. Dudek, 2008.",ISBN: 978-0781745871,33,,,,,
Digestive system,digestive system process,GO:0022602,Energy Metabolism & Homeostasis,energy homeostasis,GO:0097009,Glucose metabolism,glucose homeostasis,GO:0042593,glycogen breakdown (glycogenolysis),glycogen catabolic process,GO:0005980,Hormone-regulated hepatic glycogen degradation,regulation of glycogen catabolic process,GO:0005981,,,,,,,,,,,"During hypoglycemia, fasting, exercise, or stress, hepatocytes degrade glycogen through glycogen phosphorylase, 4:4 transferase, and alpha-1,6 glucosidase, generating glucose 1-phosphate and free glucose.",Cell,Liver parenchyma; blood,liver; blood,UBERON:0002107; UBERON:0000178,Hepatocytes,hepatocyte,CL:0000182,stress,increases,X conversion to Y,Hepatic glycogen,glucose 1-phosphate and glucose,Glucose 1-phosphate and free glucose are generated at an approximately 10:1 ratio. A decreased insulin-to-glucagon ratio and epinephrine promote the process.,systemic,Systemic,Minutes-hours,Fasting/plasma glucose,Fasting glucose [Mass/volume] in Serum or Plasma,1558-6, glucagon,Glucagon [Mass/volume] in Serum or Plasma,2338-2, insulin,Insulin [Units/volume] in Serum or Plasma,20448-7, epinephrine,EPINEPHrine [Mass/volume] in Plasma,2230-1,response to epinephrine,response to epinephrine,GO:0071871,glucose metabolic process,glucose metabolic process,GO:0006006,,,,,,,Yamada’s Textbook of Gastroenterology ,ISBN 9781119600206,20,,"High-Yield Physiology, 1st edition. Dudek, 2008.",ISBN: 978-0781745871,33,,,,,
Digestive system,digestive system process,GO:0022602,Energy Metabolism & Homeostasis,energy homeostasis,GO:0097009,Glucose metabolism,glucose homeostasis,GO:0042593,glycogen breakdown (glycogenolysis),glycogen catabolic process,GO:0005980,Glucose 6-phosphatase-mediated hepatic glucose release,glucose-6-phosphatase activity,GO:0004346,,,,,,,,,,,Glucose 1-phosphate is converted to glucose 6-phosphate by phosphoglucomutase. ,Cell,Liver parenchyma; blood,liver; blood,UBERON:0002107; UBERON:0000178,Hepatocytes,hepatocyte,CL:0000182,,does,X conversion to Y,Glucose 1-phosphate ,glucose 6-phosphate ,glucose 6-phosphatase is present only in the liver and kidney.,,Systemic,Minutes-hours,Fasting/plasma glucose,Fasting glucose [Mass/volume] in Serum or Plasma,1558-6, glucagon,Glucagon [Mass/volume] in Serum or Plasma,2338-2, insulin,Insulin [Units/volume] in Serum or Plasma,20448-7, ALT/AST,Alanine aminotransferase / Aspartate aminotransferase [Enzymatic activity/volume] in Serum or Plasma,1742-6 / 1920-8,gluconeogenesis,gluconeogenesis,GO:0006094,glycogen catabolic process,glycogen catabolic process,GO:0005980,,,,,,,"High-Yield Physiology, 1st edition. Dudek, 2008.",ISBN: 978-0781745871,33,,,,,,,,,
Digestive system,digestive system process,GO:0022602,Energy Metabolism & Homeostasis,energy homeostasis,GO:0097009,Glucose metabolism,glucose homeostasis,GO:0042593,glycogen breakdown (glycogenolysis),glycogen catabolic process,GO:0005980,Glucose 6-phosphatase-mediated hepatic glucose release,glucose-6-phosphatase activity,GO:0004346,,,,,,,,,,,Glucose 6-phosphatase then converts glucose 6-phosphate to free glucose for release from hepatocytes and maintenance of circulating blood glucose.,Cell,Liver parenchyma; blood,liver; blood,UBERON:0002107; UBERON:0000178,Hepatocytes,hepatocyte,CL:0000182,,does,X conversion to Y,Glucose 6-phosphate,glucose,glucose 6-phosphatase is present only in the liver and kidney.,,Systemic,Minutes-hours,Fasting/plasma glucose,Fasting glucose [Mass/volume] in Serum or Plasma,1558-6, glucagon,Glucagon [Mass/volume] in Serum or Plasma,2338-2, insulin,Insulin [Units/volume] in Serum or Plasma,20448-7, ALT/AST,Alanine aminotransferase / Aspartate aminotransferase [Enzymatic activity/volume] in Serum or Plasma,1742-6 / 1920-8,gluconeogenesis,gluconeogenesis,GO:0006094,glycogen catabolic process,glycogen catabolic process,GO:0005980,,,,,,,"High-Yield Physiology, 1st edition. Dudek, 2008.",ISBN: 978-0781745871,33,,,,,,,,,
Digestive system,digestive system process,GO:0022602,Energy Metabolism & Homeostasis,energy homeostasis,GO:0097009,Glucose metabolism,glucose homeostasis,GO:0042593,glycogen breakdown (glycogenolysis),glycogen catabolic process,GO:0005980,Glucose 6-phosphatase-mediated hepatic glucose release,glucose-6-phosphatase activity,GO:0004346,,,,,,,,,,,Glucose 6-phosphatase then converts glucose 6-phosphate to free glucose for release from hepatocytes and maintenance of circulating blood glucose.,Cell,Liver parenchyma; blood,liver; blood,UBERON:0002107; UBERON:0000178,Hepatocytes,hepatocyte,CL:0000182,,does,X release to Y,glucose,blood,glucose 6-phosphatase is present only in the liver and kidney.,,Systemic,Minutes-hours,Fasting/plasma glucose,Fasting glucose [Mass/volume] in Serum or Plasma,1558-6, glucagon,Glucagon [Mass/volume] in Serum or Plasma,2338-2, insulin,Insulin [Units/volume] in Serum or Plasma,20448-7, ALT/AST,Alanine aminotransferase / Aspartate aminotransferase [Enzymatic activity/volume] in Serum or Plasma,1742-6 / 1920-8,gluconeogenesis,gluconeogenesis,GO:0006094,glycogen catabolic process,glycogen catabolic process,GO:0005980,,,,,,,"High-Yield Physiology, 1st edition. Dudek, 2008.",ISBN: 978-0781745871,33,,,,,,,,,
Digestive system,digestive system process,GO:0022602,Energy Metabolism & Homeostasis,energy homeostasis,GO:0097009,Glucose metabolism,glucose homeostasis,GO:0042593,glycogen breakdown (glycogenolysis),glycogen catabolic process,GO:0005980,"Hepatic gluconeogenesis from amino acids, lactate, and glycerol",gluconeogenesis,GO:0006094,,,,,,,,,,,"The liver produces glucose from noncarbohydrate sources, mainly amino acids, lactate, and glycerol, beginning from pyruvate.",Cell,Liver parenchyma; blood,liver; blood,UBERON:0002107; UBERON:0000178,Hepatocytes,hepatocyte,CL:0000182,adrenaline,increases,X conversion to Y,Amino acids,glucose,Two glucose molecules from two pyruvate molecules require energy equivalent to 6 ATP according to the uploaded chapter,systemic,Systemic,Hours-days,Plasma glucose,Glucose [Mass/volume] in Serum or Plasma,2345-7, lactate,Lactate [Moles/volume] in Serum or Plasma,2524-7, glycerol,Glycerol [Mass/volume] in Serum or Plasma,2387-9,,,,amino acid metabolic process,amino acid metabolic process,GO:0006520,lactate metabolic process,lactate metabolic process,GO:0006089,glycerol metabolic process,glycerol metabolic process,GO:0006071,,,,Yamada’s Textbook of Gastroenterology ,ISBN 9781119600206,20,,"High-Yield Physiology, 1st edition. Dudek, 2008.",ISBN: 978-0781745871,33,,,,,
Digestive system,digestive system process,GO:0022602,Energy Metabolism & Homeostasis,energy homeostasis,GO:0097009,Glucose metabolism,glucose homeostasis,GO:0042593,glycogen breakdown (glycogenolysis),glycogen catabolic process,GO:0005980,"Hepatic gluconeogenesis from amino acids, lactate, and glycerol",gluconeogenesis,GO:0006094,,,,,,,,,,,"The liver produces glucose from noncarbohydrate sources, mainly amino acids, lactate, and glycerol, beginning from pyruvate.",Cell,Liver parenchyma; blood,liver; blood,UBERON:0002107; UBERON:0000178,Hepatocytes,hepatocyte,CL:0000182,adrenaline,increases,X conversion to Y,lactate,glucose,Two glucose molecules from two pyruvate molecules require energy equivalent to 6 ATP according to the uploaded chapter,systemic,Systemic,Hours-days,Plasma glucose,Glucose [Mass/volume] in Serum or Plasma,2345-7, lactate,Lactate [Moles/volume] in Serum or Plasma,2524-7, glycerol,Glycerol [Mass/volume] in Serum or Plasma,2387-9,,,,amino acid metabolic process,amino acid metabolic process,GO:0006520,lactate metabolic process,lactate metabolic process,GO:0006089,glycerol metabolic process,glycerol metabolic process,GO:0006071,,,,Yamada’s Textbook of Gastroenterology ,ISBN 9781119600206,20,,"High-Yield Physiology, 1st edition. Dudek, 2008.",ISBN: 978-0781745871,33,,,,,
Digestive system,digestive system process,GO:0022602,Energy Metabolism & Homeostasis,energy homeostasis,GO:0097009,Glucose metabolism,glucose homeostasis,GO:0042593,glycogen breakdown (glycogenolysis),glycogen catabolic process,GO:0005980,"Hepatic gluconeogenesis from amino acids, lactate, and glycerol",gluconeogenesis,GO:0006094,,,,,,,,,,,"The liver produces glucose from noncarbohydrate sources, mainly amino acids, lactate, and glycerol, beginning from pyruvate.",Cell,Liver parenchyma; blood,liver; blood,UBERON:0002107; UBERON:0000178,Hepatocytes,hepatocyte,CL:0000182,adrenaline,increases,X conversion to Y,glycerol,glucose,Two glucose molecules from two pyruvate molecules require energy equivalent to 6 ATP according to the uploaded chapter,systemic,Systemic,Hours-days,Plasma glucose,Glucose [Mass/volume] in Serum or Plasma,2345-7, lactate,Lactate [Moles/volume] in Serum or Plasma,2524-7, glycerol,Glycerol [Mass/volume] in Serum or Plasma,2387-9,,,,amino acid metabolic process,amino acid metabolic process,GO:0006520,lactate metabolic process,lactate metabolic process,GO:0006089,glycerol metabolic process,glycerol metabolic process,GO:0006071,,,,Yamada’s Textbook of Gastroenterology ,ISBN 9781119600206,20,,"High-Yield Physiology, 1st edition. Dudek, 2008.",ISBN: 978-0781745871,33,,,,,
Digestive system,digestive system process,GO:0022602,Energy Metabolism & Homeostasis,energy homeostasis,GO:0097009,Glucose metabolism,glucose homeostasis,GO:0042593,glycogen breakdown (glycogenolysis),glycogen catabolic process,GO:0005980,Cori cycle lactate recycling,,,,,,,,,,,,,"Lactate generated by muscle, erythrocytes, and adipose tissue is transported to the liver, converted to glucose, and released into blood.",Organ,Liver; blood,liver; blood,UBERON:0002107; UBERON:0000178,Liver; blood,liver; blood,UBERON:0002107; UBERON:0000178,,does,X conversion to Y,Peripheral lactate,glucose,,,Systemic,Hours-days,Blood lactate,Lactate [Moles/volume] in Blood,32693-4, plasma glucose,Glucose [Mass/volume] in Serum or Plasma,2345-7,,,,,,,Links lactate produced by glycolysis to hepatic glucose synthesis,canonical glycolysis,GO:0061621,,,,,,,,,,Yamada’s Textbook of Gastroenterology ,ISBN 9781119600206,20,,"High-Yield Physiology, 1st edition. Dudek, 2008.",ISBN: 978-0781745871,33,,,,,
Digestive system,digestive system process,GO:0022602,Energy Metabolism & Homeostasis,energy homeostasis,GO:0097009,Energy metabolism,energy reserve metabolic process,GO:0006112,,,,,,,,,,,,,,,,,ATP generation via carbohydrate oxidation: Krebs cycle → NADH/FADH₂,Cell,liver; Intestine,liver,UBERON:0002107,Hepatocyte; Enterocyte,hepatocyte,CL:0000182,,does,X production,NADH/FADH₂,,,,Cellular,Seconds-minutes,RQ,Respiratory quotient (CO2 production/O2 consumption) - Respiratory system,76269-0, REE,Measured RMR (Resting Metabolic Rate / Resting Energy Expenditure),82278-3, lactate,Lactate [Presence] in Urine,29875-2,,,,Insulin,insulin receptor signaling pathway,GO:0008286,AMPK,AMP-activated protein kinase activity,GO:0004679,mTOR,TOR signaling,GO:0031929,,,,Yamada’s Textbook of Gastroenterology ,ISBN 9781119600206,20,,,,,,,,,
Digestive system,digestive system process,GO:0022602,Energy Metabolism & Homeostasis,energy homeostasis,GO:0097009,Energy metabolism,energy reserve metabolic process,GO:0006112,,,,,,,,,,,,,,,,,ATP generation via carbohydrate oxidation: Oxidative phosphorylation → ATP,Cell,Liver; Small intestine;Pancreas; Enteroendocrine system,liver,UBERON:0002107,Hepatocyte; Enterocyte,hepatocyte,CL:0000182,,does,X production,oxidative-phosphorylation ATP,,,,Cellular,Seconds-minutes,RQ,Respiratory quotient (CO2 production/O2 consumption) - Respiratory system,76269-0, REE,Measured RMR (Resting Metabolic Rate / Resting Energy Expenditure),82278-3, lactate,Lactate [Presence] in Urine,29875-2,,,,Insulin,insulin receptor signaling pathway,GO:0008286,AMPK,AMP-activated protein kinase activity,GO:0004679,mTOR,TOR signaling,GO:0031929,,,,Yamada’s Textbook of Gastroenterology ,ISBN 9781119600206,20,,,,,,,,,
Digestive system,digestive system process,GO:0022602,Energy Metabolism & Homeostasis,energy homeostasis,GO:0097009,Other carbohydrate metabolism,carbohydrate metabolic process,GO:0005975,monosaccharide metabolism (glycogenolysis),monosaccharide metabolic process,GO:0005996,,,,,,,,,,,,,,"Hepatocytes metabolize glucose, fructose, and galactose.",Cell,Liver parenchyma,liver,UBERON:0002107,Hepatocytes,hepatocyte,CL:0000182,,does,X conversion to Y,fructose,dihydroxyacetone phosphate (DHAP) and glyceraldehyde,,,Cellular,Minutes-hours,Plasma glucose,Glucose [Mass/volume] in Serum or Plasma,2345-7, fructose,Fructose [Mass/volume] in Serum,2296-2, galactose,Galactose [Mass/volume] in Serum or Plasma,2308-5,,,,,,,,,,,,,,,,"High-Yield Physiology, 1st edition. Dudek, 2008.",ISBN: 978-0781745871,33,,,,,,,,,
Digestive system,digestive system process,GO:0022602,Energy Metabolism & Homeostasis,energy homeostasis,GO:0097009,Other carbohydrate metabolism,carbohydrate metabolic process,GO:0005975,monosaccharide metabolism (glycogenolysis),monosaccharide metabolic process,GO:0005996,,,,,,,,,,,,,,"Hepatocytes metabolize glucose, fructose, and galactose.",Cell,Liver parenchyma,liver,UBERON:0002107,Hepatocytes,hepatocyte,CL:0000182,fructose,increases,X conversion to Y,dihydroxyacetone phosphate (DHAP),Triglyceride,,intra-organ,Cellular,Minutes-hours,Plasma glucose,Glucose [Mass/volume] in Serum or Plasma,2345-7, fructose,Fructose [Mass/volume] in Serum,2296-2, galactose,Galactose [Mass/volume] in Serum or Plasma,2308-5,,,,,,,,,,,,,,,,"High-Yield Physiology, 1st edition. Dudek, 2008.",ISBN: 978-0781745871,33,,,,,,,,,
Digestive system,digestive system process,GO:0022602,Energy Metabolism & Homeostasis,energy homeostasis,GO:0097009,Other carbohydrate metabolism,carbohydrate metabolic process,GO:0005975,monosaccharide metabolism (glycogenolysis),monosaccharide metabolic process,GO:0005996,,,,,,,,,,,,,,"Hepatocytes metabolize glucose, fructose, and galactose.",Cell,Liver parenchyma,liver,UBERON:0002107,Hepatocytes,hepatocyte,CL:0000182,fructose,increases,X conversion to Y,glyceraldehyde,Glyceraldehyde-3-phosphate (GAP),,intra-organ,Cellular,Minutes-hours,Plasma glucose,Glucose [Mass/volume] in Serum or Plasma,2345-7, fructose,Fructose [Mass/volume] in Serum,2296-2, galactose,Galactose [Mass/volume] in Serum or Plasma,2308-5,,,,,,,,,,,,,,,,"High-Yield Physiology, 1st edition. Dudek, 2008.",ISBN: 978-0781745871,33,,,,,,,,,
Digestive system,digestive system process,GO:0022602,Energy Metabolism & Homeostasis,energy homeostasis,GO:0097009,Other carbohydrate metabolism,carbohydrate metabolic process,GO:0005975,monosaccharide metabolism (glycogenolysis),monosaccharide metabolic process,GO:0005996,,,,,,,,,,,,,,"Hepatocytes metabolize glucose, fructose, and galactose.",Cell,Liver parenchyma,liver,UBERON:0002107,Hepatocytes,hepatocyte,CL:0000182,Glyceraldehyde-3-phosphate (GAP),increases,X release to Y,glucose,blood,,intra-organ,Cellular,Minutes-hours,Plasma glucose,Glucose [Mass/volume] in Serum or Plasma,2345-7, fructose,Fructose [Mass/volume] in Serum,2296-2, galactose,Galactose [Mass/volume] in Serum or Plasma,2308-5,,,,,,,,,,,,,,,,"High-Yield Physiology, 1st edition. Dudek, 2008.",ISBN: 978-0781745871,33,,,,,,,,,
Digestive system,digestive system process,GO:0022602,Energy Metabolism & Homeostasis,energy homeostasis,GO:0097009,Other carbohydrate metabolism,carbohydrate metabolic process,GO:0005975,monosaccharide metabolism (glycogenolysis),monosaccharide metabolic process,GO:0005996,,,,,,,,,,,,,,"Hepatocytes metabolize glucose, fructose, and galactose.",Cell,Liver parenchyma,liver,UBERON:0002107,Hepatocytes,hepatocyte,CL:0000182,Glyceraldehyde-3-phosphate (GAP),increases,X production,glucogen,,,intra-organ,Cellular,Minutes-hours,Plasma glucose,Glucose [Mass/volume] in Serum or Plasma,2345-7, fructose,Fructose [Mass/volume] in Serum,2296-2, galactose,Galactose [Mass/volume] in Serum or Plasma,2308-5,,,,,,,,,,,,,,,,"High-Yield Physiology, 1st edition. Dudek, 2008.",ISBN: 978-0781745871,33,,,,,,,,,
Digestive system,digestive system process,GO:0022602,Energy Metabolism & Homeostasis,energy homeostasis,GO:0097009,Other carbohydrate metabolism,carbohydrate metabolic process,GO:0005975,monosaccharide metabolism (glycogenolysis),monosaccharide metabolic process,GO:0005996,,,,,,,,,,,,,,"Hepatocytes metabolize glucose, fructose, and galactose.",Cell,Liver parenchyma,liver,UBERON:0002107,Hepatocytes,hepatocyte,CL:0000182,Glyceraldehyde-3-phosphate (GAP),increases,X production,ATP,,,intra-organ,Cellular,Minutes-hours,Plasma glucose,Glucose [Mass/volume] in Serum or Plasma,2345-7, fructose,Fructose [Mass/volume] in Serum,2296-2, galactose,Galactose [Mass/volume] in Serum or Plasma,2308-5,,,,,,,,,,,,,,,,"High-Yield Physiology, 1st edition. Dudek, 2008.",ISBN: 978-0781745871,33,,,,,,,,,
Digestive system,digestive system process,GO:0022602,Energy Metabolism & Homeostasis,energy homeostasis,GO:0097009,Other carbohydrate metabolism,carbohydrate metabolic process,GO:0005975,monosaccharide metabolism (glycogenolysis),monosaccharide metabolic process,GO:0005996,,,,,,,,,,,,,,"Hepatocytes metabolize glucose, fructose, and galactose.",Cell,Liver parenchyma,liver,UBERON:0002107,Hepatocytes,hepatocyte,CL:0000182,,does,X conversion to Y,galactose,UDP-glucose and Glucose-6-phosphate,,,Cellular,Minutes-hours,Plasma glucose,Glucose [Mass/volume] in Serum or Plasma,2345-7, fructose,Fructose [Mass/volume] in Serum,2296-2, galactose,Galactose [Mass/volume] in Serum or Plasma,2308-5,,,,,,,,,,,,,,,,"High-Yield Physiology, 1st edition. Dudek, 2008.",ISBN: 978-0781745871,33,,,,,,,,,
Digestive system,digestive system process,GO:0022602,Energy Metabolism & Homeostasis,energy homeostasis,GO:0097009,Other carbohydrate metabolism,carbohydrate metabolic process,GO:0005975,monosaccharide metabolism (glycogenolysis),monosaccharide metabolic process,GO:0005996,,,,,,,,,,,,,,"Hepatocytes metabolize glucose, fructose, and galactose.",Cell,Liver parenchyma,liver,UBERON:0002107,Hepatocytes,hepatocyte,CL:0000182,Glucose-6-phosphate,increases,X release to Y,glucose,blood,,intra-organ,Cellular,Minutes-hours,Plasma glucose,Glucose [Mass/volume] in Serum or Plasma,2345-7, fructose,Fructose [Mass/volume] in Serum,2296-2, galactose,Galactose [Mass/volume] in Serum or Plasma,2308-5,,,,,,,,,,,,,,,,"High-Yield Physiology, 1st edition. Dudek, 2008.",ISBN: 978-0781745871,33,,,,,,,,,
Digestive system,digestive system process,GO:0022602,Energy Metabolism & Homeostasis,energy homeostasis,GO:0097009,Other carbohydrate metabolism,carbohydrate metabolic process,GO:0005975,monosaccharide metabolism (glycogenolysis),monosaccharide metabolic process,GO:0005996,,,,,,,,,,,,,,"Hepatocytes metabolize glucose, fructose, and galactose.",Cell,Liver parenchyma,liver,UBERON:0002107,Hepatocytes,hepatocyte,CL:0000182,Glucose-6-phosphate,increases,X production,glycogen,,,intra-organ,Cellular,Minutes-hours,Plasma glucose,Glucose [Mass/volume] in Serum or Plasma,2345-7, fructose,Fructose [Mass/volume] in Serum,2296-2, galactose,Galactose [Mass/volume] in Serum or Plasma,2308-5,,,,,,,,,,,,,,,,"High-Yield Physiology, 1st edition. Dudek, 2008.",ISBN: 978-0781745871,33,,,,,,,,,
Digestive system,digestive system process,GO:0022602,Energy Metabolism & Homeostasis,energy homeostasis,GO:0097009,Other carbohydrate metabolism,carbohydrate metabolic process,GO:0005975,monosaccharide metabolism (glycogenolysis),monosaccharide metabolic process,GO:0005996,,,,,,,,,,,,,,"Hepatocytes metabolize glucose, fructose, and galactose.",Cell,Liver parenchyma,liver,UBERON:0002107,Hepatocytes,hepatocyte,CL:0000182,Glucose-6-phosphate,increases,X production,ATP,,,intra-organ,Cellular,Minutes-hours,Plasma glucose,Glucose [Mass/volume] in Serum or Plasma,2345-7, fructose,Fructose [Mass/volume] in Serum,2296-2, galactose,Galactose [Mass/volume] in Serum or Plasma,2308-5,,,,,,,,,,,,,,,,"High-Yield Physiology, 1st edition. Dudek, 2008.",ISBN: 978-0781745871,33,,,,,,,,,
Digestive system,digestive system process,GO:0022602,Energy Metabolism & Homeostasis,energy homeostasis,GO:0097009,Lipid metabolism,lipid metabolic process,GO:0006629,lipid catabolic process,lipid catabolic process,GO:0016042,,,,,,,,,,,,,,"Fat digestion, absorption, oxidation: Lipolysis → FFA + glycerol",Cell,Liver,liver,UBERON:0002107,Hepatocyte,hepatocyte,CL:0000182,,does,X conversion to Y,Triacylglycerols,free fatty acid and glycerol,,,Organ (circulatory),Hours,Serum triglycerides,Triglycerides from lipid profile,105518-5,,,,,,,,,,PPAR-α,peroxisome proliferator activated receptor signaling pathway,GO:0035357, insulin,insulin receptor signaling pathway,GO:0008286, catecholamines,response to catecholamine,GO:0071869,,,,Yamada’s Textbook of Gastroenterology ,ISBN 9781119600206,20,,,,,,,,,
Digestive system,digestive system process,GO:0022602,Energy Metabolism & Homeostasis,energy homeostasis,GO:0097009,Lipid metabolism,lipid metabolic process,GO:0006629,lipid catabolic process,lipid catabolic process,GO:0016042,,,,,,,,,,,,,,"Fat digestion, absorption, oxidation: β-oxidation → acetyl-CoA",Cell,Liver,liver,UBERON:0002107,Hepatocyte,hepatocyte,CL:0000182,,does,X conversion to Y,fatty-acid ,acetyl-CoA,,,Organ (circulatory),Hours,Serum triglycerides,Triglycerides from lipid profile,105518-5,,,,,,,,,,PPAR-α,peroxisome proliferator activated receptor signaling pathway,GO:0035357, insulin,insulin receptor signaling pathway,GO:0008286, catecholamines,response to catecholamine,GO:0071869,,,,Yamada’s Textbook of Gastroenterology ,ISBN 9781119600206,20,,,,,,,,,
Digestive system,digestive system process,GO:0022602,Energy Metabolism & Homeostasis,energy homeostasis,GO:0097009,Lipid metabolism,lipid metabolic process,GO:0006629,lipid catabolic process,lipid catabolic process,GO:0016042,,,,,,,,,,,,,,"Fat digestion, absorption, oxidation: Lipoprotein assembly",Cell,Liver,liver,UBERON:0002107,Hepatocyte,hepatocyte,CL:0000182,,does,X conversion to Y,Triglycerides and cholesterol,Apolipoprotein (ApoB-100)  and forms VLDL particle,,,Organ (circulatory),Hours,Serum triglycerides,Triglycerides from lipid profile,105518-5,,,,,,,,,,PPAR-α,peroxisome proliferator activated receptor signaling pathway,GO:0035357, insulin,insulin receptor signaling pathway,GO:0008286, catecholamines,response to catecholamine,GO:0071869,,,,Yamada’s Textbook of Gastroenterology ,ISBN 9781119600206,20,,,,,,,,,
Digestive system,digestive system process,GO:0022602,Energy Metabolism & Homeostasis,energy homeostasis,GO:0097009,Lipid metabolism,lipid metabolic process,GO:0006629,lipid catabolic process,lipid catabolic process,GO:0016042,,,,,,,,,,,,,,"Fat digestion, absorption, oxidation: Lipoprotein transport",Cell,Liver,liver,UBERON:0002107,Hepatocyte,hepatocyte,CL:0000182,,does,X transport to Y,lipoprotein,blood,,,Circulatory,Hours,Serum triglycerides,Triglycerides from lipid profile,105518-5,,,,,,,,,,PPAR-α,peroxisome proliferator activated receptor signaling pathway,GO:0035357, insulin,insulin receptor signaling pathway,GO:0008286, catecholamines,response to catecholamine,GO:0071869,,,,Yamada’s Textbook of Gastroenterology ,ISBN 9781119600206,20,,,,,,,,,
Digestive system,digestive system process,GO:0022602,Energy Metabolism & Homeostasis,energy homeostasis,GO:0097009,Lipid metabolism,lipid metabolic process,GO:0006629,triglyceride storage,triglyceride storage,GO:0030730,,,,,,,,,,,,,,Triacylglycerols are stored in hepatocyte lipid droplets as a hepatic energy pool.,Cell,Liver parenchyma,liver,UBERON:0002107,Hepatocytes,hepatocyte,CL:0000182,,does,X storage in Y,Triacylglycerols,hepatocyte lipid droplets,"Liver triglyceride energy store ~2,100 kJ (500 kcal); normal liver may contain <5% macrovesicular fat",,Organ (intra-organ),Hours-days,Hepatic fat content-liver ultrasound,US Liver,28614-6, serum triglycerides,Triglyceride [Mass/volume] in Serum or Plasma,2571-8, free fatty acids,	Fatty acids.nonesterified [Mass/volume] in Serum or Plasma,1769-9, glucose,Glucose [Mass/volume] in Serum or Plasma,2345-7,Downstream of fatty-acid synthesis and esterification.,fatty acid transport,GO:0015908,,,,,,,,,,Yamada’s Textbook of Gastroenterology ,ISBN 9781119600206,20,,Zakim and Boyers hepatology,ISBN: 978-0323375917,1,,,,,
Digestive system,digestive system process,GO:0022602,Energy Metabolism & Homeostasis,energy homeostasis,GO:0097009,Lipid metabolism,lipid metabolic process,GO:0006629,ketone-body production,ketone biosynthetic process,GO:0042181,,,,,,,,,,,,,,"When circulating fatty acids are high, acetyl-CoA derived mainly from glucose and fatty acids is converted through HMG-CoA to acetoacetate and beta-hydroxybutyrate mainly in the liver.",Cell,Liver parenchyma,liver,UBERON:0002107,Hepatocytes,hepatocyte,CL:0000182,,does,X conversion to Y,fatty acids,acetyl-CoA,,,Cellular,Hours-days,Blood beta-hydroxybutyrate,Beta hydroxybutyrate [Mass/volume] in Serum or Plasma,29512-1, acetoacetate,Acetoacetate [Mass/volume] in Serum or Plasma,1705-3, acetone,Acetone [Mass/volume] in Serum or Plasma,5568-1,,,,Downstream of fatty-acid beta-oxidation.,fatty acid beta-oxidation,GO:0006635,,,,,,,,,,Yamada’s Textbook of Gastroenterology ,ISBN 9781119600206,20,,"High-Yield Physiology, 1st edition. Dudek, 2008.",ISBN: 978-0781745871,33,,,,,
Digestive system,digestive system process,GO:0022602,Energy Metabolism & Homeostasis,energy homeostasis,GO:0097009,Lipid metabolism,lipid metabolic process,GO:0006629,cholesterol synthesis,cholesterol biosynthetic process ,GO:0006695,,,,,,,,,,,,,,Acetyl-CoA derived mainly from glucose forms acetoacetyl-CoA and HMG-CoA; HMG-CoA reductase converts HMG-CoA to mevalonate during cholesterol synthesis mainly in the liver and intestine.,Cell,Liver parenchyma,liver,UBERON:0002107,Hepatocytes,hepatocyte,CL:0000182,,does,X conversion to Y,glucose,acetyl-CoA,,,Cellular,Hours-days,Total cholesterol,Cholesterol [Mass/volume] in Serum or Plasma,2093-3, LDL cholesterol,Cholesterol in LDL [Mass/volume] in Serum or Plasma,2089-1,,,,,,,bile-salt synthesis,bile acid and bile salt transport,GO:0015721,membrane synthesis,membrane,GO:0016020,cholesteryl-ester storage,,,,,,"High-Yield Physiology, 1st edition. Dudek, 2008.",ISBN: 978-0781745871,33,,,,,,,,,
Digestive system,digestive system process,GO:0022602,Energy Metabolism & Homeostasis,energy homeostasis,GO:0097009,Lipid metabolism,lipid metabolic process,GO:0006629,cholesterol synthesis,cholesterol biosynthetic process ,GO:0006695,,,,,,,,,,,,,,Acetyl-CoA derived mainly from glucose forms acetoacetyl-CoA and HMG-CoA; HMG-CoA reductase converts HMG-CoA to mevalonate during cholesterol synthesis mainly in the liver and intestine.,Cell,Liver parenchyma,liver,UBERON:0002107,Hepatocytes,hepatocyte,CL:0000182,,does,X conversion to Y,acetyl-CoA,acetoacetyl-CoA,,,Cellular,Hours-days,Total cholesterol,Cholesterol [Mass/volume] in Serum or Plasma,2093-3, LDL cholesterol,Cholesterol in LDL [Mass/volume] in Serum or Plasma,2089-1,,,,,,,bile-salt synthesis,bile acid and bile salt transport,GO:0015721,membrane synthesis,membrane,GO:0016020,cholesteryl-ester storage,,,,,,"High-Yield Physiology, 1st edition. Dudek, 2008.",ISBN: 978-0781745871,33,,,,,,,,,
Digestive system,digestive system process,GO:0022602,Energy Metabolism & Homeostasis,energy homeostasis,GO:0097009,Lipid metabolism,lipid metabolic process,GO:0006629,cholesterol synthesis,cholesterol biosynthetic process ,GO:0006695,,,,,,,,,,,,,,Acetyl-CoA derived mainly from glucose forms acetoacetyl-CoA and HMG-CoA; HMG-CoA reductase converts HMG-CoA to mevalonate during cholesterol synthesis mainly in the liver and intestine.,Cell,Liver parenchyma,liver,UBERON:0002107,Hepatocytes,hepatocyte,CL:0000182,,does,X conversion to Y,acetyl-CoA,HMG-CoA,,,Cellular,Hours-days,Total cholesterol,Cholesterol [Mass/volume] in Serum or Plasma,2093-3, LDL cholesterol,Cholesterol in LDL [Mass/volume] in Serum or Plasma,2089-1,,,,,,,bile-salt synthesis,bile acid and bile salt transport,GO:0015721,membrane synthesis,membrane,GO:0016020,cholesteryl-ester storage,,,,,,"High-Yield Physiology, 1st edition. Dudek, 2008.",ISBN: 978-0781745871,33,,,,,,,,,
Digestive system,digestive system process,GO:0022602,Energy Metabolism & Homeostasis,energy homeostasis,GO:0097009,Lipid metabolism,lipid metabolic process,GO:0006629,cholesterol synthesis,cholesterol biosynthetic process ,GO:0006695,,,,,,,,,,,,,,Acetyl-CoA derived mainly from glucose forms acetoacetyl-CoA and HMG-CoA; HMG-CoA reductase converts HMG-CoA to mevalonate during cholesterol synthesis mainly in the liver and intestine.,Cell,Liver parenchyma,liver,UBERON:0002107,Hepatocytes,hepatocyte,CL:0000182,,does,X conversion to Y,HMG-CoA,mevalonate,,,Cellular,Hours-days,Total cholesterol,Cholesterol [Mass/volume] in Serum or Plasma,2093-3, LDL cholesterol,Cholesterol in LDL [Mass/volume] in Serum or Plasma,2089-1,,,,,,,bile-salt synthesis,bile acid and bile salt transport,GO:0015721,membrane synthesis,membrane,GO:0016020,cholesteryl-ester storage,,,,,,"High-Yield Physiology, 1st edition. Dudek, 2008.",ISBN: 978-0781745871,33,,,,,,,,,
Digestive system,digestive system process,GO:0022602,Energy Metabolism & Homeostasis,energy homeostasis,GO:0097009,Lipid metabolism,lipid metabolic process,GO:0006629,cholesterol synthesis,cholesterol biosynthetic process ,GO:0006695,,,,,,,,,,,,,,Acetyl-CoA derived mainly from glucose forms acetoacetyl-CoA and HMG-CoA; HMG-CoA reductase converts HMG-CoA to mevalonate during cholesterol synthesis mainly in the liver and intestine.,Cell,Liver parenchyma,liver,UBERON:0002107,Hepatocytes,hepatocyte,CL:0000182,,does,X conversion to Y,mevalonate,cholestrol,,,Cellular,Hours-days,Total cholesterol,Cholesterol [Mass/volume] in Serum or Plasma,2093-3, LDL cholesterol,Cholesterol in LDL [Mass/volume] in Serum or Plasma,2089-1,,,,,,,bile-salt synthesis,bile acid and bile salt transport,GO:0015721,membrane synthesis,membrane,GO:0016020,cholesteryl-ester storage,,,,,,"High-Yield Physiology, 1st edition. Dudek, 2008.",ISBN: 978-0781745871,33,,,,,,,,,
Digestive system,digestive system process,GO:0022602,Energy Metabolism & Homeostasis,energy homeostasis,GO:0097009,Lipid metabolism,lipid metabolic process,GO:0006629,Intracellular cholesterol feedback and esterification,intracellular cholesterol transport,GO:0032367,,,,,,,,,,,,,,Cholesterol released from lysosomal LDL digestion suppresses de novo cholesterol synthesis through inhibition of HMG-CoA reductase and activates ACAT-mediated conversion of cholesterol to cholesteryl esters for storage.,Cell,Liver parenchyma,liver,UBERON:0002107,Hepatocytes,hepatocyte,CL:0000182,,does,X conversion to Y,cholesterol,cholesteryl esters,,,Cellular,Hours-days,Total cholesterol,Cholesterol [Mass/volume] in Serum or Plasma,2093-3, LDL cholesterol,Cholesterol in LDL [Mass/volume] in Serum or Plasma,2089-1, cholesteryl esters,Cholesterol esters [Mass/volume] in Serum or Plasma,2084-2, triene:tetraene ratio,Trienoate (C20:3w9)/Arachidonate (C20:4w6) [Molar ratio] in Serum or Plasma,35411-8,Inhibits de novo cholesterol synthesis and promotes cholesteryl-ester storage.,cholesterol storage,GO:0010878,,,,,,,,,,"High-Yield Physiology, 1st edition. Dudek, 2008.",ISBN: 978-0781745871,33,,,,,,,,,
Digestive system,digestive system process,GO:0022602,Energy Metabolism & Homeostasis,energy homeostasis,GO:0097009,Lipid metabolism,lipid metabolic process,GO:0006629,Long-chain polyunsaturated fatty-acid synthesis,long-chain fatty acid transport,GO:0015909,,,,,,,,,,,,,,The liver uses essential parent fatty acids to synthesize longer-chain polyunsaturated fatty acids.,Cell,Liver parenchyma,liver,UBERON:0002107,Hepatocytes,hepatocyte,CL:0000182,,does,X conversion to Y,Linoleic acid and alpha-linolenic acid,arachidonic acid and eicosapentaenoic acid,Essential-fatty-acid deficiency marker: triene:tetraene ratio >0.2; some sources use >0.4,,Cellular,Hours-days,EPA,Eicosapentaenoate (C20:5w3) [Moles/volume] in Serum or Plasma,35173-4, DHA,Docosahexaenoate (C22:6w3) [Moles/volume] in Serum or Plasma,35174-2, arachidonic acid,Arachidonate (C20:4w6) [Mass/volume] in Serum or Plasma,1889-5,,,,,,,,,,,,,,,,Yamada’s Textbook of Gastroenterology ,ISBN 9781119600206,20,,"High-Yield Physiology, 1st edition. Dudek, 2008.",ISBN: 978-0781745871,33,,,,,
Digestive system,digestive system process,GO:0022602,Energy Metabolism & Homeostasis,energy homeostasis,GO:0097009,Protein and amino-acid metabolism,protein metabolic process,GO:0019538,protein synthesis,protein biosynthetic process,GO:0160307,,,,,,,,,,,,,,Hepatocytes synthesize proteins.,Cell,Liver parenchyma,liver,UBERON:0002107,Hepatocytes,hepatocyte,CL:0000182,,does,X production,protein,,,,Cellular,Hours-days,Serum albumin,Albumin [Mass/volume] in Serum or Plasma,1751-7, total protein,Protein [Mass/volume] in Serum or Plasma,2885-2, prothrombin time,Prothrombin time (PT),5902-2,,,,Uses the amino-acid pool for protein synthesis,amino acid activation for nonribosomal peptide biosynthetic process,GO:0043041,,,,,,,,,,Yamada’s Textbook of Gastroenterology ,ISBN 9781119600206,20,,"High-Yield Physiology, 1st edition. Dudek, 2008.",ISBN: 978-0781745871,33,,,,,
Digestive system,digestive system process,GO:0022602,Energy Metabolism & Homeostasis,energy homeostasis,GO:0097009,Protein and amino-acid metabolism,protein metabolic process,GO:0019538,Synthesis of eleven nonessential amino acids,amino acid biosynthetic process,GO:0008652,,,,,,,,,,,,,,"Hepatocytes synthesize glycine, alanine, asparagine, serine, glutamine, proline, aspartic acid, glutamic acid, cysteine, tyrosine, and arginine.",Cell,Liver parenchyma,liver,UBERON:0002107,Hepatocytes,hepatocyte,CL:0000182,,does,X production,glycine,,The chapter lists 11 hepatocyte-synthesized amino acids,,Cellular,Hours-days,Plasma amino-acid profile,Amino acids panel [Moles/volume] in Serum or Plasma,35083-5,plamsa free fatty acids,Fatty acids.nonesterified [Mass/volume] in Serum or Plasma,1769-9,,,,,,,nitrogen and carbon metabolism,carbon-nitrogen lyase activity,GO:0016840,,,,,,,,,,"High-Yield Physiology, 1st edition. Dudek, 2008.",ISBN: 978-0781745871,33,,,,,,,,,
Digestive system,digestive system process,GO:0022602,Energy Metabolism & Homeostasis,energy homeostasis,GO:0097009,Protein and amino-acid metabolism,protein metabolic process,GO:0019538,Synthesis of eleven nonessential amino acids,amino acid biosynthetic process,GO:0008652,,,,,,,,,,,,,,"Hepatocytes synthesize glycine, alanine, asparagine, serine, glutamine, proline, aspartic acid, glutamic acid, cysteine, tyrosine, and arginine.",Cell,Liver parenchyma,liver,UBERON:0002107,Hepatocytes,hepatocyte,CL:0000182,,does,X production,alanine,,The chapter lists 11 hepatocyte-synthesized amino acids,,Cellular,Hours-days,Plasma amino-acid profile,Amino acids panel [Moles/volume] in Serum or Plasma,35083-5,plamsa free fatty acids,Fatty acids.nonesterified [Mass/volume] in Serum or Plasma,1769-9,,,,,,,nitrogen and carbon metabolism,carbon-nitrogen lyase activity,GO:0016840,,,,,,,,,,"High-Yield Physiology, 1st edition. Dudek, 2008.",ISBN: 978-0781745871,33,,,,,,,,,
Digestive system,digestive system process,GO:0022602,Energy Metabolism & Homeostasis,energy homeostasis,GO:0097009,Protein and amino-acid metabolism,protein metabolic process,GO:0019538,Synthesis of eleven nonessential amino acids,amino acid biosynthetic process,GO:0008652,,,,,,,,,,,,,,"Hepatocytes synthesize glycine, alanine, asparagine, serine, glutamine, proline, aspartic acid, glutamic acid, cysteine, tyrosine, and arginine.",Cell,Liver parenchyma,liver,UBERON:0002107,Hepatocytes,hepatocyte,CL:0000182,,does,X production,asparagine,,The chapter lists 11 hepatocyte-synthesized amino acids,,Cellular,Hours-days,Plasma amino-acid profile,Amino acids panel [Moles/volume] in Serum or Plasma,35083-5,plamsa free fatty acids,Fatty acids.nonesterified [Mass/volume] in Serum or Plasma,1769-9,,,,,,,nitrogen and carbon metabolism,carbon-nitrogen lyase activity,GO:0016840,,,,,,,,,,"High-Yield Physiology, 1st edition. Dudek, 2008.",ISBN: 978-0781745871,33,,,,,,,,,
Digestive system,digestive system process,GO:0022602,Energy Metabolism & Homeostasis,energy homeostasis,GO:0097009,Protein and amino-acid metabolism,protein metabolic process,GO:0019538,Synthesis of eleven nonessential amino acids,amino acid biosynthetic process,GO:0008652,,,,,,,,,,,,,,"Hepatocytes synthesize glycine, alanine, asparagine, serine, glutamine, proline, aspartic acid, glutamic acid, cysteine, tyrosine, and arginine.",Cell,Liver parenchyma,liver,UBERON:0002107,Hepatocytes,hepatocyte,CL:0000182,,does,X production, serine,,The chapter lists 11 hepatocyte-synthesized amino acids,,Cellular,Hours-days,Plasma amino-acid profile,Amino acids panel [Moles/volume] in Serum or Plasma,35083-5,plamsa free fatty acids,Fatty acids.nonesterified [Mass/volume] in Serum or Plasma,1769-9,,,,,,,nitrogen and carbon metabolism,carbon-nitrogen lyase activity,GO:0016840,,,,,,,,,,"High-Yield Physiology, 1st edition. Dudek, 2008.",ISBN: 978-0781745871,33,,,,,,,,,
Digestive system,digestive system process,GO:0022602,Energy Metabolism & Homeostasis,energy homeostasis,GO:0097009,Protein and amino-acid metabolism,protein metabolic process,GO:0019538,Synthesis of eleven nonessential amino acids,amino acid biosynthetic process,GO:0008652,,,,,,,,,,,,,,"Hepatocytes synthesize glycine, alanine, asparagine, serine, glutamine, proline, aspartic acid, glutamic acid, cysteine, tyrosine, and arginine.",Cell,Liver parenchyma,liver,UBERON:0002107,Hepatocytes,hepatocyte,CL:0000182,,does,X production, glutamine,,The chapter lists 11 hepatocyte-synthesized amino acids,,Cellular,Hours-days,Plasma amino-acid profile,Amino acids panel [Moles/volume] in Serum or Plasma,35083-5,plamsa free fatty acids,Fatty acids.nonesterified [Mass/volume] in Serum or Plasma,1769-9,,,,,,,nitrogen and carbon metabolism,carbon-nitrogen lyase activity,GO:0016840,,,,,,,,,,"High-Yield Physiology, 1st edition. Dudek, 2008.",ISBN: 978-0781745871,33,,,,,,,,,
Digestive system,digestive system process,GO:0022602,Energy Metabolism & Homeostasis,energy homeostasis,GO:0097009,Protein and amino-acid metabolism,protein metabolic process,GO:0019538,Synthesis of eleven nonessential amino acids,amino acid biosynthetic process,GO:0008652,,,,,,,,,,,,,,"Hepatocytes synthesize glycine, alanine, asparagine, serine, glutamine, proline, aspartic acid, glutamic acid, cysteine, tyrosine, and arginine.",Cell,Liver parenchyma,liver,UBERON:0002107,Hepatocytes,hepatocyte,CL:0000182,,does,X production, proline,,The chapter lists 11 hepatocyte-synthesized amino acids,,Cellular,Hours-days,Plasma amino-acid profile,Amino acids panel [Moles/volume] in Serum or Plasma,35083-5,plamsa free fatty acids,Fatty acids.nonesterified [Mass/volume] in Serum or Plasma,1769-9,,,,,,,nitrogen and carbon metabolism,carbon-nitrogen lyase activity,GO:0016840,,,,,,,,,,"High-Yield Physiology, 1st edition. Dudek, 2008.",ISBN: 978-0781745871,33,,,,,,,,,
Digestive system,digestive system process,GO:0022602,Energy Metabolism & Homeostasis,energy homeostasis,GO:0097009,Protein and amino-acid metabolism,protein metabolic process,GO:0019538,Synthesis of eleven nonessential amino acids,amino acid biosynthetic process,GO:0008652,,,,,,,,,,,,,,"Hepatocytes synthesize glycine, alanine, asparagine, serine, glutamine, proline, aspartic acid, glutamic acid, cysteine, tyrosine, and arginine.",Cell,Liver parenchyma,liver,UBERON:0002107,Hepatocytes,hepatocyte,CL:0000182,,does,X production, aspartic acid,,The chapter lists 11 hepatocyte-synthesized amino acids,,Cellular,Hours-days,Plasma amino-acid profile,Amino acids panel [Moles/volume] in Serum or Plasma,35083-5,plamsa free fatty acids,Fatty acids.nonesterified [Mass/volume] in Serum or Plasma,1769-9,,,,,,,nitrogen and carbon metabolism,carbon-nitrogen lyase activity,GO:0016840,,,,,,,,,,"High-Yield Physiology, 1st edition. Dudek, 2008.",ISBN: 978-0781745871,33,,,,,,,,,
Digestive system,digestive system process,GO:0022602,Energy Metabolism & Homeostasis,energy homeostasis,GO:0097009,Protein and amino-acid metabolism,protein metabolic process,GO:0019538,Synthesis of eleven nonessential amino acids,amino acid biosynthetic process,GO:0008652,,,,,,,,,,,,,,"Hepatocytes synthesize glycine, alanine, asparagine, serine, glutamine, proline, aspartic acid, glutamic acid, cysteine, tyrosine, and arginine.",Cell,Liver parenchyma,liver,UBERON:0002107,Hepatocytes,hepatocyte,CL:0000182,,does,X production, glutamic acid,,The chapter lists 11 hepatocyte-synthesized amino acids,,Cellular,Hours-days,Plasma amino-acid profile,Amino acids panel [Moles/volume] in Serum or Plasma,35083-5,plamsa free fatty acids,Fatty acids.nonesterified [Mass/volume] in Serum or Plasma,1769-9,,,,,,,nitrogen and carbon metabolism,carbon-nitrogen lyase activity,GO:0016840,,,,,,,,,,"High-Yield Physiology, 1st edition. Dudek, 2008.",ISBN: 978-0781745871,33,,,,,,,,,
Digestive system,digestive system process,GO:0022602,Energy Metabolism & Homeostasis,energy homeostasis,GO:0097009,Protein and amino-acid metabolism,protein metabolic process,GO:0019538,Synthesis of eleven nonessential amino acids,amino acid biosynthetic process,GO:0008652,,,,,,,,,,,,,,"Hepatocytes synthesize glycine, alanine, asparagine, serine, glutamine, proline, aspartic acid, glutamic acid, cysteine, tyrosine, and arginine.",Cell,Liver parenchyma,liver,UBERON:0002107,Hepatocytes,hepatocyte,CL:0000182,,does,X production, cysteine,,The chapter lists 11 hepatocyte-synthesized amino acids,,Cellular,Hours-days,Plasma amino-acid profile,Amino acids panel [Moles/volume] in Serum or Plasma,35083-5,plamsa free fatty acids,Fatty acids.nonesterified [Mass/volume] in Serum or Plasma,1769-9,,,,,,,nitrogen and carbon metabolism,carbon-nitrogen lyase activity,GO:0016840,,,,,,,,,,"High-Yield Physiology, 1st edition. Dudek, 2008.",ISBN: 978-0781745871,33,,,,,,,,,
Digestive system,digestive system process,GO:0022602,Energy Metabolism & Homeostasis,energy homeostasis,GO:0097009,Protein and amino-acid metabolism,protein metabolic process,GO:0019538,Synthesis of eleven nonessential amino acids,amino acid biosynthetic process,GO:0008652,,,,,,,,,,,,,,"Hepatocytes synthesize glycine, alanine, asparagine, serine, glutamine, proline, aspartic acid, glutamic acid, cysteine, tyrosine, and arginine.",Cell,Liver parenchyma,liver,UBERON:0002107,Hepatocytes,hepatocyte,CL:0000182,,does,X production, tyrosine,,The chapter lists 11 hepatocyte-synthesized amino acids,,Cellular,Hours-days,Plasma amino-acid profile,Amino acids panel [Moles/volume] in Serum or Plasma,35083-5,plamsa free fatty acids,Fatty acids.nonesterified [Mass/volume] in Serum or Plasma,1769-9,,,,,,,nitrogen and carbon metabolism,carbon-nitrogen lyase activity,GO:0016840,,,,,,,,,,"High-Yield Physiology, 1st edition. Dudek, 2008.",ISBN: 978-0781745871,33,,,,,,,,,
Digestive system,digestive system process,GO:0022602,Energy Metabolism & Homeostasis,energy homeostasis,GO:0097009,Protein and amino-acid metabolism,protein metabolic process,GO:0019538,Synthesis of eleven nonessential amino acids,amino acid biosynthetic process,GO:0008652,,,,,,,,,,,,,,"Hepatocytes synthesize glycine, alanine, asparagine, serine, glutamine, proline, aspartic acid, glutamic acid, cysteine, tyrosine, and arginine.",Cell,Liver parenchyma,liver,UBERON:0002107,Hepatocytes,hepatocyte,CL:0000182,,does,X production,arginine,,The chapter lists 11 hepatocyte-synthesized amino acids,,Cellular,Hours-days,Plasma amino-acid profile,Amino acids panel [Moles/volume] in Serum or Plasma,35083-5,plamsa free fatty acids,Fatty acids.nonesterified [Mass/volume] in Serum or Plasma,1769-9,,,,,,,nitrogen and carbon metabolism,carbon-nitrogen lyase activity,GO:0016840,,,,,,,,,,"High-Yield Physiology, 1st edition. Dudek, 2008.",ISBN: 978-0781745871,33,,,,,,,,,
Digestive system,digestive system process,GO:0022602,Energy Metabolism & Homeostasis,energy homeostasis,GO:0097009,Protein and amino-acid metabolism,protein metabolic process,GO:0019538,protein catabolic process,protein catabolic process,GO:0030163,,,,,,,,,,,,,,Amino acid turnover and synthesis: Proteolysis → amino acid pool,Cell,Liver,liver,UBERON:0002107,Hepatocyte,hepatocyte,CL:0000182,,does,X conversion to Y,protein,amino acid,,,Cellular,Hours-days, urea,Urea [Mass/mass] in Feed,20979-1,,,,,,,,,,Insulin,insulin receptor signaling pathway,GO:0008286, cortisol,nuclear receptor-mediated glucocorticoid signaling pathway,GO:0042921, IL-6,interleukin-6-mediated signaling pathway,GO:0070102,,,,Yamada’s Textbook of Gastroenterology ,ISBN 9781119600206,20,,,,,,,,,
Digestive system,digestive system process,GO:0022602,Energy Metabolism & Homeostasis,energy homeostasis,GO:0097009,Protein and amino-acid metabolism,protein metabolic process,GO:0019538,protein catabolic process,protein catabolic process,GO:0030163,,,,,,,,,,,,,,Amino acid turnover and synthesis: Transamination/deamination,Cell,Liver,liver,UBERON:0002107,Hepatocyte,hepatocyte,CL:0000182,,does,X conversion to Y,amino acid,"α-keto acid, α-ketoglutarate and glutamate",,,Cellular,Hours-days, urea,Urea [Mass/mass] in Feed,20979-1,,,,,,,,,,Insulin,insulin receptor signaling pathway,GO:0008286, cortisol,nuclear receptor-mediated glucocorticoid signaling pathway,GO:0042921, IL-6,interleukin-6-mediated signaling pathway,GO:0070102,,,,Yamada’s Textbook of Gastroenterology ,ISBN 9781119600206,20,,,,,,,,,
Digestive system,digestive system process,GO:0022602,Energy Metabolism & Homeostasis,energy homeostasis,GO:0097009,Protein and amino-acid metabolism,protein metabolic process,GO:0019538,protein catabolic process,protein catabolic process,GO:0030163,,,,,,,,,,,,,,Amino acid turnover and synthesis: Transamination/deamination,Cell,Liver,liver,UBERON:0002107,Hepatocyte,hepatocyte,CL:0000182,,does,X conversion to Y,glutamate,Ammonia (NH3),,,Cellular,Hours-days, urea,Urea [Mass/mass] in Feed,20979-1,,,,,,,,,,Insulin,insulin receptor signaling pathway,GO:0008286, cortisol,nuclear receptor-mediated glucocorticoid signaling pathway,GO:0042921, IL-6,interleukin-6-mediated signaling pathway,GO:0070102,,,,Yamada’s Textbook of Gastroenterology ,ISBN 9781119600206,20,,,,,,,,,
Digestive system,digestive system process,GO:0022602,Energy Metabolism & Homeostasis,energy homeostasis,GO:0097009,Protein and amino-acid metabolism,protein metabolic process,GO:0019538,protein catabolic process,protein catabolic process,GO:0030163,,,,,,,,,,,,,,Amino acid turnover and synthesis: Urea cycle detoxification,Cell,Liver,liver,UBERON:0002107,Hepatocyte,hepatocyte,CL:0000182,,does,X conversion to Y,Ammonia (NH3),urea,,,Organ (intra-organ),Hours-days, urea,Urea [Mass/mass] in Feed,20979-1,,,,,,,,,,Insulin,insulin receptor signaling pathway,GO:0008286, cortisol,nuclear receptor-mediated glucocorticoid signaling pathway,GO:0042921, IL-6,interleukin-6-mediated signaling pathway,GO:0070102,,,,Yamada’s Textbook of Gastroenterology ,ISBN 9781119600206,20,,,,,,,,,
Digestive system,digestive system process,GO:0022602,Energy Metabolism & Homeostasis,energy homeostasis,GO:0097009,Protein and amino-acid metabolism,protein metabolic process,GO:0019538,Amino-acid carbon-skeleton entry into glucose and lipid metabolism,proteinogenic amino acid metabolic process,GO:0170039    ,,,,,,,,,,,,,,"After nitrogen removal, amino-acid carbon skeletons enter gluconeogenesis, ketone-body synthesis, fatty-acid synthesis, or energy oxidation.",Cell,Liver parenchyma,liver,UBERON:0002107,Hepatocytes,hepatocyte,CL:0000182,,does,X conversion to Y,Amino-acid carbon skeletons,glucose,"Nitrogen-transfer, transamination/deamination, proteolysis, and urea-cycle steps are excluded because they are already represented in the supplied existing rows.",,Cellular,Minutes-hours,Plasma amino-acid profile,Amino acids panel [Moles/volume] in Serum or Plasma,35083-5, glucose,Glucose [Mass/volume] in Serum or Plasma,2345-7, ketones,Ketones [Presence] in Serum or Plasma,2513-0, ALT/AST,Alanine aminotransferase / Aspartate aminotransferase [Enzymatic activity/volume] in Serum or Plasma,1742-6 / 1920-8,gluconeogenesis,gluconeogenesis,GO:0006094,ketogenesis,ketone body biosynthetic process,GO:0046951,lipogenesis,lipid biosynthetic process,GO:0008610,,,,Yamada’s Textbook of Gastroenterology ,ISBN 9781119600206,20,,"High-Yield Physiology, 1st edition. Dudek, 2008.",ISBN: 978-0781745871,33,,,,,
Digestive system,digestive system process,GO:0022602,Energy Metabolism & Homeostasis,energy homeostasis,GO:0097009,Protein and amino-acid metabolism,protein metabolic process,GO:0019538,Amino-acid carbon-skeleton entry into glucose and lipid metabolism,proteinogenic amino acid metabolic process,GO:0170039    ,,,,,,,,,,,,,,"After nitrogen removal, amino-acid carbon skeletons enter gluconeogenesis, ketone-body synthesis, fatty-acid synthesis, or energy oxidation.",Cell,Liver parenchyma,liver,UBERON:0002107,Hepatocytes,hepatocyte,CL:0000182,,does,X conversion to Y,Amino-acid carbon skeletons,ketone bodies and fatty acids,"Nitrogen-transfer, transamination/deamination, proteolysis, and urea-cycle steps are excluded because they are already represented in the supplied existing rows.",,Cellular,Minutes-hours,Plasma amino-acid profile,Amino acids panel [Moles/volume] in Serum or Plasma,35083-5, glucose,Glucose [Mass/volume] in Serum or Plasma,2345-7, ketones,Ketones [Presence] in Serum or Plasma,2513-0, ALT/AST,Alanine aminotransferase / Aspartate aminotransferase [Enzymatic activity/volume] in Serum or Plasma,1742-6 / 1920-8,gluconeogenesis,gluconeogenesis,GO:0006094,ketogenesis,ketone body biosynthetic process,GO:0046951,lipogenesis,lipid biosynthetic process,GO:0008610,,,,Yamada’s Textbook of Gastroenterology ,ISBN 9781119600206,20,,"High-Yield Physiology, 1st edition. Dudek, 2008.",ISBN: 978-0781745871,33,,,,,
Digestive system,digestive system process,GO:0022602,Energy Metabolism & Homeostasis,energy homeostasis,GO:0097009,Protein and amino-acid metabolism,protein metabolic process,GO:0019538,Amino-acid carbon-skeleton entry into glucose and lipid metabolism,proteinogenic amino acid metabolic process,GO:0170039    ,,,,,,,,,,,,,,"After nitrogen removal, amino-acid carbon skeletons enter gluconeogenesis, ketone-body synthesis, fatty-acid synthesis, or energy oxidation.",Cell,Liver parenchyma,liver,UBERON:0002107,Hepatocytes,hepatocyte,CL:0000182,Amino-acid carbon skeletons,increases,X production,ATP,,"Nitrogen-transfer, transamination/deamination, proteolysis, and urea-cycle steps are excluded because they are already represented in the supplied existing rows.",intra-organ,Cellular,Minutes-hours,Plasma amino-acid profile,Amino acids panel [Moles/volume] in Serum or Plasma,35083-5, glucose,Glucose [Mass/volume] in Serum or Plasma,2345-7, ketones,Ketones [Presence] in Serum or Plasma,2513-0, ALT/AST,Alanine aminotransferase / Aspartate aminotransferase [Enzymatic activity/volume] in Serum or Plasma,1742-6 / 1920-8,gluconeogenesis,gluconeogenesis,GO:0006094,ketogenesis,ketone body biosynthetic process,GO:0046951,lipogenesis,lipid biosynthetic process,GO:0008610,,,,Yamada’s Textbook of Gastroenterology ,ISBN 9781119600206,20,,"High-Yield Physiology, 1st edition. Dudek, 2008.",ISBN: 978-0781745871,33,,,,,
Digestive system,digestive system process,GO:0022602,Energy Metabolism & Homeostasis,energy homeostasis,GO:0097009,Ethanol metabolism,ethanol metabolic process ,GO:0006067,ethanol oxidation,ethanol binding,GO:0035276,,,,,,,,,,,,,,"Most ethanol is converted by hepatocyte alcohol dehydrogenase to acetaldehyde and NADH; acetaldehyde dehydrogenase converts acetaldehyde to acetate. At high intake, the microsomal ethanol-oxidizing system also produces acetaldehyde.",Cell,Liver parenchyma,liver,UBERON:0002107,Hepatocytes,hepatocyte,CL:0000182,,does,X conversion to Y,Ethanol,acetate and NADH,≈80% through alcohol dehydrogenase; at high consumption ≈20% through MEOS; excess acetaldehyde is linked to tissue damage in chronic alcoholism,,Systemic,Minutes-hours,Blood ethanol,Ethanol [Mass/volume] in Blood,5640-8, acetaldehyde,Acetaldehyde [Mass/volume] in Serum or Plasma,1701-2,Potassium [Measurement] in Serum or Plasma,,108797-2	, bicarbonate,Bicarbonate [Moles/volume] in Serum or Plasma,1963-8,glutamate synthase (NADH) activity,glutamate synthase (NADH) activity,GO:0016040,acetate metabolic process,acetate metabolic process,GO:0006083,,,,,,,"High-Yield Physiology, 1st edition. Dudek, 2008.",ISBN: 978-0781745871,33,,,,,,,,,
Digestive system,digestive system process,GO:0022602,Energy Metabolism & Homeostasis,energy homeostasis,GO:0097009,Ethanol metabolism,ethanol metabolic process ,GO:0006067,ethanol oxidation,ethanol binding,GO:0035276,,,,,,,,,,,,,,"Most ethanol is converted by hepatocyte alcohol dehydrogenase to acetaldehyde and NADH; acetaldehyde dehydrogenase converts acetaldehyde to acetate. At high intake, the microsomal ethanol-oxidizing system also produces acetaldehyde.",Cell,Liver parenchyma,liver,UBERON:0002107,Hepatocytes,hepatocyte,CL:0000182,high enthol intake,increases,X conversion to Y,Ethanol,acetaldehyde,≈80% through alcohol dehydrogenase; at high consumption ≈20% through MEOS; excess acetaldehyde is linked to tissue damage in chronic alcoholism,systemic,Systemic,Minutes-hours,Blood ethanol,Ethanol [Mass/volume] in Blood,5640-8, acetaldehyde,Acetaldehyde [Mass/volume] in Serum or Plasma,1701-2,Potassium [Measurement] in Serum or Plasma,,108797-2	, bicarbonate,Bicarbonate [Moles/volume] in Serum or Plasma,1963-8,glutamate synthase (NADH) activity,glutamate synthase (NADH) activity,GO:0016040,acetate metabolic process,acetate metabolic process,GO:0006083,,,,,,,"High-Yield Physiology, 1st edition. Dudek, 2008.",ISBN: 978-0781745871,33,,,,,,,,,
Digestive system,digestive system process,GO:0022602,metabolic liver function,metabolic process,GO:0008152,Electrolyte and bile-fluid metabolism,inorganic ion homeostasis,GO:0098771,Bile-salt-dependent canalicular water and electrolyte flow,canalicular bile acid transport,GO:0015722,,,,,,,,,,,,,,Active transport of bile salts into bile canaliculi creates an osmotic gradient that draws water through leaky tight junctions; electrolytes follow by solvent drag.,Cell,Liver parenchyma; bile canaliculi,liver,UBERON:0002107,Hepatocytes,hepatocyte,CL:0000182,,does,X release to Y,Water and electrolytes,bile canaliculi,"Bile contains H2O, Na+, Cl-, K+, Ca2+, and HCO3-",,Organ (intra-organ),Minutes-hours,Bile flow,US Liver,28614-6, bile electrolytes,,, serum sodium,Sodium [Moles/volume] in Serum or Plasma,2951-2, bicarbonate,Bicarbonate [Moles/volume] in Serum or Plasma,1963-8,Downstream of cholesterol-derived bile-salt synthesis,bile-salt sulfotransferase activity,GO:0047704,,,,,,,,,,"High-Yield Physiology, 1st edition. Dudek, 2008.",ISBN: 978-0781745871,33,,,,,,,,,
Digestive system,digestive system process,GO:0022602,metabolic liver function,metabolic process,GO:0008152,Electrolyte and bile-fluid metabolism,inorganic ion homeostasis,GO:0098771,Secretin-regulated intrahepatic bile-duct electrolyte secretion,secretion,GO:0046903,,,,,,,,,,,,,,"Intrahepatic bile-duct epithelial cells secrete an aqueous solution containing water, Na+, Cl-, K+, and HCO3-. Secretin controls this secretion; a bicarbonate-chloride exchanger contributes to bile bicarbonate, and duct cells also absorb water, sodium, and chloride although secretion predominates.",Cell,Liver; Intrahepatic bile ducts,liver,UBERON:0002107,cholangiocyte,cholangiocyte,CL:1000488,Secretin,increases,X release to Y,Aqueous electrolyte solution,bile duct lumen,Ductal aqueous secretion is described as ≈50% of total bile volume,Endocrine,Organ (intra-organ),Minutes-hours,Bile flow,US Liver,28614-6, bile bicarbonate,,, serum sodium,Sodium [Moles/volume] in Serum or Plasma,2951-2, alkaline phosphatase,Alkaline phosphatase [Enzymatic activity/volume] in Serum or Plasma,6768-6,monoatomic ion homeostasis,monoatomic ion homeostasis,GO:0050801,lipid digestion,lipid digestion,GO:0044241,bicarbonate-chloride exchanger,"sodium,bicarbonate:chloride antiporter activity",GO:0140892,"Secretin increases aqueous Na+, Cl-, K+, and HCO3- secretion",digestive hormone activity,GO:0046659,Yamada’s Textbook of Gastroenterology ,ISBN 9781119600206,20,,"High-Yield Physiology, 1st edition. Dudek, 2008.",ISBN: 978-0781745871,33,,,,,
Digestive system,digestive system process,GO:0022602,metabolic liver function,metabolic process,GO:0008152,bilirubin conjugation,bilirubin conjugation,GO:0006789,"Bilirubin uptake, glucuronide conjugation, and biliary secretion",bilirubin conjugation,GO:0006789,,,,,,,,,,,,,,"Albumin-bound bilirubin is endocytosed by hepatocytes, conjugated to glucuronide by UDP-glucuronyltransferase in smooth endoplasmic reticulum, and released into bile canaliculi as bilirubin-glucuronide through MOAT.",Cell,Blood; liver parenchyma; bile canaliculi,blood; liver,UBERON:0000178; UBERON:0002107,Hepatocytes,hepatocyte,CL:0000182,Albumin,increases,X transprot to Y ,Bilirubin,liver,"Bilirubin is derived mainly from hemoglobin breakdown; ≈15% is derived from other heme-containing proteins; intestinal metabolism produces urobilinogen, urobilin, and stercobilin",intra-organ,Systemic,Minutes-hours,Total bilirubin,Bilirubin.total [Mass/volume] in Serum or Plasma,1975-2, direct bilirubin,Bilirubin.direct [Mass/volume] in Serum or Plasma,1968-7, urinary urobilinogen,Urobilinogen [Mass/volume] in Urine,3107-0,,,,heme degradation ,heme catabolic process,GO:0042167,biliary excretion,excretion,GO:0007588,glucuronide conjugation,glucuronoside transport,GO:0015779,,,,Zakim and Boyers hepatology,ISBN: 978-0323375917,1,,"High-Yield Physiology, 1st edition. Dudek, 2008.",ISBN: 978-0781745871,33,,,,,
Digestive system,digestive system process,GO:0022602,metabolic liver function,metabolic process,GO:0008152,bilirubin conjugation,bilirubin conjugation,GO:0006789,"Bilirubin uptake, glucuronide conjugation, and biliary secretion",bilirubin conjugation,GO:0006789,,,,,,,,,,,,,,"Albumin-bound bilirubin is endocytosed by hepatocytes, conjugated to glucuronide by UDP-glucuronyltransferase in smooth endoplasmic reticulum, and released into bile canaliculi as bilirubin-glucuronide through MOAT.",Cell,Blood; liver parenchyma; bile canaliculi,blood; liver,UBERON:0000178; UBERON:0002107,Hepatocytes,hepatocyte,CL:0000182,UDP-glucuronyltransferase,increases,X binding to Y,Bilirubin,glucuronide,"Bilirubin is derived mainly from hemoglobin breakdown; ≈15% is derived from other heme-containing proteins; intestinal metabolism produces urobilinogen, urobilin, and stercobilin",intra-organ,Systemic,Minutes-hours,Total bilirubin,Bilirubin.total [Mass/volume] in Serum or Plasma,1975-2, direct bilirubin,Bilirubin.direct [Mass/volume] in Serum or Plasma,1968-7, urinary urobilinogen,Urobilinogen [Mass/volume] in Urine,3107-0,,,,heme degradation ,heme catabolic process,GO:0042167,biliary excretion,excretion,GO:0007588,glucuronide conjugation,glucuronoside transport,GO:0015779,,,,Zakim and Boyers hepatology,ISBN: 978-0323375917,1,,"High-Yield Physiology, 1st edition. Dudek, 2008.",ISBN: 978-0781745871,33,,,,,
Digestive system,digestive system process,GO:0022602,metabolic liver function,metabolic process,GO:0008152,bilirubin conjugation,bilirubin conjugation,GO:0006789,"Bilirubin uptake, glucuronide conjugation, and biliary secretion",bilirubin conjugation,GO:0006789,,,,,,,,,,,,,,"Albumin-bound bilirubin is endocytosed by hepatocytes, conjugated to glucuronide by UDP-glucuronyltransferase in smooth endoplasmic reticulum, and released into bile canaliculi as bilirubin-glucuronide through MOAT.",Cell,Blood; liver parenchyma; bile canaliculi,blood; liver,UBERON:0000178; UBERON:0002107,Hepatocytes,hepatocyte,CL:0000182,Organic Anion Transporter (MRP2),increases,X release to Y,Bilirubin-glucuronide,bile,"Bilirubin is derived mainly from hemoglobin breakdown; ≈15% is derived from other heme-containing proteins; intestinal metabolism produces urobilinogen, urobilin, and stercobilin",intra-organ,Systemic,Minutes-hours,Total bilirubin,Bilirubin.total [Mass/volume] in Serum or Plasma,1975-2, direct bilirubin,Bilirubin.direct [Mass/volume] in Serum or Plasma,1968-7, urinary urobilinogen,Urobilinogen [Mass/volume] in Urine,3107-0,,,,heme degradation ,heme catabolic process,GO:0042167,biliary excretion,excretion,GO:0007588,glucuronide conjugation,glucuronoside transport,GO:0015779,,,,Zakim and Boyers hepatology,ISBN: 978-0323375917,1,,"High-Yield Physiology, 1st edition. Dudek, 2008.",ISBN: 978-0781745871,33,,,,,
Digestive system,digestive system process,GO:0022602,metabolic liver function,metabolic process,GO:0008152,urea metabolic process,urea metabolic process,GO:0019627,Ammonia conversion to urea and downstream excretion,ammonium excretion,GO:0140734,,,,,,,,,,,,,,Ammonia generated by protein and nucleic-acid catabolism is converted by the hepatocyte urea cycle to nontoxic urea; urea enters blood and is subsequently excreted by the kidney.,Cell,Liver parenchyma; blood；kidney,liver; blood,UBERON:0002107; UBERON:0000178,Hepatocytes,hepatocyte,CL:0000182,,does,X conversion to Y,protein and nuclear acid,Ammonia,Approximately 30 g urea/day is excreted by a healthy adult eating a normal diet,,Systemic,Minutes-hours,Plasma ammonia,Ammonia [Moles/volume] in Plasma,16362-6, blood urea nitrogen,Urea nitrogen [Mass/volume] in Serum or Plasma,3094-0, serum urea,Urea [Mass/volume] in Serum or Plasma,3091-6,,,,protein and amino-acid catabolism ,internal protein amino acid acetylation,GO:0006475,,,,,,,,,,Yamada’s Textbook of Gastroenterology ,ISBN 9781119600206,20,,"High-Yield Physiology, 1st edition. Dudek, 2008.",ISBN: 978-0781745871,33,,,,,
Digestive system,digestive system process,GO:0022602,metabolic liver function,metabolic process,GO:0008152,urea metabolic process,urea metabolic process,GO:0019627,Ammonia conversion to urea and downstream excretion,ammonium excretion,GO:0140734,,,,,,,,,,,,,,Ammonia generated by protein and nucleic-acid catabolism is converted by the hepatocyte urea cycle to nontoxic urea; urea enters blood and is subsequently excreted by the kidney.,Cell,Liver parenchyma; blood；kidney,liver; blood,UBERON:0002107; UBERON:0000178,Hepatocytes,hepatocyte,CL:0000182,,does,X conversion to Y,Ammonia,urea,Approximately 30 g urea/day is excreted by a healthy adult eating a normal diet,,Systemic,Minutes-hours,Plasma ammonia,Ammonia [Moles/volume] in Plasma,16362-6, blood urea nitrogen,Urea nitrogen [Mass/volume] in Serum or Plasma,3094-0, serum urea,Urea [Mass/volume] in Serum or Plasma,3091-6,,,,protein and amino-acid catabolism ,internal protein amino acid acetylation,GO:0006475,,,,,,,,,,Yamada’s Textbook of Gastroenterology ,ISBN 9781119600206,20,,"High-Yield Physiology, 1st edition. Dudek, 2008.",ISBN: 978-0781745871,33,,,,,
Digestive system,digestive system process,GO:0022602,metabolic liver function,metabolic process,GO:0008152,urea metabolic process,urea metabolic process,GO:0019627,Ammonia conversion to urea and downstream excretion,ammonium excretion,GO:0140734,,,,,,,,,,,,,,Ammonia generated by protein and nucleic-acid catabolism is converted by the hepatocyte urea cycle to nontoxic urea; urea enters blood and is subsequently excreted by the kidney.,Cell,Liver parenchyma; blood；kidney,liver; blood,UBERON:0002107; UBERON:0000178,Hepatocytes,hepatocyte,CL:0000182,,does,X transprot to Y ,urea,blood,Approximately 30 g urea/day is excreted by a healthy adult eating a normal diet,,Systemic,Minutes-hours,Plasma ammonia,Ammonia [Moles/volume] in Plasma,16362-6, blood urea nitrogen,Urea nitrogen [Mass/volume] in Serum or Plasma,3094-0, serum urea,Urea [Mass/volume] in Serum or Plasma,3091-6,,,,protein and amino-acid catabolism ,internal protein amino acid acetylation,GO:0006475,kidney urea excretion,,,,,,,,,Yamada’s Textbook of Gastroenterology ,ISBN 9781119600206,20,,"High-Yield Physiology, 1st edition. Dudek, 2008.",ISBN: 978-0781745871,33,,,,,
Digestive system,digestive system process,GO:0022602,Micronutrient Functions,response to nutrient,GO:0007584,Vitamins and minerals,vitamin transport,GO:0051180,Micronutrient utilization,carbon utilization,GO:0015976,,,,,,,,,,,,,,Vitamin and mineral coenzyme activity: Absorption (active transport),Organ system,Intestine,intestine,UBERON:0000160,Enterocyte,enterocyte,CL:0000584,,does,X uptake,nutrient,,,,Cellular,Days-weeks,Vitamin/mineral assays,,,,,,,,,,,,Cofactor-enzyme synergy,,,,,,,,,,,,Yamada’s Textbook of Gastroenterology ,ISBN 9781119600206,22,,,,,,,,,
Digestive system,digestive system process,GO:0022602,Micronutrient Functions,response to nutrient,GO:0007584,Vitamins and minerals,vitamin transport,GO:0051180,Micronutrient utilization,carbon utilization,GO:0015976,,,,,,,,,,,,,,"Vitamin and mineral coenzyme activity: Coenzyme conversion (TPP, FAD, NAD)",Organ system,Intestine,intestine,UBERON:0000160,Enterocyte,enterocyte,CL:0000584,,does,X conversion,"coenzyme TPP, FAD, NAD",,,,Organ (circulatory),Days-weeks,Vitamin/mineral assays,,,,,,,,,,,,Cofactor-enzyme synergy,,,,,,,,,,,,Yamada’s Textbook of Gastroenterology ,ISBN 9781119600206,22,,,,,,,,,
Digestive system,digestive system process,GO:0022602,Micronutrient Functions,response to nutrient,GO:0007584,Vitamins and minerals,vitamin transport,GO:0051180,Micronutrient utilization,carbon utilization,GO:0015976,,,,,,,,,,,,,,Vitamin and mineral coenzyme activity: Metabolic participation,Organ system,Intestine,intestine,UBERON:0000160,Enterocyte,enterocyte,CL:0000584,,does,Induction of X,metabolic activity,,,,Organ (circulatory),Days-weeks,Vitamin/mineral assays,,,,,,,,,,,,Cofactor-enzyme synergy,,,,,,,,,,,,Yamada’s Textbook of Gastroenterology ,ISBN 9781119600206,22,,,,,,,,,
Digestive system,digestive system process,GO:0022602,Micronutrient Functions,response to nutrient,GO:0007584,Vitamins and minerals,vitamin transport,GO:0051180,Vitamin B complex metabolism,vitamin metabolic process,GO:0006766,,,,,,,,,,,,,,Coenzyme synthesis and turnover: Thiamine → TPP,Cell,Jejunum/Liver,jejunum,UBERON:0002115,Enterocyte,enterocyte,CL:0000584,,does,Induction of X,thiamine phosphorylation,,,,Cellular,Days,RBC transketolase,Transketolase [Enzymatic activity/mass] in Blood,34609-8, B-vitamin levels,"No single combined LOINC panel. Individual: Thiamine/B1=2999-1, Riboflavin/B2=2924-9, Niacin/B3 metabolite panel=102102-1",,,,,,,,Alcohol impairs absorption,,,,,,,,,,,,Yamada’s Textbook of Gastroenterology ,ISBN 9781119600206,22,,,,,,,,,
Digestive system,digestive system process,GO:0022602,Micronutrient Functions,response to nutrient,GO:0007584,Vitamins and minerals,vitamin transport,GO:0051180,Vitamin B complex metabolism,vitamin metabolic process,GO:0006766,,,,,,,,,,,,,,Coenzyme synthesis and turnover: Riboflavin → FAD/FMN,Organ system,Jejunum/Liver,jejunum,UBERON:0002115,Enterocyte,enterocyte,CL:0000584,,does,X formation,riboflavin cofactor,,,,Organ (circulatory),Days,RBC transketolase,Transketolase [Enzymatic activity/mass] in Blood,34609-8, B-vitamin levels,"No single combined LOINC panel. Individual: Thiamine/B1=2999-1, Riboflavin/B2=2924-9, Niacin/B3 metabolite panel=102102-1",,,,,,,,Alcohol impairs absorption,,,,,,,,,,,,Yamada’s Textbook of Gastroenterology ,ISBN 9781119600206,22,,,,,,,,,
Digestive system,digestive system process,GO:0022602,Micronutrient Functions,response to nutrient,GO:0007584,Vitamins and minerals,vitamin transport,GO:0051180,Vitamin B complex metabolism,vitamin metabolic process,GO:0006766,,,,,,,,,,,,,,Coenzyme synthesis and turnover: Niacin → NAD/NADP,Organ system,Jejunum/Liver,jejunum,UBERON:0002115,Enterocyte,enterocyte,CL:0000584,niacin,increases,X synthesis, pyridine-nucleotide,,,Systemic,Organ (circulatory),Days,RBC transketolase,Transketolase [Enzymatic activity/mass] in Blood,34609-8, B-vitamin levels,"No single combined LOINC panel. Individual: Thiamine/B1=2999-1, Riboflavin/B2=2924-9, Niacin/B3 metabolite panel=102102-1",,,,,,,,Alcohol impairs absorption,,,,,,,,,,,,Yamada’s Textbook of Gastroenterology ,ISBN 9781119600206,22,,,,,,,,,
Digestive system,digestive system process,GO:0022602,Micronutrient Functions,response to nutrient,GO:0007584,Vitamins and minerals,vitamin transport,GO:0051180,Fat-soluble vitamin transport,fat-soluble vitamin biosynthetic process,GO:0042362,,,,,,,,,,,,,,Micelle formation and hepatic storage: Bile salt micelle uptake,Tissue,Intestine,intestine,UBERON:0000160,Enterocyte,enterocyte of epithelium of large intestine,CL:0002071,,does,X uptake,bile-salt micelle ,,,,Cellular,Days-weeks,Vit A/D/E/K levels,"No single combined panel. Individual: Vit A(Retinol)=2923-1, Vit E(alpha-tocopherol)=1823-4, Vit D=35365-6, Vit K1=9622-2(unconfirmed, verify)",,,,,,,,,,,Bile-micelle coupling,lipid digestion,GO:0044241,,,,,,,,,,Yamada’s Textbook of Gastroenterology ,ISBN 9781119600206,22,,,,,,,,,
Digestive system,digestive system process,GO:0022602,Micronutrient Functions,response to nutrient,GO:0007584,Vitamins and minerals,vitamin transport,GO:0051180,Fat-soluble vitamin transport,fat-soluble vitamin biosynthetic process,GO:0042362,,,,,,,,,,,,,,Micelle formation and hepatic storage: Chylomicron transport,Tissue,Intestine,intestine,UBERON:0000160,Enterocyte,enterocyte of epithelium of large intestine,CL:0002071,,does,X transport,chylomicron lipid ,,,,Circulatory,Days-weeks,Vit A/D/E/K levels,"No single combined panel. Individual: Vit A(Retinol)=2923-1, Vit E(alpha-tocopherol)=1823-4, Vit D=35365-6, Vit K1=9622-2(unconfirmed, verify)",,,,,,,,,,,Bile-micelle coupling,lipid digestion,GO:0044241,,,,,,,,,,Yamada’s Textbook of Gastroenterology ,ISBN 9781119600206,22,,,,,,,,,
Digestive system,digestive system process,GO:0022602,Micronutrient Functions,response to nutrient,GO:0007584,Vitamins and minerals,vitamin transport,GO:0051180,Fat-soluble vitamin transport,fat-soluble vitamin biosynthetic process,GO:0042362,,,,,,,,,,,,,,Micelle formation and hepatic storage: Hepatic storage/release,Tissue,Liver,liver,UBERON:0002107,Enterocyte,enterocyte of epithelium of large intestine,CL:0002071,,does,X release,hepatic nutrient storage,,,,Organ (intra-organ),Days-weeks,Vit A/D/E/K levels,"No single combined panel. Individual: Vit A(Retinol)=2923-1, 25-OH Vit D=62292-8, Vit E(alpha-tocopherol)=1823-4, Vit K1=9622-2",,,,,,,,,,,Bile-micelle coupling,sterol transport,GO:0015918,,,,,,,,,,Yamada’s Textbook of Gastroenterology ,ISBN 9781119600206,22,,,,,,,,,
Digestive system,digestive system process,GO:0022602,Micronutrient Functions,response to nutrient,GO:0007584,Vitamins and minerals,vitamin transport,GO:0051180,Mineral balance,neuromuscular process controlling balance,GO:0050885,,,,,,,,,,,,,,"Iron, calcium, zinc, copper homeostasis: Gastric solubilization",Organ,Stomach,stomach,UBERON:0000945,Enterocyte,enterocyte,CL:0000584,,does,X solubilization,gastric mineral ,,,,Organ (intra-organ),Days-months,Ferritin,Ferritin [Mass/volume] in Serum or Plasma,2276-4, Ca²⁺,Calcium [Mass/volume] in Serum or Plasma,17861-6, Zn/Cu,Zinc [Mass/volume] in Serum or Plasma; Copper [Mass/volume] in Serum or Plasma,5763-8 / 5631-7,,,,Gastric acid and transporter control,gastric acid secretion,GO:0001696,,,,,,,,,,Yamada’s Textbook of Gastroenterology ,ISBN 9781119600206,22,,,,,,,,,
Digestive system,digestive system process,GO:0022602,Micronutrient Functions,response to nutrient,GO:0007584,Vitamins and minerals,vitamin transport,GO:0051180,Mineral balance,neuromuscular process controlling balance,GO:0050885,,,,,,,,,,,,,,"Iron, calcium, zinc, copper homeostasis: Transporter-mediated uptake",Organ,Intestine,intestine,UBERON:0000160,Enterocyte,enterocyte,CL:0000584,,does,X uptake,mineral,,,,Cellular,Days-months,Ferritin,Ferritin [Mass/volume] in Serum or Plasma,2276-4, Ca²⁺,Calcium [Mass/volume] in Serum or Plasma,17861-6, Zn/Cu,Zinc [Mass/volume] in Serum or Plasma; Copper [Mass/volume] in Serum or Plasma,5763-8 / 5631-7,,,,Gastric acid and transporter control,gastric acid secretion,GO:0001696,,,,,,,,,,Yamada’s Textbook of Gastroenterology ,ISBN 9781119600206,22,,,,,,,,,
Digestive system,digestive system process,GO:0022602,Micronutrient Functions,response to nutrient,GO:0007584,Vitamins and minerals,vitamin transport,GO:0051180,Mineral balance,neuromuscular process controlling balance,GO:0050885,,,,,,,,,,,,,,"Iron, calcium, zinc, copper homeostasis: Hepatic storage/release",Organ,Liver,liver,UBERON:0002107,Enterocyte,enterocyte,CL:0000584,,does,X release,hepatic mineral storage ,,,,Organ (intra-organ),Days-months,Ferritin,Ferritin [Mass/volume] in Serum or Plasma,2276-4, Ca²⁺,Calcium [Mass/volume] in Serum or Plasma,17861-6, Zn/Cu,Zinc [Mass/volume] in Serum or Plasma; Copper [Mass/volume] in Serum or Plasma,5763-8 / 5631-7,,,,Gastric acid and transporter control,regulation of gastric acid secretion,GO:0060453,,,,,,,,,,Yamada’s Textbook of Gastroenterology ,ISBN 9781119600206,22,,,,,,,,,
Digestive system,digestive system process,GO:0022602,Digestion & Absorption,digestion,GO:0007586,Carbohydrate digestion,digestion,GO:0007586,,,,,,,,,,,,,,,,,Hydrolysis of polysaccharides by amylases and brush-border enzymes: Salivary/pancreatic α-amylase → maltose + dextrins,Organ,Mouth/Pancreas,digestive system,UBERON:0001007,Salivary glands,salivary gland cell,CL:0009005,,does,Induction of X,starch digestion,,,,Organ (intra-organ),Minutes-hours,Hydrogen breath test,Lactose challenge (hydrogen breath test) panel - Exhaled gas (or 74788-1 Lactulose challenge if SIBO context),50584-2, stool reducing substances,Reducing substances [Presence] in Stool,11060-1,,,,,,,"Na⁺-dependent transport (SGLT1), GLUT2/GLUT5 coordination",D-glucose:sodium symporter activity,GO:0005412,,,,,,,,,,Yamada’s Textbook of Gastroenterology ,ISBN 9781119600206,21,,,,,,,,,
Digestive system,digestive system process,GO:0022602,Digestion & Absorption,digestion,GO:0007586,Carbohydrate digestion,digestion,GO:0007586,,,,,,,,,,,,,,,,,"Hydrolysis of polysaccharides by amylases and brush-border enzymes: Sucrase-isomaltase hydrolyzes α(1,4)/(1,6) linkages",Organ,Intestine,intestine,UBERON:0000160,Salivary glands,salivary gland cell,CL:0009005,,does,Induction of X,disaccharide linkage cleavage,,,,Organ (intra-organ),Minutes-hours,Hydrogen breath test,Lactose challenge (hydrogen breath test) panel - Exhaled gas (or 74788-1 Lactulose challenge if SIBO context),50584-2, stool reducing substances,Reducing substances [Presence] in Stool,11060-1,,,,,,,"Na⁺-dependent transport (SGLT1), GLUT2/GLUT5 coordination",D-glucose:sodium symporter activity,GO:0005412,,,,,,,,,,Yamada’s Textbook of Gastroenterology ,ISBN 9781119600206,21,,,,,,,,,
Digestive system,digestive system process,GO:0022602,Digestion & Absorption,digestion,GO:0007586,Carbohydrate digestion,digestion,GO:0007586,,,,,,,,,,,,,,,,,"Hydrolysis of polysaccharides by amylases and brush-border enzymes: Lactase, maltase-glucoamylase, trehalase finalize monosaccharides",Organ,Intestine,intestine,UBERON:0000160,Salivary glands,salivary gland cell,CL:0009005,,does,X formation,brush-border monosaccharide,,,,Cellular,Minutes-hours,Hydrogen breath test,Lactose challenge (hydrogen breath test) panel - Exhaled gas (or 74788-1 Lactulose challenge if SIBO context),50584-2, stool reducing substances,Reducing substances [Presence] in Stool,11060-1,,,,,,,"Na⁺-dependent transport (SGLT1), GLUT2/GLUT5 coordination",D-glucose:sodium symporter activity,GO:0005412,,,,,,,,,,Yamada’s Textbook of Gastroenterology ,ISBN 9781119600206,21,,,,,,,,,
Digestive system,digestive system process,GO:0022602,Digestion & Absorption,digestion,GO:0007586,Protein digestion,protein digestion,GO:0044256,,,,,,,,,,,,,,,,,Sequential proteolysis via gastric and pancreatic enzymes: Pepsin → polypeptides,Organ,Stomach,stomach,UBERON:0000945,Chief,peptic cell,CL:0000155,,does,Induction of X,protein hydrolysis,,,,Organ (intra-organ),Hours,Serum albumin,Albumin [Mass/volume] in Serum or Plasma,1751-7, fecal nitrogen,Nitrogen [Mass/time] in 24 hour Stool,16141-4,,,,,,,Enterokinase-trypsinogen cascade,trypsinogen activation,GO:0032023,,,,,,,,,,Yamada’s Textbook of Gastroenterology ,ISBN 9781119600206,21,,,,,,,,,
Digestive system,digestive system process,GO:0022602,Digestion & Absorption,digestion,GO:0007586,Protein digestion,protein digestion,GO:0044256,,,,,,,,,,,,,,,,,Sequential proteolysis via gastric and pancreatic enzymes: Trypsin/chymotrypsin/elastase → oligopeptides,Organ,Intestine,intestine,UBERON:0000160,Chief,peptic cell,CL:0000155,,does,Induction of X,pancreatic peptide cleavage,,,,Organ (intra-organ),Hours,Serum albumin,Albumin [Mass/volume] in Serum or Plasma,1751-7, fecal nitrogen,Nitrogen [Mass/time] in 24 hour Stool,16141-4,,,,,,,Enterokinase-trypsinogen cascade,trypsinogen activation,GO:0032023,,,,,,,,,,Yamada’s Textbook of Gastroenterology ,ISBN 9781119600206,21,,,,,,,,,
Digestive system,digestive system process,GO:0022602,Digestion & Absorption,digestion,GO:0007586,Protein digestion,protein digestion,GO:0044256,,,,,,,,,,,,,,,,,Sequential proteolysis via gastric and pancreatic enzymes: Carboxypeptidases → free amino acids,Organ,Intestine,intestine,UBERON:0000160,Chief,peptic cell,CL:0000155,,does,Induction of X,polypeptide cleavage,,,,Organ (intra-organ),Hours,Serum albumin,Albumin [Mass/volume] in Serum or Plasma,1751-7, fecal nitrogen,Nitrogen [Mass/time] in 24 hour Stool,16141-4,,,,,,,Enterokinase-trypsinogen cascade,trypsinogen activation,GO:0032023,,,,,,,,,,Yamada’s Textbook of Gastroenterology ,ISBN 9781119600206,21,,,,,,,,,
Digestive system,digestive system process,GO:0022602,Digestion & Absorption,digestion,GO:0007586,Peptide absorption,peptide transport,GO:0015833,,,,,,,,,,,,,,,,,"Brush-border and intracellular peptidases + peptide transporters: Brush-border aminopeptidases (N, A) and dipeptidylpeptidases",Organ,Intestine,intestine,UBERON:0000160,Enterocyte,enterocyte of epithelium of large intestine,CL:0002071,,does,Induction of X,peptide digestion,,,,Cellular,Hours,Urinary peptide excretion,,,,,,,,,,,,AA transport competition,amino acid transmembrane transport,GO:0003333, Na⁺/H⁺ cotransport,sodium:proton antiporter activity,GO:0015385,,,,,,,Yamada’s Textbook of Gastroenterology ,ISBN 9781119600206,21,,,,,,,,,
Digestive system,digestive system process,GO:0022602,Digestion & Absorption,digestion,GO:0007586,Peptide absorption,peptide transport,GO:0015833,,,,,,,,,,,,,,,,,Brush-border and intracellular peptidases + peptide transporters: PEPT1 transports di/tripeptides,Organ,Intestine,intestine,UBERON:0000160,Enterocyte,enterocyte of epithelium of large intestine,CL:0002071,,does,X transport, di/tripeptides,,,,Organ (intra-organ),Hours,Urinary peptide excretion,,,,,,,,,,,,AA transport competition,amino acid transmembrane transport,GO:0003333, Na⁺/H⁺ cotransport,sodium:proton antiporter activity,GO:0015385,,,,,,,Yamada’s Textbook of Gastroenterology ,ISBN 9781119600206,21,,,,,,,,,
Digestive system,digestive system process,GO:0022602,Digestion & Absorption,digestion,GO:0007586,Peptide absorption,peptide transport,GO:0015833,,,,,,,,,,,,,,,,,"Brush-border and intracellular peptidases + peptide transporters: Intracellular peptidases (prolidase, aminotripeptidase) hydrolyze X-proline bonds",Organ,Intestine,intestine,UBERON:0000160,Enterocyte,enterocyte of epithelium of large intestine,CL:0002071,"Intracellular peptidases (prolidase, aminotripeptidase) ",increases,Induction of X,X-proline bonds hydrolysis,,,Intra-organ,Organ (intra-organ),Hours,Urinary peptide excretion,,,,,,,,,,,,AA transport competition,amino acid transmembrane transport,GO:0003333, Na⁺/H⁺ cotransport,sodium:proton antiporter activity,GO:0015385,,,,,,,Yamada’s Textbook of Gastroenterology ,ISBN 9781119600206,21,,,,,,,,,
Digestive system,digestive system process,GO:0022602,Digestion & Absorption,digestion,GO:0007586,Lipid digestion and absorption,lipid digestion,GO:0044241,,,,,,,,,,,,,,,,,"Emulsification, hydrolysis, and micelle transport: Lingual/gastric lipase → DGs + FA",Organ system,Stomach,stomach,UBERON:0000945,Chief,peptic cell,CL:0000155,,does,X conversion to Y,gastric triglyceride,diacylglycerols and fatty acid,,,Organ (intra-organ),Hours,Fecal fat,Fat [Mass/time] in 72 hour Stool,2271-5, Vit A/D/E/K,"No single combined panel. Individual: Vit A(Retinol)=2923-1, Vit E(alpha-tocopherol)=1823-4, Vit D=35365-6, Vit K1=9622-2(unconfirmed, verify)",,,,,,,,Colipase-bile acid synergy,,,,,,,,,,,,Yamada’s Textbook of Gastroenterology ,ISBN 9781119600206,21,,,,,,,,,
Digestive system,digestive system process,GO:0022602,Digestion & Absorption,digestion,GO:0007586,Lipid digestion and absorption,lipid digestion,GO:0044241,,,,,,,,,,,,,,,,,"Emulsification, hydrolysis, and micelle transport: Pancreatic lipase + colipase → 2-MG + FA",Organ system," duodenum, Pancreas",duodenum,UBERON:0002114,Chief,peptic cell,CL:0000155,,does,Induction of X,pancreatic lipid hydrolysis,,,,Organ (intra-organ),Hours,Fecal fat,Fat [Mass/time] in 72 hour Stool,2271-5, Vit A/D/E/K,"No single combined panel. Individual: Vit A(Retinol)=2923-1, Vit E(alpha-tocopherol)=1823-4, Vit D=35365-6, Vit K1=9622-2(unconfirmed, verify)",,,,,,,,Colipase-bile acid synergy,,,,,,,,,,,,Yamada’s Textbook of Gastroenterology ,ISBN 9781119600206,21,,,,,,,,,
Digestive system,digestive system process,GO:0022602,Digestion & Absorption,digestion,GO:0007586,Lipid digestion and absorption,lipid digestion,GO:0044241,,,,,,,,,,,,,,,,,"Emulsification, hydrolysis, and micelle transport: Micelle formation by bile salts for enterocyte uptake",Organ system,Intestine,intestine,UBERON:0000160,Chief,peptic cell,CL:0000155,,does,X transport to Y,bile-salt micelle ,cell,,,Cellular,Hours,Fecal fat,Fat [Mass/time] in 72 hour Stool,2271-5, Vit A/D/E/K,"No single combined panel. Individual: Vit A(Retinol)=2923-1, Vit E(alpha-tocopherol)=1823-4, Vit D=35365-6, Vit K1=9622-2(unconfirmed, verify)",,,,,,,,Colipase-bile acid synergy,,,,,,,,,,,,Yamada’s Textbook of Gastroenterology ,ISBN 9781119600206,21,,,,,,,,,
Digestive system,digestive system process,GO:0022602,Digestion & Absorption,digestion,GO:0007586,Cholesterol and phospholipid hydrolysis,cholesterol ester hydrolysis involved in cholesterol transport,GO:0090122,,,,,,,,,,,,,,,,,Enzymatic release of sterols and lysophospholipids: PLA₂ → LPC + FA,Organ system," duodenum, Pancreas",duodenum,UBERON:0002114,Pancreatic acinar cell,Pancreatic acinar cell,CL:0002064,,does,Induction of X,phospholipid lysolipid hydrolysis,,,,Organ (circulatory),Hours,Serum cholesterol,Cholesterol [Mass/volume] in Serum or Plasma,2093-3, fecal sterols,,,,,,,,,Bile acid stabilization of esterases,,,,,,,,,,,,Yamada’s Textbook of Gastroenterology ,ISBN 9781119600206,21,,,,,,,,,
Digestive system,digestive system process,GO:0022602,Digestion & Absorption,digestion,GO:0007586,Cholesterol and phospholipid hydrolysis,cholesterol ester hydrolysis involved in cholesterol transport,GO:0090122,,,,,,,,,,,,,,,,,Enzymatic release of sterols and lysophospholipids: Cholesterol esterase → free sterol + FA,Organ system," duodenum, Pancreas",duodenum,UBERON:0002114,Pancreatic acinar cell,Pancreatic acinar cell,CL:0002064,,does,Induction of X,sterol ester hydrolysis,,,,Organ (circulatory),Hours,Serum cholesterol,Cholesterol [Mass/volume] in Serum or Plasma,2093-3, fecal sterols,,,,,,,,,Bile acid stabilization of esterases,,,,,,,,,,,,Yamada’s Textbook of Gastroenterology ,ISBN 9781119600206,21,,,,,,,,,
Digestive system,digestive system process,GO:0022602,Digestion & Absorption,digestion,GO:0007586,Cholesterol and phospholipid hydrolysis,cholesterol ester hydrolysis involved in cholesterol transport,GO:0090122,,,,,,,,,,,,,,,,,Enzymatic release of sterols and lysophospholipids: Micelle-mediated uptake,Organ system,Intestine,intestine,UBERON:0000160,enterocyte,enterocyte,CL:0000584,,does,X transport to Y,lipid micelle ,cell,,,Cellular,Hours,Serum cholesterol,Cholesterol [Mass/volume] in Serum or Plasma,2093-3, fecal sterols,,,,,,,,,Bile acid stabilization of esterases,,,,,,,,,,,,Yamada’s Textbook of Gastroenterology ,ISBN 9781119600206,21,,,,,,,,,
Digestive system,digestive system process,GO:0022602,Digestion & Absorption,digestion,GO:0007586,Nutrient sensing (AMPK),detection of nutrien,GO:0009594,AMP-activated protein kinase activity,AMP-activated protein kinase activity,GO:0004679,,,,,,,,,,,,,,"Energy and amino acid sensing pathways: AMPK activation → ↑ catabolism, IS LOW anabolism",Cell,Liver; Small intestine;Pancreas,liver,UBERON:0002107,Hepatocyte;enterocyte;Acinar cell / β cell,hepatocyte,CL:0000182,Low cellular ATP (↑AMP:ATP),increases,Induction of X,AMPK signalling activation,,,intra-organ,Systemic,Seconds-hours,Fasting glucose,,HbA1c,,Triglycerides,,Free fatty acids,,,,,,AMPK-mTOR-GCN2 feedback loop,,,,,,,,,,,,Yamada’s Textbook of Gastroenterology ,ISBN 9781119600206,21,,,,,,,,,
Digestive system,digestive system process,GO:0022602,Digestion & Absorption,digestion,GO:0007586,Nutrient sensing (AMPK),detection of nutrien,GO:0009594,AMP-activated protein kinase activity,AMP-activated protein kinase activity,GO:0004679,,,,,,,,,,,,,,"Energy and amino acid sensing pathways: AMPK activation → ↑ catabolism, IS LOW anabolism",Cell,Liver; Small intestine;Pancreas,liver,UBERON:0002107,Hepatocyte;enterocyte;Acinar cell / β cell,hepatocyte,CL:0000182,AMPK signalling activation,increases,X conversion to Y,fatty acid,acetyl-CoA,,intra-organ,Systemic,Seconds-hours,Fasting glucose,,HbA1c,,Triglycerides,,Free fatty acids,,,,,,AMPK-mTOR-GCN2 feedback loop,,,,,,,,,,,,Yamada’s Textbook of Gastroenterology ,ISBN 9781119600206,21,,,,,,,,,
Digestive system,digestive system process,GO:0022602,Digestion & Absorption,digestion,GO:0007586,Nutrient sensing (AMPK),detection of nutrien,GO:0009594,AMP-activated protein kinase activity,AMP-activated protein kinase activity,GO:0004679,,,,,,,,,,,,,,"Energy and amino acid sensing pathways: AMPK activation → ↑ catabolism, IS LOW anabolism",Cell,Liver; Small intestine;Pancreas,liver,UBERON:0002107,Hepatocyte;enterocyte;Acinar cell / β cell,hepatocyte,CL:0000182,AMPK signalling activation,increases,X conversion to Y,glycogen,glucose,,intra-organ,Systemic,Seconds-hours,Fasting glucose,,HbA1c,,Triglycerides,,Free fatty acids,,,,,,AMPK-mTOR-GCN2 feedback loop,,,,,,,,,,,,Yamada’s Textbook of Gastroenterology ,ISBN 9781119600206,21,,,,,,,,,
Digestive system,digestive system process,GO:0022602,Digestion & Absorption,digestion,GO:0007586,Nutrient sensing (AMPK),detection of nutrien,GO:0009594,AMP-activated protein kinase activity,AMP-activated protein kinase activity,GO:0004679,,,,,,,,,,,,,,"Energy and amino acid sensing pathways: AMPK activation → ↑ catabolism, IS LOW anabolism",Cell,Liver; Small intestine;Pancreas,liver,UBERON:0002107,Hepatocyte;enterocyte;Acinar cell / β cell,hepatocyte,CL:0000182,AMPK signalling activation,increases,X conversion to Y,protein,Amino-acid carbon skeletons,,intra-organ,Systemic,Seconds-hours,Fasting glucose,,HbA1c,,Triglycerides,,Free fatty acids,,,,,,AMPK-mTOR-GCN2 feedback loop,,,,,,,,,,,,Yamada’s Textbook of Gastroenterology ,ISBN 9781119600206,21,,,,,,,,,
Digestive system,digestive system process,GO:0022602,Digestion & Absorption,digestion,GO:0007586,Nutrient sensing (GCN2),detection of nutrien,GO:0009594,GCN2-mediated signaling,GCN2-mediated signaling,GO:0140469,,,,,,,,,,,,,,Energy and amino acid sensing pathways: GCN2 senses uncharged tRNA → ↑ ATF4,Cell,Liver; Small intestine;Pancreas,liver,UBERON:0002107,Hepatocyte;enterocyte,hepatocyte,CL:0000182,Uncharged tRNA,increases,Induction of X,GCN signaling activation,,,intra-organ,Cellular,Seconds-hours,Plasma essential amino acids,,Plasma branched-chain amino acids,,Prealbumin,,Albumin,,,,,,AMPK-mTOR-GCN2 feedback loop,,,,,,,,,,,,Yamada’s Textbook of Gastroenterology ,ISBN 9781119600206,21,,,,,,,,,
Digestive system,digestive system process,GO:0022602,Digestion & Absorption,digestion,GO:0007586,Nutrient sensing (GCN2),detection of nutrien,GO:0009594,GCN2-mediated signaling,GCN2-mediated signaling,GO:0140469,,,,,,,,,,,,,,Energy and amino acid sensing pathways: GCN2 senses uncharged tRNA → ↑ ATF4,Cell,Liver; Small intestine;Pancreas,liver,UBERON:0002107,Hepatocyte;enterocyte,hepatocyte,CL:0000182,GCN signaling activation,decreases,X conversion to Y,Amino-acid carbon skeletons,protein,,intra-organ,Cellular,Seconds-hours,Plasma essential amino acids,,Plasma branched-chain amino acids,,Prealbumin,,Albumin,,,,,,AMPK-mTOR-GCN2 feedback loop,,,,,,,,,,,,Yamada’s Textbook of Gastroenterology ,ISBN 9781119600206,21,,,,,,,,,
Digestive system,digestive system process,GO:0022602,Digestion & Absorption,digestion,GO:0007586,Nutrient sensing (mTOR),detection of nutrien,GO:0009594,TOR signaling,TOR signaling,GO:0031929,,,,,,,,,,,,,,Energy and amino acid sensing pathways: mTORC1 integrates AA and growth signals → ↑ protein synthesis,Cell,Liver; Small intestine;Pancreas; Enteroendocrine system,liver,UBERON:0002107,Hepatocyte;enterocyte;pancreatic acinar cell;enteroendocrine cell,hepatocyte,CL:0000182,Amino acids and growth-factor signals,increases,Induction of X,mTOR signaling activation,,,intra-organ,Organ (circulatory),Seconds-hours,Serum albumin,,IGF-1,,Lean body mass (DEXA),,Triglycerides,,,,,,AMPK-mTOR-GCN2 feedback loop,,,,,,,,,,,,Yamada’s Textbook of Gastroenterology ,ISBN 9781119600206,21,,,,,,,,,
Digestive system,digestive system process,GO:0022602,Digestion & Absorption,digestion,GO:0007586,Nutrient sensing (mTOR),detection of nutrien,GO:0009594,TOR signaling,TOR signaling,GO:0031929,,,,,,,,,,,,,,Energy and amino acid sensing pathways: mTORC1 integrates AA and growth signals → ↑ protein synthesis,Cell,Liver; Small intestine;Pancreas; Enteroendocrine system,liver,UBERON:0002107,Hepatocyte;enterocyte;pancreatic acinar cell;enteroendocrine cell,hepatocyte,CL:0000182,mTOR signaling activation,increases,X conversion to Y,Amino-acid carbon skeletons,protein,,intra-organ,Organ (circulatory),Seconds-hours,Serum albumin,,IGF-1,,Lean body mass (DEXA),,Triglycerides,,,,,,AMPK-mTOR-GCN2 feedback loop,,,,,,,,,,,,Yamada’s Textbook of Gastroenterology ,ISBN 9781119600206,21,,,,,,,,,
Digestive system,digestive system process,GO:0022602,Appetite Regulation & Energy Balance,regulation of appetite,GO:0032098,Control of food intake,regulation of feeding behavior,GO:0060259,Hunger regulation (hypothalamic control),regulation of appetite,GO:0032098,,,,,,,,,,,,,,Neuronal control of appetite via arcuate nucleus: NPY/AgRP neurons → stimulate appetite,Organ system,GI,digestive system,UBERON:0001007,Neurons (AgRP,digestive enzyme secreting cell,CL:0000470,,does,Induction of X,appetite simulation,,,,Systemic,Minutes-hours,Ghrelin,Ghrelin [Mass/volume] in Serum or Plasma,76474-6, leptin,Leptin [Mass/volume] in Serum or Plasma,21365-2, insulin,Insulin [Units/volume] in Serum or Plasma,20448-7,,,,"Brain-gut-fat axis, vagal signaling",leptin-mediated signaling pathway,GO:0033210,,,,,,,,,,Yamada’s Textbook of Gastroenterology ,ISBN 9781119600206,24,,,,,,,,,
Digestive system,digestive system process,GO:0022602,Appetite Regulation & Energy Balance,regulation of appetite,GO:0032098,Control of food intake,regulation of feeding behavior,GO:0060259,Hunger regulation (hypothalamic control),regulation of appetite,GO:0032098,,,,,,,,,,,,,,Neuronal control of appetite via arcuate nucleus: Ghrelin activates AgRP neurons,Organ system,GI,digestive system,UBERON:0001007,Neurons (AgRP,digestive enzyme secreting cell,CL:0000470,Ghrelin,increases,X activation,AgRP,,,Circulatory / Systemic,Systemic,Minutes-hours,Ghrelin,Ghrelin [Mass/volume] in Serum or Plasma,76474-6, leptin,Leptin [Mass/volume] in Serum or Plasma,21365-2, insulin,Insulin [Units/volume] in Serum or Plasma,20448-7,,,,"Brain-gut-fat axis, vagal signaling",leptin-mediated signaling pathway,GO:0033210,,,,,,,,,,Yamada’s Textbook of Gastroenterology ,ISBN 9781119600206,24,,,,,,,,,
Digestive system,digestive system process,GO:0022602,Appetite Regulation & Energy Balance,regulation of appetite,GO:0032098,Control of food intake,regulation of feeding behavior,GO:0060259,Hunger regulation (hypothalamic control),regulation of appetite,GO:0032098,,,,,,,,,,,,,,Neuronal control of appetite via arcuate nucleus: Leptin and insulin inhibit NPY/AgRP,Organ system,GI,digestive system,UBERON:0001007,Neurons (AgRP,digestive enzyme secreting cell,CL:0000470,Leptin/Insulin,decreases,Induction of X,appetite-promoting NPY/AgRP neurons,,,Systemic,Systemic,Minutes-hours,Ghrelin,Ghrelin [Mass/volume] in Serum or Plasma,76474-6, leptin,Leptin [Mass/volume] in Serum or Plasma,21365-2, insulin,Insulin [Units/volume] in Serum or Plasma,20448-7,,,,"Brain-gut-fat axis, vagal signaling",leptin-mediated signaling pathway,GO:0033210,,,,,,,,,,Yamada’s Textbook of Gastroenterology ,ISBN 9781119600206,24,,,,,,,,,
Digestive system,digestive system process,GO:0022602,Appetite Regulation & Energy Balance,regulation of appetite,GO:0032098,Control of food intake,regulation of feeding behavior,GO:0060259,Satiation signaling,signaling,GO:0023052,,,,,,,,,,,,,,Meal termination via POMC/CART neurons: Nutrient stretch → vagal afferents,Organ system,Gut,digestive system,UBERON:0001007,POMC/CART neurons,digestive enzyme secreting cell,CL:0000470,,does,X activation,nutrient mechanosensory,,,,Segmental (intra-organ),Minutes-hours,CCK,,, GLP-1,,, meal volume,,,,,,Hypothalamus-vagal-GI loop,,,,,,,,,,,,Yamada’s Textbook of Gastroenterology ,ISBN 9781119600206,24,,,,,,,,,
Digestive system,digestive system process,GO:0022602,Appetite Regulation & Energy Balance,regulation of appetite,GO:0032098,Control of food intake,regulation of feeding behavior,GO:0060259,Satiation signaling,signaling,GO:0023052,,,,,,,,,,,,,,"Meal termination via POMC/CART neurons: CCK, GLP-1 release → activate satiety neurons",Organ system,GI,digestive system,UBERON:0001007,POMC/CART neurons,digestive enzyme secreting cell,CL:0000470,CCK/GLP-1,increases,X activation,satiety,,,Circulatory / Systemic,Systemic,Minutes-hours,CCK,,, GLP-1,,, meal volume,,,,,,Hypothalamus-vagal-GI loop,,,,,,,,,,,,Yamada’s Textbook of Gastroenterology ,ISBN 9781119600206,24,,,,,,,,,
Digestive system,digestive system process,GO:0022602,Appetite Regulation & Energy Balance,regulation of appetite,GO:0032098,Control of food intake,regulation of feeding behavior,GO:0060259,Satiation signaling,signaling,GO:0023052,,,,,,,,,,,,,,Meal termination via POMC/CART neurons: α-MSH binds MC4R in VMH/PVH → fullness,Organ system,GI,digestive system,UBERON:0001007,POMC/CART neurons,digestive enzyme secreting cell,CL:0000470,α-MSH,increases,X signaling,satiety,,,Circulatory / Systemic,Systemic,Minutes-hours,CCK,,, GLP-1,,, meal volume,,,,,,Hypothalamus-vagal-GI loop,,,,,,,,,,,,Yamada’s Textbook of Gastroenterology ,ISBN 9781119600206,24,,,,,,,,,
Digestive system,digestive system process,GO:0022602,Appetite Regulation & Energy Balance,regulation of appetite,GO:0032098,Control of food intake,regulation of feeding behavior,GO:0060259,Satiety maintenance (ileal brake mechanism),meristem maintenance,GO:0010073,,,,,,,,,,,,,,"Distal gut hormone feedback to delay gastric emptying: L-cell activation → GLP-1, PYY, OXM secretion",,Intestine,intestine,UBERON:0000160,Enteroendocrine L-cells,type L enteroendocrine cell,CL:0002279,GLP-1/PYY/OXM,increases,X secretion,L-cell,hormone,,Circulatory / Systemic,Organ (intra-organ),Hours,Plasma GLP-1,,, PYY,Peptide YY [Mass/volume] in Serum or Plasma,49858-4,,,,,,,Vagus-brainstem-gut feedback,,,,,,,,,,,,Yamada’s Textbook of Gastroenterology ,ISBN 9781119600206,24,,,,,,,,,
Digestive system,digestive system process,GO:0022602,Appetite Regulation & Energy Balance,regulation of appetite,GO:0032098,Control of food intake,regulation of feeding behavior,GO:0060259,Satiety maintenance (ileal brake mechanism),meristem maintenance,GO:0010073,,,,,,,,,,,,,,Distal gut hormone feedback to delay gastric emptying: Vagal signaling slows motility,Organ system,Intestine,intestine,UBERON:0000160,Enteroendocrine L-cells,type L enteroendocrine cell,CL:0002279,ACh,decreases,Induction of X,gastric emptying,,,Paracrine / Intra-organ,Organ (intra-organ),Hours,Plasma GLP-1,,, PYY,Peptide YY [Mass/volume] in Serum or Plasma,49858-4,,,,,,,Vagus-brainstem-gut feedback,,,,,,,,,,,,Yamada’s Textbook of Gastroenterology ,ISBN 9781119600206,24,,,,,,,,,
Digestive system,digestive system process,GO:0022602,Appetite Regulation & Energy Balance,regulation of appetite,GO:0032098,Control of food intake,regulation of feeding behavior,GO:0060259,Satiety maintenance (ileal brake mechanism),meristem maintenance,GO:0010073,,,,,,,,,,,,,,Distal gut hormone feedback to delay gastric emptying: Maintains fullness post-meal,Organ system,GI,digestive system,UBERON:0001007,Enteroendocrine L-cells,type L enteroendocrine cell,CL:0002279,,does,X maintenance,Maintains fullness,,,,Systemic,Hours,Plasma GLP-1,,, PYY,Peptide YY [Mass/volume] in Serum or Plasma,49858-4,,,,,,,Vagus-brainstem-gut feedback,,,,,,,,,,,,Yamada’s Textbook of Gastroenterology ,ISBN 9781119600206,24,,,,,,,,,
Digestive system,digestive system process,GO:0022602,Appetite Regulation & Energy Balance,regulation of appetite,GO:0032098,Control of food intake,regulation of feeding behavior,GO:0060259,Reward and hedonic feeding,feeding behavior,GO:0007631,,,,,,,,,,,,,,Limbic and cortical modulation of food seeking: Dopamine/serotonin pathways in limbic system,Organ system,GI,digestive system,UBERON:0001007,Neurons (dopaminergic),dopaminergic neuron,CL:0000700,Dopamine/Serotonin,increases,Induction of X,food intake,,,Paracrine / Circulatory,Systemic,minutes-hours,Functional MRI, (LOINC fMRI codes are brain-imaging only; not applicable to gut-brain-axis context),, dopamine assays,DOPamine [Mass/volume] in Serum or Plasma,2216-0,,,,,,,Hypothalamus-limbic crosstalk,,,,,,,,,,,,Yamada’s Textbook of Gastroenterology ,ISBN 9781119600206,24,,,,,,,,,
Digestive system,digestive system process,GO:0022602,Appetite Regulation & Energy Balance,regulation of appetite,GO:0032098,Control of food intake,regulation of feeding behavior,GO:0060259,Reward and hedonic feeding,feeding behavior,GO:0007631,,,,,,,,,,,,,,Limbic and cortical modulation of food seeking: Override homeostatic inhibition,Organ system,GI,digestive system,UBERON:0001007,Neurons (dopaminergic),dopaminergic neuron,CL:0000700,,does,Induction of X,hedonic feeding override,,,,Systemic,minutes-hours,Functional MRI, (LOINC fMRI codes are brain-imaging only; not applicable to gut-brain-axis context),, dopamine assays,DOPamine [Mass/volume] in Serum or Plasma,2216-0,,,,,,,Hypothalamus-limbic crosstalk,,,,,,,,,,,,Yamada’s Textbook of Gastroenterology ,ISBN 9781119600206,24,,,,,,,,,
Digestive system,digestive system process,GO:0022602,Appetite Regulation & Energy Balance,regulation of appetite,GO:0032098,Control of food intake,regulation of feeding behavior,GO:0060259,Reward and hedonic feeding,feeding behavior,GO:0007631,,,,,,,,,,,,,,Limbic and cortical modulation of food seeking: Reinforce palatable food intake,Organ system,GI,digestive system,UBERON:0001007,Neurons (dopaminergic),dopaminergic neuron,CL:0000700,,does,X reinforcement of Y,food intake,dopamine,,,Systemic,minutes-hours,Functional MRI, (LOINC fMRI codes are brain-imaging only; not applicable to gut-brain-axis context),, dopamine assays,DOPamine [Mass/volume] in Serum or Plasma,2216-0,,,,,,,Hypothalamus-limbic crosstalk,,,,,,,,,,,,Yamada’s Textbook of Gastroenterology ,ISBN 9781119600206,24,,,,,,,,,
Digestive system,digestive system process,GO:0022602,Xenobiotic Metabolism & Excretion,xenobiotic metabolic process,GO:0006805,Xenobiotic metabolism,xenobiotic metabolic process,GO:0006805,,,,,,,,,,,,,,,,,Phase I oxidation/reduction (CYP enzymes): Substrate binding to CYP heme,Organ,Liver,liver,UBERON:0002107,Hepatocyte,hepatocyte,CL:0000182,,does,X binding,CYP substrate,,,,Organ (intra-organ),Minutes-hours,Plasma drug clearance,,, metabolite ratio,,,,,,,,,CYP-POR-cytochrome b5 coupling,"oxidoreductase activity, acting on NAD(P)H, heme protein as acceptor",GO:0016653,,,,,,,,,,Yamada’s Textbook of Gastroenterology ,ISBN 9781119600206,28,,,,,,,,,
Digestive system,digestive system process,GO:0022602,Xenobiotic Metabolism & Excretion,xenobiotic metabolic process,GO:0006805,Xenobiotic metabolism,xenobiotic metabolic process,GO:0006805,,,,,,,,,,,,,,,,,Phase I oxidation/reduction (CYP enzymes): Electron transfer via NADPH-POR → CYP,Organ,Liver,liver,UBERON:0002107,Hepatocyte,hepatocyte,CL:0000182,,does,X activation,electron-transfer cytochrome,,,,Organ (intra-organ),Minutes-hours,Plasma drug clearance,,, metabolite ratio,,,,,,,,,CYP-POR-cytochrome b5 coupling,"oxidoreductase activity, acting on NAD(P)H, heme protein as acceptor",GO:0016653,,,,,,,,,,Yamada’s Textbook of Gastroenterology ,ISBN 9781119600206,28,,,,,,,,,
Digestive system,digestive system process,GO:0022602,Xenobiotic Metabolism & Excretion,xenobiotic metabolic process,GO:0006805,Xenobiotic metabolism,xenobiotic metabolic process,GO:0006805,,,,,,,,,,,,,,,,,Phase I oxidation/reduction (CYP enzymes): Oxygen insertion → hydroxylated metabolite,Organ,Liver,liver,UBERON:0002107,Hepatocyte,hepatocyte,CL:0000182,,does,X formation,oxidative metabolite,,,,Organ (intra-organ),Minutes-hours,Plasma drug clearance,,, metabolite ratio,,,,,,,,,CYP-POR-cytochrome b5 coupling,"oxidoreductase activity, acting on NAD(P)H, heme protein as acceptor",GO:0016653,,,,,,,,,,Yamada’s Textbook of Gastroenterology ,ISBN 9781119600206,28,,,,,,,,,
Digestive system,digestive system process,GO:0022602,Xenobiotic Metabolism & Excretion,xenobiotic metabolic process,GO:0006805,Drug biotransformation,xenobiotic transport,GO:0042908,,,,,,,,,,,,,,,,,"Phase II conjugation (UGT, GST, SULT, NAT, TPMT): Reactive group formation in Phase I",Organ,Liver,liver,UBERON:0002107,Hepatocyte,hepatocyte,CL:0000182,,does,Induction of X,xenobiotic functionalization,,,,Organ (intra-organ),Hours,Conjugate/metabolite assays,,,,,,,,,,,,"PXR, CAR, AhR induction",xenobiotic metabolic process,GO:0006805,,,,,,,,,,Yamada’s Textbook of Gastroenterology ,ISBN 9781119600206,28,,,,,,,,,
Digestive system,digestive system process,GO:0022602,Xenobiotic Metabolism & Excretion,xenobiotic metabolic process,GO:0006805,Drug biotransformation,xenobiotic transport,GO:0042908,,,,,,,,,,,,,,,,,"Phase II conjugation (UGT, GST, SULT, NAT, TPMT): Conjugation (glucuronidation, sulfation, GSH, acetylation, methylation)",Organ,Liver,liver,UBERON:0002107,Hepatocyte,hepatocyte,CL:0000182,,does,Induction of X,xenobiotic conjugation,,,,Organ (intra-organ),Hours,Conjugate/metabolite assays,,,,,,,,,,,,"PXR, CAR, AhR induction",xenobiotic metabolic process,GO:0006805,,,,,,,,,,Yamada’s Textbook of Gastroenterology ,ISBN 9781119600206,28,,,,,,,,,
Digestive system,digestive system process,GO:0022602,Xenobiotic Metabolism & Excretion,xenobiotic metabolic process,GO:0006805,Drug biotransformation,xenobiotic transport,GO:0042908,,,,,,,,,,,,,,,,,"Phase II conjugation (UGT, GST, SULT, NAT, TPMT): Enhanced hydrophilicity → biliary/urinary excretion",Organ system,Liver,liver,UBERON:0002107,Hepatocyte,hepatocyte,CL:0000182, hydrophilicity,increases,X excretion to Y,xenobiotic,bile/urine,,Intra-organ,Organ (intra-organ),Hours,Conjugate/metabolite assays,,,,,,,,,,,,"PXR, CAR, AhR induction",xenobiotic metabolic process,GO:0006805,,,,,,,,,,Yamada’s Textbook of Gastroenterology ,ISBN 9781119600206,28,,,,,,,,,
Digestive system,digestive system process,GO:0022602,Xenobiotic Metabolism & Excretion,xenobiotic metabolic process,GO:0006805,Cytochrome P450 regulation,monooxygenase activity,GO:0004497,,,,,,,,,,,,,,,,,Induction and inhibition by xenobiotics: Transcription via PXR/CAR/AhR activation,Organ,Liver,liver,UBERON:0002107,Hepatocytes,liver dendritic cell,CL:2000055,,does,X activation,xenobiotic receptor,,,,Organ (intra-organ),Hours-days,Drug-drug interaction index,,,,,,,,,,,,PXR-RXR-CYP3A4 pathway,xenobiotic metabolic process,GO:0006805,,,,,,,,,,Yamada’s Textbook of Gastroenterology ,ISBN 9781119600206,28,,,,,,,,,
Digestive system,digestive system process,GO:0022602,Xenobiotic Metabolism & Excretion,xenobiotic metabolic process,GO:0006805,Cytochrome P450 regulation,monooxygenase activity,GO:0004497,,,,,,,,,,,,,,,,,"Induction and inhibition by xenobiotics: Enzyme synthesis or inhibition by drugs (e.g., rifampicin, ketoconazole)",Organ,Liver,liver,UBERON:0002107,Hepatocytes,liver dendritic cell,CL:2000055,,does,Induction of X,xenobiotic enzyme modulation,,,,Organ (intra-organ),Hours-days,Drug-drug interaction index,,,,,,,,,,,,PXR-RXR-CYP3A4 pathway,xenobiotic metabolic process,GO:0006805,,,,,,,,,,Yamada’s Textbook of Gastroenterology ,ISBN 9781119600206,28,,,,,,,,,
Digestive system,digestive system process,GO:0022602,Xenobiotic Metabolism & Excretion,xenobiotic metabolic process,GO:0006805,Cytochrome P450 regulation,monooxygenase activity,GO:0004497,,,,,,,,,,,,,,,,,Induction and inhibition by xenobiotics: Feedback to drug metabolism rate,Organ,Liver,liver,UBERON:0002107,Hepatocytes,liver dendritic cell,CL:2000055,,does,X regulation,xenobiotic metabolism feedback,,,,Organ (intra-organ),Hours-days,Drug-drug interaction index,,,,,,,,,,,,PXR-RXR-CYP3A4 pathway,xenobiotic metabolic process,GO:0006805,,,,,,,,,,Yamada’s Textbook of Gastroenterology ,ISBN 9781119600206,28,,,,,,,,,
Digestive system,digestive system process,GO:0022602,Xenobiotic Metabolism & Excretion,xenobiotic metabolic process,GO:0006805,Electron transfer in CYP activity,electron transfer activity,GO:0009055,,,,,,,,,,,,,,,,,Function of cytochrome P450 reductase (POR): Electron from NADPH → FAD → FMN → CYP heme,Organ,Liver,liver,UBERON:0002107,Microsomal enzymes,digestive enzyme secreting cell,CL:0000470,,does,Induction of X,POR electron transfer,,,,Organ (intra-organ),Seconds,NADPH oxidation rate,,,,,,,,,,,,CYP-POR complex dynamics,NADPH-hemoprotein reductase activity,GO:0003958,,,,,,,,,,Yamada’s Textbook of Gastroenterology ,ISBN 9781119600206,28,,,,,,,,,
Digestive system,digestive system process,GO:0022602,Xenobiotic Metabolism & Excretion,xenobiotic metabolic process,GO:0006805,Electron transfer in CYP activity,electron transfer activity,GO:0009055,,,,,,,,,,,,,,,,,Function of cytochrome P450 reductase (POR): Oxygen activation → substrate hydroxylation,Organ,Liver,liver,UBERON:0002107,Microsomal enzymes,digestive enzyme secreting cell,CL:0000470,,does,Induction of X,POR substrate hydroxylation,,,,Organ (intra-organ),Seconds,NADPH oxidation rate,,,,,,,,,,,,CYP-POR complex dynamics,NADPH-hemoprotein reductase activity,GO:0003958,,,,,,,,,,Yamada’s Textbook of Gastroenterology ,ISBN 9781119600206,28,,,,,,,,,
Digestive system,digestive system process,GO:0022602,Xenobiotic Metabolism & Excretion,xenobiotic metabolic process,GO:0006805,Electron transfer in CYP activity,electron transfer activity,GO:0009055,,,,,,,,,,,,,,,,,"Function of cytochrome P450 reductase (POR): Product release, regeneration",Organ,Liver,liver,UBERON:0002107,Microsomal enzymes,digestive enzyme secreting cell,CL:0000470,,does,X regeneration,PORcatalytic,,,,Organ (intra-organ),Seconds,NADPH oxidation rate,,,,,,,,,,,,CYP-POR complex dynamics,NADPH-hemoprotein reductase activity,GO:0003958,,,,,,,,,,Yamada’s Textbook of Gastroenterology ,ISBN 9781119600206,28,,,,,,,,,
Digestive system,digestive system process,GO:0022602,Xenobiotic Metabolism & Excretion,xenobiotic metabolic process,GO:0006805,Drug oxidation families,xenobiotic transport,GO:0042908,,,,,,,,,,,,,,,,,"CYP1, CYP2, CYP3, FMO systems: CYP1A1/2 - aromatic hydrocarbons",Organ system,Liver,liver,UBERON:0002107,Hepatocyte,hepatocyte,CL:0000182,,does,Induction of X,aromatic hydrocarbon oxidation,,,,Organ (circulatory),Hours,Genotype-phenotype mapping," (category; per-gene codes exist, e.g. CYP2D6 79715-9, TPMT 79713-4, NUDT15 93195-6)",,,,,,,,,,,CYP-drug-cofactor interaction,monooxygenase activity,GO:0004497,,,,,,,,,,Yamada’s Textbook of Gastroenterology ,ISBN 9781119600206,28,,,,,,,,,
Digestive system,digestive system process,GO:0022602,Xenobiotic Metabolism & Excretion,xenobiotic metabolic process,GO:0006805,Drug oxidation families,xenobiotic transport,GO:0042908,,,,,,,,,,,,,,,,,"CYP1, CYP2, CYP3, FMO systems: CYP2C9/19 - weak acids, PPIs",Organ system,Liver,liver,UBERON:0002107,Hepatocyte,hepatocyte,CL:0000182,,does,Induction of X,"weaking acids, PPIs",,,,Organ (circulatory),Hours,Genotype-phenotype mapping," (category; per-gene codes exist, e.g. CYP2D6 79715-9, TPMT 79713-4, NUDT15 93195-6)",,,,,,,,,,,CYP-drug-cofactor interaction,monooxygenase activity,GO:0004497,,,,,,,,,,Yamada’s Textbook of Gastroenterology ,ISBN 9781119600206,28,,,,,,,,,
Digestive system,digestive system process,GO:0022602,Xenobiotic Metabolism & Excretion,xenobiotic metabolic process,GO:0006805,Drug oxidation families,xenobiotic transport,GO:0042908,,,,,,,,,,,,,,,,,"CYP1, CYP2, CYP3, FMO systems: CYP3A4/5 - 30% of all drugs",Organ system,Liver,liver,UBERON:0002107,Hepatocyte,hepatocyte,CL:0000182,,does,Induction of X,xenobiotic metabolism,,,,Organ (circulatory),Hours,Genotype-phenotype mapping," (category; per-gene codes exist, e.g. CYP2D6 79715-9, TPMT 79713-4, NUDT15 93195-6)",,,,,,,,,,,CYP-drug-cofactor interaction,monooxygenase activity,GO:0004497,,,,,,,,,,Yamada’s Textbook of Gastroenterology ,ISBN 9781119600206,28,,,,,,,,,
Digestive system,digestive system process,GO:0022602,Xenobiotic Metabolism & Excretion,xenobiotic metabolic process,GO:0006805,Phase II detoxification,detoxification,GO:0098754,,,,,,,,,,,,,,,,,"Glucuronidation via UGTs: UGT1/2 families conjugate bilirubin, drugs",Organ,Liver,liver,UBERON:0002107,ER lumen enzymes,liver dendritic cell,CL:2000055,,does,Induction of X,bilirubin and drug conjugation,,,,Organ (intra-organ),Hours,Bilirubin,Bilirubin.total [Mass/volume] in Serum or Plasma,1975-2, SN-38 glucuronide,,,,,,,,,PXR/CAR induction,xenobiotic metabolic process,GO:0006805,,,,,,,,,,Yamada’s Textbook of Gastroenterology ,ISBN 9781119600206,28,,,,,,,,,
Digestive system,digestive system process,GO:0022602,Xenobiotic Metabolism & Excretion,xenobiotic metabolic process,GO:0006805,Phase II detoxification,detoxification,GO:0098754,,,,,,,,,,,,,,,,,Glucuronidation via UGTs: Excretion via bile/stool,Organ,Liver,liver,UBERON:0002107,ER lumen enzymes,liver dendritic cell,CL:2000055,,does,X release to Y,glucuronide, bile/stool,,,Organ (intra-organ),Hours,Bilirubin,Bilirubin.total [Mass/volume] in Serum or Plasma,1975-2, SN-38 glucuronide,,,,,,,,,PXR/CAR induction,xenobiotic metabolic process,GO:0006805,,,,,,,,,,Yamada’s Textbook of Gastroenterology ,ISBN 9781119600206,28,,,,,,,,,
Digestive system,digestive system process,GO:0022602,Xenobiotic Metabolism & Excretion,xenobiotic metabolic process,GO:0006805,Phase II detoxification,detoxification,GO:0098754,,,,,,,,,,,,,,,,,Glucuronidation via UGTs: Protection against reactive intermediates,Organ,Liver,liver,UBERON:0002107,ER lumen enzymes,liver dendritic cell,CL:2000055,,does,Induction of X,drug reactive intermediate detoxification,,,,Organ (intra-organ),Hours,Bilirubin,Bilirubin.total [Mass/volume] in Serum or Plasma,1975-2, SN-38 glucuronide,,,,,,,,,PXR/CAR induction,xenobiotic metabolic process,GO:0006805,,,,,,,,,,Yamada’s Textbook of Gastroenterology ,ISBN 9781119600206,28,,,,,,,,,
Digestive system,digestive system process,GO:0022602,Xenobiotic Metabolism & Excretion,xenobiotic metabolic process,GO:0006805,Antioxidant defense,antioxidant activity,GO:0016209,,,,,,,,,,,,,,,,,"Glutathione-S-transferase detoxification: GST conjugates electrophilic metabolites (NAPQI, busulfan)",Organ system,Liver,liver,UBERON:0002107,Hepatocyte,digestive enzyme secreting cell,CL:0000470,,does,Induction of X,electrophile conjugation,,,,Organ (circulatory),Hours,GSH/GSSG ratio,Glutathione.reduced/glutathione.oxidized [Molar ratio] in Blood,53642-5, ALT/AST,Alanine aminotransferase / Aspartate aminotransferase [Enzymatic activity/volume] in Serum or Plasma,1742-6 / 1920-8,,,,,,,GSH depletion (acetaminophen toxicity),glutathione metabolic process,GO:0006749,,,,,,,,,,Yamada’s Textbook of Gastroenterology ,ISBN 9781119600206,28,,,,,,,,,
Digestive system,digestive system process,GO:0022602,Xenobiotic Metabolism & Excretion,xenobiotic metabolic process,GO:0006805,Antioxidant defense,antioxidant activity,GO:0016209,,,,,,,,,,,,,,,,,Glutathione-S-transferase detoxification: Prevents oxidative injury,Organ system,Liver,liver,UBERON:0002107,Hepatocyte,digestive enzyme secreting cell,CL:0000470,,does,Induction of X,oxidative intermediate protection,,,,Organ (circulatory),Hours,GSH/GSSG ratio,Glutathione.reduced/glutathione.oxidized [Molar ratio] in Blood,53642-5, ALT/AST,Alanine aminotransferase / Aspartate aminotransferase [Enzymatic activity/volume] in Serum or Plasma,1742-6 / 1920-8,,,,,,,GSH depletion (acetaminophen toxicity),glutathione metabolic process,GO:0006749,,,,,,,,,,Yamada’s Textbook of Gastroenterology ,ISBN 9781119600206,28,,,,,,,,,
Digestive system,digestive system process,GO:0022602,Xenobiotic Metabolism & Excretion,xenobiotic metabolic process,GO:0006805,Antioxidant defense,antioxidant activity,GO:0016209,,,,,,,,,,,,,,,,,Glutathione-S-transferase detoxification: GSH recycling via NADPH,Organ system,Liver,liver,UBERON:0002107,Hepatocyte,digestive enzyme secreting cell,CL:0000470,,does,X conversion toY,glutathione,NADPH,,,Organ (circulatory),Hours,GSH/GSSG ratio,Glutathione.reduced/glutathione.oxidized [Molar ratio] in Blood,53642-5, ALT/AST,Alanine aminotransferase / Aspartate aminotransferase [Enzymatic activity/volume] in Serum or Plasma,1742-6 / 1920-8,,,,,,,GSH depletion (acetaminophen toxicity),glutathione metabolic process,GO:0006749,,,,,,,,,,Yamada’s Textbook of Gastroenterology ,ISBN 9781119600206,28,,,,,,,,,
Digestive system,digestive system process,GO:0022602,Xenobiotic Metabolism & Excretion,xenobiotic metabolic process,GO:0006805,Sulfonation and acetylation,alginic acid acetylation,GO:0051979,,,,,,,,,,,,,,,,,Sulfotransferase (SULT) and NAT activity: SULT transfers sulfate from PAPS to increase the water solubility of the drug and promote excretion,Organ,Liver,liver,UBERON:0002107,Hepatocyte,digestive enzyme secreting cell,CL:0000470,Sulfotransferase (SULT) activity,increases,X binding to Y,PAPS,drug,,Intra-organ,Organ (intra-organ),Hours-days,NAT phenotype test,,, PAPS turnover,,,,,,,,,CYP/SULT cross-induction,xenobiotic metabolic process,GO:0006805,,,,,,,,,,Yamada’s Textbook of Gastroenterology ,ISBN 9781119600206,28,,,,,,,,,
Digestive system,digestive system process,GO:0022602,Xenobiotic Metabolism & Excretion,xenobiotic metabolic process,GO:0006805,Sulfonation and acetylation,alginic acid acetylation,GO:0051979,,,,,,,,,,,,,,,,,"Sulfotransferase (SULT) and NAT activity: NAT1/2 acetylate xenobiotics (isoniazid, sulfa drugs)",Organ,Liver,liver,UBERON:0002107,Hepatocyte,digestive enzyme secreting cell,CL:0000470,,does,Induction of X, xenobiotic acetylation,,,,Organ (intra-organ),Hours-days,NAT phenotype test,,, PAPS turnover,,,,,,,,,CYP/SULT cross-induction,xenobiotic metabolic process,GO:0006805,,,,,,,,,,Yamada’s Textbook of Gastroenterology ,ISBN 9781119600206,28,,,,,,,,,
Digestive system,digestive system process,GO:0022602,Xenobiotic Metabolism & Excretion,xenobiotic metabolic process,GO:0006805,Sulfonation and acetylation,alginic acid acetylation,GO:0051979,,,,,,,,,,,,,,,,,"Sulfotransferase (SULT) and NAT activity: Inactivation, excretion",Organ,Liver,liver,UBERON:0002107,Hepatocyte,digestive enzyme secreting cell,CL:0000470,,does,Induction of X,sulfate-acetyl metabolite inactivation,,,,Organ (intra-organ),Hours-days,NAT phenotype test,,, PAPS turnover,,,,,,,,,CYP/SULT cross-induction,xenobiotic metabolic process,GO:0006805,,,,,,,,,,Yamada’s Textbook of Gastroenterology ,ISBN 9781119600206,28,,,,,,,,,
Digestive system,digestive system process,GO:0022602,Xenobiotic Metabolism & Excretion,xenobiotic metabolic process,GO:0006805,Thiopurine detoxification,detoxification,GO:0098754,,,,,,,,,,,,,,,,,TPMT and NUDT15 activity: TPMT methylates thiopurines → inactive form,Tissue,Liver,liver,UBERON:0002107,Lymphocytes,digestive enzyme secreting cell,CL:0000470,,does,Induction of X,TPMT thiopurine methylation,,,,Segmental (intra-organ),Days,TPMT/NUDT15 genotype,TPMT gene and NUDT15 gene targeted mutation analysis in Blood or Tissue by Molecular genetics method,93193-1,,,,,,,,,,TPMT-NUDT15 coordination,,,,,,,,,,,,Yamada’s Textbook of Gastroenterology ,ISBN 9781119600206,28,,,,,,,,,
Digestive system,digestive system process,GO:0022602,Xenobiotic Metabolism & Excretion,xenobiotic metabolic process,GO:0006805,Thiopurine detoxification,detoxification,GO:0098754,,,,,,,,,,,,,,,,,TPMT and NUDT15 activity: NUDT15 hydrolyzes active metabolites,Tissue,Liver,liver,UBERON:0002107,Lymphocytes,digestive enzyme secreting cell,CL:0000470,NUDT15,increases,Induction of X, metabolites hydrolysis,,,Intra-organ,Segmental (intra-organ),Days,TPMT/NUDT15 genotype,TPMT gene and NUDT15 gene targeted mutation analysis in Blood or Tissue by Molecular genetics method,93193-1,,,,,,,,,,TPMT-NUDT15 coordination,,,,,,,,,,,,Yamada’s Textbook of Gastroenterology ,ISBN 9781119600206,28,,,,,,,,,
Digestive system,digestive system process,GO:0022602,Xenobiotic Metabolism & Excretion,xenobiotic metabolic process,GO:0006805,Thiopurine detoxification,detoxification,GO:0098754,,,,,,,,,,,,,,,,,TPMT and NUDT15 activity: Regulates cytotoxic balance,Tissue,Liver,liver,UBERON:0002107,Lymphocytes,digestive enzyme secreting cell,CL:0000470,,does,regulation of X,thiopurine cytotoxic balance,,,,Segmental (intra-organ),Days,TPMT/NUDT15 genotype,TPMT gene and NUDT15 gene targeted mutation analysis in Blood or Tissue by Molecular genetics method,93193-1,,,,,,,,,,TPMT-NUDT15 coordination,,,,,,,,,,,,Yamada’s Textbook of Gastroenterology ,ISBN 9781119600206,28,,,,,,,,,
Digestive system,digestive system process,GO:0022602,Xenobiotic Metabolism & Excretion,xenobiotic metabolic process,GO:0006805,Drug transport and disposition,xenobiotic transport,GO:0042908,,,,,,,,,,,,,,,,,"Uptake and efflux transporters (OATP, P-gp, MRP, BCRP, PEPT, CNT, ENT): Uptake (OATP1B1, OATP2B1, PEPT1) → cell entry",Tissue,Liver,liver,UBERON:0002107,Apical & basolateral membranes,mesenchymal stem cell of apical papilla,CL:4040005,OATP/PEPT activity,increases,X transport to Y,xenobiotic,cell,,Intra-organ,Cellular,Minutes-hours,Plasma AUC,,, fecal/biliary drug,,,,,,,,,OATP-P-gp interplay,xenobiotic transport,GO:0042908,,,,,,,,,,Yamada’s Textbook of Gastroenterology ,ISBN 9781119600206,28,,,,,,,,,
Digestive system,digestive system process,GO:0022602,Xenobiotic Metabolism & Excretion,xenobiotic metabolic process,GO:0006805,Drug transport and disposition,xenobiotic transport,GO:0042908,,,,,,,,,,,,,,,,,"Uptake and efflux transporters (OATP, P-gp, MRP, BCRP, PEPT, CNT, ENT): Efflux (P-gp, MRP2, BCRP) → excretion",Tissue,Liver,liver,UBERON:0002107,Apical & basolateral membranes,mesenchymal stem cell of apical papilla,CL:4040005,P-gp/MRP2/BCRP activity,increases,X release to Y,xenobiotic,bile,,Intra-organ,Cellular,Minutes-hours,Plasma AUC,,, fecal/biliary drug,,,,,,,,,OATP-P-gp interplay,xenobiotic transport,GO:0042908,,,,,,,,,,Yamada’s Textbook of Gastroenterology ,ISBN 9781119600206,28,,,,,,,,,
Digestive system,digestive system process,GO:0022602,Xenobiotic Metabolism & Excretion,xenobiotic metabolic process,GO:0006805,Drug transport and disposition,xenobiotic transport,GO:0042908,,,,,,,,,,,,,,,,,"Uptake and efflux transporters (OATP, P-gp, MRP, BCRP, PEPT, CNT, ENT): Net flux determines bioavailability",Tissue,Liver,liver,UBERON:0002107,Apical & basolateral membranes,mesenchymal stem cell of apical papilla,CL:4040005,,does,X regulation of Y,Net flux ,xenobiotic bioavailability,,,Cellular,Minutes-hours,Plasma AUC,,, fecal/biliary drug,,,,,,,,,OATP-P-gp interplay,xenobiotic transport,GO:0042908,,,,,,,,,,Yamada’s Textbook of Gastroenterology ,ISBN 9781119600206,28,,,,,,,,,
Digestive system,digestive system process,GO:0022602,Xenobiotic Metabolism & Excretion,xenobiotic metabolic process,GO:0006805,Pharmacogenomics,,,,,,,,,,,,,,,,,,,"Genetic polymorphisms altering enzyme/transporter activity: SNPs, CNVs, promoter variants → altered expression",Organ system,Liver; Small intestine,liver,UBERON:0002107,Hepatocyte;Enterocyte,hepatocyte,CL:0000182,Genetic variants,does,regulation of X,drug expression,,,Systemic,Systemic,Days-weeks,"Genotyping (CYP2D6,  UGT1A1)",UGT1A1 gene full mutation analysis in Blood or Tissue by Sequencing,93844-9, TPMT,TPMT activity in RBC by production of 6-MMP,91141-2,,,,,,,Kidney,,,Gene-drug-environment interactions,,,,,,,,,Yamada’s Textbook of Gastroenterology ,ISBN 9781119600206,28,,,,,,,,,